[debug] [2026-05-17T13:14:06.352Z] ----------------------------------------------------------------------
[debug] [2026-05-17T13:14:06.355Z] Command:       /opt/homebrew/Cellar/node/25.9.0_2/bin/node /opt/homebrew/bin/firebase deploy --only functions
[debug] [2026-05-17T13:14:06.355Z] CLI Version:   15.15.0
[debug] [2026-05-17T13:14:06.355Z] Platform:      darwin
[debug] [2026-05-17T13:14:06.355Z] Node Version:  v25.9.0
[debug] [2026-05-17T13:14:06.355Z] Time:          Sun May 17 2026 16:14:06 GMT+0300 (Israel Daylight Time)
[debug] [2026-05-17T13:14:06.355Z] ----------------------------------------------------------------------
[debug] 
[debug] [2026-05-17T13:14:06.356Z] >>> [apiv2][query] GET https://firebase-public.firebaseio.com/cli.json [none]
[debug] [2026-05-17T13:14:07.300Z] > command requires scopes: ["email","openid","https://www.googleapis.com/auth/cloudplatformprojects.readonly","https://www.googleapis.com/auth/firebase","https://www.googleapis.com/auth/cloud-platform"]
[debug] [2026-05-17T13:14:07.301Z] > authorizing via signed-in user (my.hire.hub@gmail.com)
[debug] [2026-05-17T13:14:07.301Z] [iam] checking project hire-hub-fe6c4 for permissions ["cloudfunctions.functions.create","cloudfunctions.functions.delete","cloudfunctions.functions.get","cloudfunctions.functions.list","cloudfunctions.functions.update","cloudfunctions.operations.get","firebase.projects.get"]
[debug] [2026-05-17T13:14:07.302Z] Checked if tokens are valid: false, expires at: 1778606996546
[debug] [2026-05-17T13:14:07.302Z] Checked if tokens are valid: false, expires at: 1778606996546
[debug] [2026-05-17T13:14:07.302Z] > refreshing access token with scopes: []
[debug] [2026-05-17T13:14:07.303Z] >>> [apiv2][query] POST https://www.googleapis.com/oauth2/v3/token [none]
[debug] [2026-05-17T13:14:07.303Z] >>> [apiv2][body] POST https://www.googleapis.com/oauth2/v3/token [omitted]
[debug] [2026-05-17T13:14:07.537Z] <<< [apiv2][status] POST https://www.googleapis.com/oauth2/v3/token 200
[debug] [2026-05-17T13:14:07.538Z] <<< [apiv2][body] POST https://www.googleapis.com/oauth2/v3/token [omitted]
[debug] [2026-05-17T13:14:07.550Z] >>> [apiv2][query] POST https://cloudresourcemanager.googleapis.com/v1/projects/hire-hub-fe6c4:testIamPermissions [none]
[debug] [2026-05-17T13:14:07.550Z] >>> [apiv2][(partial)header] POST https://cloudresourcemanager.googleapis.com/v1/projects/hire-hub-fe6c4:testIamPermissions  x-goog-user-project=hire-hub-fe6c4
[debug] [2026-05-17T13:14:07.550Z] >>> [apiv2][body] POST https://cloudresourcemanager.googleapis.com/v1/projects/hire-hub-fe6c4:testIamPermissions {"permissions":["cloudfunctions.functions.create","cloudfunctions.functions.delete","cloudfunctions.functions.get","cloudfunctions.functions.list","cloudfunctions.functions.update","cloudfunctions.operations.get","firebase.projects.get"]}
[debug] [2026-05-17T13:14:07.674Z] <<< [apiv2][status] GET https://firebase-public.firebaseio.com/cli.json 200
[debug] [2026-05-17T13:14:07.674Z] <<< [apiv2][body] GET https://firebase-public.firebaseio.com/cli.json {"cloudBuildErrorAfter":1594252800000,"cloudBuildWarnAfter":1590019200000,"defaultNode10After":1594252800000,"minVersion":"3.0.5","node8DeploysDisabledAfter":1613390400000,"node8RuntimeDisabledAfter":1615809600000,"node8WarnAfter":1600128000000}
[debug] [2026-05-17T13:14:07.982Z] <<< [apiv2][status] POST https://cloudresourcemanager.googleapis.com/v1/projects/hire-hub-fe6c4:testIamPermissions 200
[debug] [2026-05-17T13:14:07.982Z] <<< [apiv2][body] POST https://cloudresourcemanager.googleapis.com/v1/projects/hire-hub-fe6c4:testIamPermissions {"permissions":["cloudfunctions.functions.create","cloudfunctions.functions.delete","cloudfunctions.functions.get","cloudfunctions.functions.list","cloudfunctions.functions.update","cloudfunctions.operations.get","firebase.projects.get"]}
[debug] [2026-05-17T13:14:07.983Z] Checked if tokens are valid: true, expires at: 1779027246538
[debug] [2026-05-17T13:14:07.983Z] Checked if tokens are valid: true, expires at: 1779027246538
[debug] [2026-05-17T13:14:07.984Z] >>> [apiv2][query] POST https://iam.googleapis.com/v1/projects/hire-hub-fe6c4/serviceAccounts/hire-hub-fe6c4@appspot.gserviceaccount.com:testIamPermissions [none]
[debug] [2026-05-17T13:14:07.984Z] >>> [apiv2][body] POST https://iam.googleapis.com/v1/projects/hire-hub-fe6c4/serviceAccounts/hire-hub-fe6c4@appspot.gserviceaccount.com:testIamPermissions {"permissions":["iam.serviceAccounts.actAs"]}
[debug] [2026-05-17T13:14:08.978Z] <<< [apiv2][status] POST https://iam.googleapis.com/v1/projects/hire-hub-fe6c4/serviceAccounts/hire-hub-fe6c4@appspot.gserviceaccount.com:testIamPermissions 200
[debug] [2026-05-17T13:14:08.978Z] <<< [apiv2][body] POST https://iam.googleapis.com/v1/projects/hire-hub-fe6c4/serviceAccounts/hire-hub-fe6c4@appspot.gserviceaccount.com:testIamPermissions {"permissions":["iam.serviceAccounts.actAs"]}
[info] 
[info] === Deploying to 'hire-hub-fe6c4'...
[info] 
[info] i  deploying functions 
[debug] [2026-05-17T13:14:08.981Z] Checked if tokens are valid: true, expires at: 1779027246538
[debug] [2026-05-17T13:14:08.981Z] Checked if tokens are valid: true, expires at: 1779027246538
[debug] [2026-05-17T13:14:08.981Z] >>> [apiv2][query] GET https://cloudresourcemanager.googleapis.com/v1/projects/hire-hub-fe6c4 [none]
[debug] [2026-05-17T13:14:09.206Z] <<< [apiv2][status] GET https://cloudresourcemanager.googleapis.com/v1/projects/hire-hub-fe6c4 200
[debug] [2026-05-17T13:14:09.206Z] <<< [apiv2][body] GET https://cloudresourcemanager.googleapis.com/v1/projects/hire-hub-fe6c4 {"projectNumber":"29257648718","projectId":"hire-hub-fe6c4","lifecycleState":"ACTIVE","name":"hire-hub","labels":{"firebase":"enabled","firebase-core":"disabled"},"createTime":"2026-03-06T22:02:21.079174Z"}
[info] i  functions: preparing codebase default for deployment 
[info] i  functions: ensuring required API cloudfunctions.googleapis.com is enabled... 
[info] i  functions: ensuring required API cloudbuild.googleapis.com is enabled... 
[info] i  artifactregistry: ensuring required API artifactregistry.googleapis.com is enabled... 
[debug] [2026-05-17T13:14:09.207Z] Checked if tokens are valid: true, expires at: 1779027246538
[debug] [2026-05-17T13:14:09.207Z] Checked if tokens are valid: true, expires at: 1779027246538
[debug] [2026-05-17T13:14:09.207Z] >>> [apiv2][query] GET https://firebase.googleapis.com/v1beta1/projects/hire-hub-fe6c4/adminSdkConfig [none]
[debug] [2026-05-17T13:14:09.870Z] <<< [apiv2][status] GET https://firebase.googleapis.com/v1beta1/projects/hire-hub-fe6c4/adminSdkConfig 200
[debug] [2026-05-17T13:14:09.870Z] <<< [apiv2][body] GET https://firebase.googleapis.com/v1beta1/projects/hire-hub-fe6c4/adminSdkConfig {"projectId":"hire-hub-fe6c4","databaseURL":"https://hire-hub-fe6c4-default-rtdb.firebaseio.com","storageBucket":"hire-hub-fe6c4.firebasestorage.app"}
[debug] [2026-05-17T13:14:09.871Z] Checked if tokens are valid: true, expires at: 1779027246538
[debug] [2026-05-17T13:14:09.871Z] Checked if tokens are valid: true, expires at: 1779027246538
[debug] [2026-05-17T13:14:09.871Z] >>> [apiv2][query] GET https://runtimeconfig.googleapis.com/v1beta1/projects/hire-hub-fe6c4/configs [none]
[debug] [2026-05-17T13:14:10.392Z] <<< [apiv2][status] GET https://runtimeconfig.googleapis.com/v1beta1/projects/hire-hub-fe6c4/configs 200
[debug] [2026-05-17T13:14:10.392Z] <<< [apiv2][body] GET https://runtimeconfig.googleapis.com/v1beta1/projects/hire-hub-fe6c4/configs {}
[debug] [2026-05-17T13:14:10.395Z] Validating nodejs source
[warn] ⚠  functions: Runtime Node.js 20 was deprecated on 2026-04-30 and will be decommissioned on 2026-10-30, after which you will not be able to deploy without upgrading. Consider upgrading now to avoid disruption. See https://cloud.google.com/functions/docs/runtime-support for full details on the lifecycle policy 
[warn] ⚠  functions: package.json indicates an outdated version of firebase-functions. Please upgrade using npm install --save firebase-functions@latest in your functions directory. 
[warn] ⚠  functions: Please note that there will be breaking changes when you upgrade. 
[debug] [2026-05-17T13:14:10.802Z] > [functions] package.json contents: {
  "name": "hiro-functions",
  "private": true,
  "main": "index.js",
  "engines": {
    "node": "20"
  },
  "dependencies": {
    "firebase-admin": "^12.7.0",
    "firebase-functions": "^6.1.2"
  },
  "devDependencies": {
    "firebase-functions-test": "^3.1.0"
  },
  "scripts": {
    "serve": "firebase emulators:start --only functions",
    "shell": "firebase functions:shell",
    "start": "npm run shell",
    "deploy": "firebase deploy --only functions",
    "logs": "firebase functions:log"
  }
}
[debug] [2026-05-17T13:14:10.802Z] Building nodejs source
[info] i  functions: Loading and analyzing source code for codebase default to determine what to deploy 
[debug] [2026-05-17T13:14:10.803Z] Could not find functions.yaml. Must use http discovery
[debug] [2026-05-17T13:14:10.808Z] Found firebase-functions binary at '/Users/raslan/Developer/hiro_website/functions/node_modules/.bin/firebase-functions'
[info] Serving at port 8498

[debug] [2026-05-17T13:14:11.154Z] Got response from /__/functions.yaml {"endpoints":{"sendNotificationPush":{"availableMemoryMb":null,"timeoutSeconds":null,"minInstances":null,"maxInstances":null,"ingressSettings":null,"concurrency":null,"serviceAccountEmail":null,"vpc":null,"platform":"gcfv2","labels":{},"eventTrigger":{"eventType":"google.cloud.firestore.document.v1.created","eventFilters":{"database":"(default)","namespace":"(default)"},"eventFilterPathPatterns":{"document":"users/{userId}/notifications/{notificationId}"},"retry":false},"entryPoint":"sendNotificationPush"}},"specVersion":"v1alpha1","requiredAPIs":[],"extensions":{}}
[info] i  extensions: ensuring required API firebaseextensions.googleapis.com is enabled... 
[debug] [2026-05-17T13:14:15.176Z] > command requires scopes: ["email","openid","https://www.googleapis.com/auth/cloudplatformprojects.readonly","https://www.googleapis.com/auth/firebase","https://www.googleapis.com/auth/cloud-platform"]
[debug] [2026-05-17T13:14:15.177Z] > authorizing via signed-in user (my.hire.hub@gmail.com)
[debug] [2026-05-17T13:14:15.177Z] [iam] checking project hire-hub-fe6c4 for permissions ["firebase.projects.get","firebaseextensions.instances.list"]
[debug] [2026-05-17T13:14:15.177Z] Checked if tokens are valid: true, expires at: 1779027246538
[debug] [2026-05-17T13:14:15.177Z] Checked if tokens are valid: true, expires at: 1779027246538
[debug] [2026-05-17T13:14:15.177Z] >>> [apiv2][query] POST https://cloudresourcemanager.googleapis.com/v1/projects/hire-hub-fe6c4:testIamPermissions [none]
[debug] [2026-05-17T13:14:15.177Z] >>> [apiv2][(partial)header] POST https://cloudresourcemanager.googleapis.com/v1/projects/hire-hub-fe6c4:testIamPermissions  x-goog-user-project=hire-hub-fe6c4
[debug] [2026-05-17T13:14:15.177Z] >>> [apiv2][body] POST https://cloudresourcemanager.googleapis.com/v1/projects/hire-hub-fe6c4:testIamPermissions {"permissions":["firebase.projects.get","firebaseextensions.instances.list"]}
[debug] [2026-05-17T13:14:15.469Z] <<< [apiv2][status] POST https://cloudresourcemanager.googleapis.com/v1/projects/hire-hub-fe6c4:testIamPermissions 200
[debug] [2026-05-17T13:14:15.469Z] <<< [apiv2][body] POST https://cloudresourcemanager.googleapis.com/v1/projects/hire-hub-fe6c4:testIamPermissions {"permissions":["firebase.projects.get","firebaseextensions.instances.list"]}
[debug] [2026-05-17T13:14:15.469Z] Checked if tokens are valid: true, expires at: 1779027246538
[debug] [2026-05-17T13:14:15.469Z] Checked if tokens are valid: true, expires at: 1779027246538
[debug] [2026-05-17T13:14:15.469Z] >>> [apiv2][query] GET https://firebaseextensions.googleapis.com/v1beta/projects/hire-hub-fe6c4/instances pageSize=100&pageToken=
[debug] [2026-05-17T13:14:16.712Z] <<< [apiv2][status] GET https://firebaseextensions.googleapis.com/v1beta/projects/hire-hub-fe6c4/instances 200
[debug] [2026-05-17T13:14:16.713Z] <<< [apiv2][body] GET https://firebaseextensions.googleapis.com/v1beta/projects/hire-hub-fe6c4/instances {}
[info] i  functions: preparing functions directory for uploading... 
[info] i  functions: packaged /Users/raslan/Developer/hiro_website/functions (68.9 KB) for uploading 
[debug] [2026-05-17T13:14:16.740Z] Checked if tokens are valid: true, expires at: 1779027246538
[debug] [2026-05-17T13:14:16.740Z] Checked if tokens are valid: true, expires at: 1779027246538
[debug] [2026-05-17T13:14:16.740Z] >>> [apiv2][query] GET https://cloudfunctions.googleapis.com/v1/projects/hire-hub-fe6c4/locations/-/functions [none]
[debug] [2026-05-17T13:14:17.667Z] <<< [apiv2][status] GET https://cloudfunctions.googleapis.com/v1/projects/hire-hub-fe6c4/locations/-/functions 200
[debug] [2026-05-17T13:14:17.667Z] <<< [apiv2][body] GET https://cloudfunctions.googleapis.com/v1/projects/hire-hub-fe6c4/locations/-/functions {}
[debug] [2026-05-17T13:14:17.668Z] Checked if tokens are valid: true, expires at: 1779027246538
[debug] [2026-05-17T13:14:17.668Z] Checked if tokens are valid: true, expires at: 1779027246538
[debug] [2026-05-17T13:14:17.668Z] >>> [apiv2][query] GET https://cloudfunctions.googleapis.com/v2/projects/hire-hub-fe6c4/locations/-/functions filter=environment%3D%22GEN_2%22
[debug] [2026-05-17T13:14:19.429Z] <<< [apiv2][status] GET https://cloudfunctions.googleapis.com/v2/projects/hire-hub-fe6c4/locations/-/functions 200
[debug] [2026-05-17T13:14:19.429Z] <<< [apiv2][body] GET https://cloudfunctions.googleapis.com/v2/projects/hire-hub-fe6c4/locations/-/functions {"functions":[{"name":"projects/hire-hub-fe6c4/locations/us-central1/functions/sendNotificationPush","buildConfig":{"build":"projects/29257648718/locations/us-central1/builds/8fa53e00-5141-4985-9b32-59227ef38eb2","runtime":"nodejs20","entryPoint":"sendNotificationPush","source":{"storageSource":{"bucket":"gcf-v2-sources-29257648718-us-central1","object":"sendNotificationPush/function-source.zip","generation":"1777981591118642"}},"environmentVariables":{"GOOGLE_NODE_RUN_SCRIPTS":""},"dockerRepository":"projects/hire-hub-fe6c4/locations/us-central1/repositories/gcf-artifacts","sourceProvenance":{"resolvedStorageSource":{"bucket":"gcf-v2-sources-29257648718-us-central1","object":"sendNotificationPush/function-source.zip","generation":"1777981591118642"}},"dockerRegistry":"ARTIFACT_REGISTRY","serviceAccount":"projects/hire-hub-fe6c4/serviceAccounts/29257648718-compute@developer.gserviceaccount.com","automaticUpdatePolicy":{}},"serviceConfig":{"service":"projects/hire-hub-fe6c4/locations/us-central1/services/sendnotificationpush","timeoutSeconds":60,"environmentVariables":{"FIREBASE_CONFIG":"{\"projectId\":\"hire-hub-fe6c4\",\"databaseURL\":\"https://hire-hub-fe6c4-default-rtdb.firebaseio.com\",\"storageBucket\":\"hire-hub-fe6c4.firebasestorage.app\"}","GCLOUD_PROJECT":"hire-hub-fe6c4","EVENTARC_CLOUD_EVENT_SOURCE":"projects/hire-hub-fe6c4/locations/us-central1/services/sendNotificationPush","FUNCTION_SIGNATURE_TYPE":"cloudevent","FUNCTION_TARGET":"sendNotificationPush","LOG_EXECUTION_ID":"true"},"maxInstanceCount":20,"ingressSettings":"ALLOW_ALL","uri":"https://sendnotificationpush-u7mugrxjga-uc.a.run.app","serviceAccountEmail":"29257648718-compute@developer.gserviceaccount.com","availableMemory":"256Mi","allTrafficOnLatestRevision":true,"revision":"sendnotificationpush-00009-big","maxInstanceRequestConcurrency":80,"availableCpu":"1"},"eventTrigger":{"trigger":"projects/hire-hub-fe6c4/locations/me-west1/triggers/sendnotificationpush-453717","triggerRegion":"me-west1","eventType":"google.cloud.firestore.document.v1.created","eventFilters":[{"attribute":"database","value":"(default)"},{"attribute":"namespace","value":"(default)"},{"attribute":"document","value":"users/{userId}/notifications/{notificationId}","operator":"match-path-pattern"}],"pubsubTopic":"projects/hire-hub-fe6c4/topics/eventarc-me-west1-sendnotificationpush-453717-144","serviceAccountEmail":"29257648718-compute@developer.gserviceaccount.com","retryPolicy":"RETRY_POLICY_DO_NOT_RETRY"},"state":"ACTIVE","updateTime":"2026-05-05T11:47:54.537170827Z","labels":{"deployment-tool":"cli-firebase","firebase-functions-hash":"01cc7996c0599e0a958957f36c5eef69dce06efc"},"environment":"GEN_2","url":"https://us-central1-hire-hub-fe6c4.cloudfunctions.net/sendNotificationPush","createTime":"2026-04-24T17:23:27.175626033Z","satisfiesPzi":true},{"name":"projects/hire-hub-fe6c4/locations/us-central1/functions/handleGooglePlaySubscriptionNotification","buildConfig":{"build":"projects/29257648718/locations/us-central1/builds/8fa53e00-5141-4985-9b32-59227ef38eb2","runtime":"nodejs20","entryPoint":"handleGooglePlaySubscriptionNotification","source":{"storageSource":{"bucket":"gcf-v2-sources-29257648718-us-central1","object":"handleGooglePlaySubscriptionNotification/function-source.zip","generation":"1777981655265720"}},"environmentVariables":{"GOOGLE_NODE_RUN_SCRIPTS":""},"dockerRepository":"projects/hire-hub-fe6c4/locations/us-central1/repositories/gcf-artifacts","sourceProvenance":{"resolvedStorageSource":{"bucket":"gcf-v2-sources-29257648718-us-central1","object":"handleGooglePlaySubscriptionNotification/function-source.zip","generation":"1777981655265720"}},"dockerRegistry":"ARTIFACT_REGISTRY","serviceAccount":"projects/hire-hub-fe6c4/serviceAccounts/29257648718-compute@developer.gserviceaccount.com","automaticUpdatePolicy":{}},"serviceConfig":{"service":"projects/hire-hub-fe6c4/locations/us-central1/services/handlegoogleplaysubscriptionnotification","timeoutSeconds":60,"environmentVariables":{"FIREBASE_CONFIG":"{\"projectId\":\"hire-hub-fe6c4\",\"databaseURL\":\"https://hire-hub-fe6c4-default-rtdb.firebaseio.com\",\"storageBucket\":\"hire-hub-fe6c4.firebasestorage.app\"}","GCLOUD_PROJECT":"hire-hub-fe6c4","EVENTARC_CLOUD_EVENT_SOURCE":"projects/hire-hub-fe6c4/locations/us-central1/services/handleGooglePlaySubscriptionNotification","FUNCTION_SIGNATURE_TYPE":"cloudevent","FUNCTION_TARGET":"handleGooglePlaySubscriptionNotification","LOG_EXECUTION_ID":"true"},"maxInstanceCount":20,"ingressSettings":"ALLOW_ALL","uri":"https://handlegoogleplaysubscriptionnotification-u7mugrxjga-uc.a.run.app","serviceAccountEmail":"29257648718-compute@developer.gserviceaccount.com","availableMemory":"256Mi","allTrafficOnLatestRevision":true,"revision":"handlegoogleplaysubscriptionnotification-00004-xop","maxInstanceRequestConcurrency":80,"availableCpu":"1"},"eventTrigger":{"trigger":"projects/hire-hub-fe6c4/locations/us-central1/triggers/handlegoogleplaysubscriptionnotification-891489","triggerRegion":"us-central1","eventType":"google.cloud.pubsub.topic.v1.messagePublished","pubsubTopic":"projects/hire-hub-fe6c4/topics/play-subscription-notifications","serviceAccountEmail":"29257648718-compute@developer.gserviceaccount.com","retryPolicy":"RETRY_POLICY_DO_NOT_RETRY"},"state":"ACTIVE","updateTime":"2026-05-05T11:47:54.550726820Z","labels":{"deployment-tool":"cli-firebase","firebase-functions-hash":"01cc7996c0599e0a958957f36c5eef69dce06efc"},"environment":"GEN_2","url":"https://us-central1-hire-hub-fe6c4.cloudfunctions.net/handleGooglePlaySubscriptionNotification","createTime":"2026-04-30T07:30:56.028128482Z","satisfiesPzi":true},{"name":"projects/hire-hub-fe6c4/locations/us-central1/functions/cleanupSubscriptionNotificationEvents","buildConfig":{"build":"projects/29257648718/locations/us-central1/builds/8fa53e00-5141-4985-9b32-59227ef38eb2","runtime":"nodejs20","entryPoint":"cleanupSubscriptionNotificationEvents","source":{"storageSource":{"bucket":"gcf-v2-sources-29257648718-us-central1","object":"cleanupSubscriptionNotificationEvents/function-source.zip","generation":"1777981655331731"}},"environmentVariables":{"GOOGLE_NODE_RUN_SCRIPTS":""},"dockerRepository":"projects/hire-hub-fe6c4/locations/us-central1/repositories/gcf-artifacts","sourceProvenance":{"resolvedStorageSource":{"bucket":"gcf-v2-sources-29257648718-us-central1","object":"cleanupSubscriptionNotificationEvents/function-source.zip","generation":"1777981655331731"}},"dockerRegistry":"ARTIFACT_REGISTRY","serviceAccount":"projects/hire-hub-fe6c4/serviceAccounts/29257648718-compute@developer.gserviceaccount.com","automaticUpdatePolicy":{}},"serviceConfig":{"service":"projects/hire-hub-fe6c4/locations/us-central1/services/cleanupsubscriptionnotificationevents","timeoutSeconds":60,"environmentVariables":{"FIREBASE_CONFIG":"{\"projectId\":\"hire-hub-fe6c4\",\"databaseURL\":\"https://hire-hub-fe6c4-default-rtdb.firebaseio.com\",\"storageBucket\":\"hire-hub-fe6c4.firebasestorage.app\"}","GCLOUD_PROJECT":"hire-hub-fe6c4","EVENTARC_CLOUD_EVENT_SOURCE":"projects/hire-hub-fe6c4/locations/us-central1/services/cleanupSubscriptionNotificationEvents","FUNCTION_TARGET":"cleanupSubscriptionNotificationEvents","LOG_EXECUTION_ID":"true","FUNCTION_SIGNATURE_TYPE":"http"},"maxInstanceCount":20,"ingressSettings":"ALLOW_ALL","uri":"https://cleanupsubscriptionnotificationevents-u7mugrxjga-uc.a.run.app","serviceAccountEmail":"29257648718-compute@developer.gserviceaccount.com","availableMemory":"256Mi","allTrafficOnLatestRevision":true,"revision":"cleanupsubscriptionnotificationevents-00004-wiy","maxInstanceRequestConcurrency":80,"availableCpu":"1"},"state":"ACTIVE","updateTime":"2026-05-05T11:47:54.484642980Z","labels":{"deployment-tool":"cli-firebase","deployment-scheduled":"true","firebase-functions-hash":"01cc7996c0599e0a958957f36c5eef69dce06efc"},"environment":"GEN_2","url":"https://us-central1-hire-hub-fe6c4.cloudfunctions.net/cleanupSubscriptionNotificationEvents","createTime":"2026-04-30T07:30:55.921702281Z","satisfiesPzi":true},{"name":"projects/hire-hub-fe6c4/locations/us-central1/functions/handleAppStoreServerNotification","buildConfig":{"build":"projects/29257648718/locations/us-central1/builds/8fa53e00-5141-4985-9b32-59227ef38eb2","runtime":"nodejs20","entryPoint":"handleAppStoreServerNotification","source":{"storageSource":{"bucket":"gcf-v2-sources-29257648718-us-central1","object":"handleAppStoreServerNotification/function-source.zip","generation":"1777981655242791"}},"environmentVariables":{"GOOGLE_NODE_RUN_SCRIPTS":""},"dockerRepository":"projects/hire-hub-fe6c4/locations/us-central1/repositories/gcf-artifacts","sourceProvenance":{"resolvedStorageSource":{"bucket":"gcf-v2-sources-29257648718-us-central1","object":"handleAppStoreServerNotification/function-source.zip","generation":"1777981655242791"}},"dockerRegistry":"ARTIFACT_REGISTRY","serviceAccount":"projects/hire-hub-fe6c4/serviceAccounts/29257648718-compute@developer.gserviceaccount.com","automaticUpdatePolicy":{}},"serviceConfig":{"service":"projects/hire-hub-fe6c4/locations/us-central1/services/handleappstoreservernotification","timeoutSeconds":60,"environmentVariables":{"FIREBASE_CONFIG":"{\"projectId\":\"hire-hub-fe6c4\",\"databaseURL\":\"https://hire-hub-fe6c4-default-rtdb.firebaseio.com\",\"storageBucket\":\"hire-hub-fe6c4.firebasestorage.app\"}","GCLOUD_PROJECT":"hire-hub-fe6c4","EVENTARC_CLOUD_EVENT_SOURCE":"projects/hire-hub-fe6c4/locations/us-central1/services/handleAppStoreServerNotification","FUNCTION_TARGET":"handleAppStoreServerNotification","LOG_EXECUTION_ID":"true","FUNCTION_SIGNATURE_TYPE":"http"},"maxInstanceCount":20,"ingressSettings":"ALLOW_ALL","uri":"https://handleappstoreservernotification-u7mugrxjga-uc.a.run.app","serviceAccountEmail":"29257648718-compute@developer.gserviceaccount.com","availableMemory":"256Mi","allTrafficOnLatestRevision":true,"revision":"handleappstoreservernotification-00004-qid","maxInstanceRequestConcurrency":80,"availableCpu":"1"},"state":"ACTIVE","updateTime":"2026-05-05T11:47:54.018284062Z","labels":{"deployment-tool":"cli-firebase","firebase-functions-hash":"01cc7996c0599e0a958957f36c5eef69dce06efc"},"environment":"GEN_2","url":"https://us-central1-hire-hub-fe6c4.cloudfunctions.net/handleAppStoreServerNotification","createTime":"2026-04-30T07:30:02.350128450Z","satisfiesPzi":true},{"name":"projects/hire-hub-fe6c4/locations/us-central1/functions/syncWorkerSubscriptionLifecycle","buildConfig":{"build":"projects/29257648718/locations/us-central1/builds/8fa53e00-5141-4985-9b32-59227ef38eb2","runtime":"nodejs20","entryPoint":"syncWorkerSubscriptionLifecycle","source":{"storageSource":{"bucket":"gcf-v2-sources-29257648718-us-central1","object":"syncWorkerSubscriptionLifecycle/function-source.zip","generation":"1777981655310624"}},"environmentVariables":{"GOOGLE_NODE_RUN_SCRIPTS":""},"dockerRepository":"projects/hire-hub-fe6c4/locations/us-central1/repositories/gcf-artifacts","sourceProvenance":{"resolvedStorageSource":{"bucket":"gcf-v2-sources-29257648718-us-central1","object":"syncWorkerSubscriptionLifecycle/function-source.zip","generation":"1777981655310624"}},"dockerRegistry":"ARTIFACT_REGISTRY","serviceAccount":"projects/hire-hub-fe6c4/serviceAccounts/29257648718-compute@developer.gserviceaccount.com","automaticUpdatePolicy":{}},"serviceConfig":{"service":"projects/hire-hub-fe6c4/locations/us-central1/services/syncworkersubscriptionlifecycle","timeoutSeconds":60,"environmentVariables":{"FIREBASE_CONFIG":"{\"projectId\":\"hire-hub-fe6c4\",\"databaseURL\":\"https://hire-hub-fe6c4-default-rtdb.firebaseio.com\",\"storageBucket\":\"hire-hub-fe6c4.firebasestorage.app\"}","GCLOUD_PROJECT":"hire-hub-fe6c4","EVENTARC_CLOUD_EVENT_SOURCE":"projects/hire-hub-fe6c4/locations/us-central1/services/syncWorkerSubscriptionLifecycle","FUNCTION_TARGET":"syncWorkerSubscriptionLifecycle","LOG_EXECUTION_ID":"true","FUNCTION_SIGNATURE_TYPE":"http"},"maxInstanceCount":20,"ingressSettings":"ALLOW_ALL","uri":"https://syncworkersubscriptionlifecycle-u7mugrxjga-uc.a.run.app","serviceAccountEmail":"29257648718-compute@developer.gserviceaccount.com","availableMemory":"256Mi","allTrafficOnLatestRevision":true,"revision":"syncworkersubscriptionlifecycle-00004-fuz","maxInstanceRequestConcurrency":80,"availableCpu":"1"},"state":"ACTIVE","updateTime":"2026-05-05T11:47:53.391338753Z","labels":{"deployment-scheduled":"true","firebase-functions-hash":"01cc7996c0599e0a958957f36c5eef69dce06efc","deployment-tool":"cli-firebase"},"environment":"GEN_2","url":"https://us-central1-hire-hub-fe6c4.cloudfunctions.net/syncWorkerSubscriptionLifecycle","createTime":"2026-04-30T07:30:55.835157903Z","satisfiesPzi":true},{"name":"projects/hire-hub-fe6c4/locations/us-central1/functions/createMessageNotification","buildConfig":{"build":"projects/29257648718/locations/us-central1/builds/7374f390-cb69-4477-86d2-022ca8651bb7","runtime":"nodejs20","entryPoint":"createMessageNotification","source":{"storageSource":{"bucket":"gcf-v2-sources-29257648718-us-central1","object":"createMessageNotification/function-source.zip","generation":"1777884491979245"}},"environmentVariables":{"GOOGLE_NODE_RUN_SCRIPTS":""},"dockerRepository":"projects/hire-hub-fe6c4/locations/us-central1/repositories/gcf-artifacts","sourceProvenance":{"resolvedStorageSource":{"bucket":"gcf-v2-sources-29257648718-us-central1","object":"createMessageNotification/function-source.zip","generation":"1777884491979245"}},"dockerRegistry":"ARTIFACT_REGISTRY","serviceAccount":"projects/hire-hub-fe6c4/serviceAccounts/29257648718-compute@developer.gserviceaccount.com","automaticUpdatePolicy":{}},"serviceConfig":{"service":"projects/hire-hub-fe6c4/locations/us-central1/services/createmessagenotification","timeoutSeconds":60,"environmentVariables":{"FIREBASE_CONFIG":"{\"projectId\":\"hire-hub-fe6c4\",\"databaseURL\":\"https://hire-hub-fe6c4-default-rtdb.firebaseio.com\",\"storageBucket\":\"hire-hub-fe6c4.firebasestorage.app\"}","GCLOUD_PROJECT":"hire-hub-fe6c4","EVENTARC_CLOUD_EVENT_SOURCE":"projects/hire-hub-fe6c4/locations/us-central1/services/createMessageNotification","FUNCTION_SIGNATURE_TYPE":"cloudevent","FUNCTION_TARGET":"createMessageNotification","LOG_EXECUTION_ID":"true"},"ingressSettings":"ALLOW_ALL","uri":"https://createmessagenotification-u7mugrxjga-uc.a.run.app","serviceAccountEmail":"29257648718-compute@developer.gserviceaccount.com","availableMemory":"256Mi","allTrafficOnLatestRevision":true,"revision":"createmessagenotification-00001-rif","maxInstanceRequestConcurrency":80,"availableCpu":"1"},"eventTrigger":{"trigger":"projects/hire-hub-fe6c4/locations/me-west1/triggers/createmessagenotification-573894","triggerRegion":"me-west1","eventType":"google.cloud.firestore.document.v1.created","eventFilters":[{"attribute":"database","value":"(default)"},{"attribute":"namespace","value":"(default)"},{"attribute":"document","value":"chat_rooms/{roomId}/messages/{messageId}","operator":"match-path-pattern"}],"pubsubTopic":"projects/hire-hub-fe6c4/topics/eventarc-me-west1-createmessagenotification-573894-863","serviceAccountEmail":"29257648718-compute@developer.gserviceaccount.com","retryPolicy":"RETRY_POLICY_DO_NOT_RETRY"},"state":"ACTIVE","updateTime":"2026-05-04T08:49:34.978145725Z","labels":{"deployment-tool":"cli-firebase","firebase-functions-hash":"27048c617a7f4ea1e3d168f50e83932ddd3db4e9"},"environment":"GEN_2","url":"https://us-central1-hire-hub-fe6c4.cloudfunctions.net/createMessageNotification","createTime":"2026-05-04T08:48:13.019465535Z","satisfiesPzi":true},{"name":"projects/hire-hub-fe6c4/locations/us-central1/functions/verifySubscriptionPurchase","buildConfig":{"build":"projects/29257648718/locations/us-central1/builds/8fa53e00-5141-4985-9b32-59227ef38eb2","runtime":"nodejs20","entryPoint":"verifySubscriptionPurchase","source":{"storageSource":{"bucket":"gcf-v2-sources-29257648718-us-central1","object":"verifySubscriptionPurchase/function-source.zip","generation":"1777981654890343"}},"environmentVariables":{"GOOGLE_NODE_RUN_SCRIPTS":""},"dockerRepository":"projects/hire-hub-fe6c4/locations/us-central1/repositories/gcf-artifacts","sourceProvenance":{"resolvedStorageSource":{"bucket":"gcf-v2-sources-29257648718-us-central1","object":"verifySubscriptionPurchase/function-source.zip","generation":"1777981654890343"}},"dockerRegistry":"ARTIFACT_REGISTRY","serviceAccount":"projects/hire-hub-fe6c4/serviceAccounts/29257648718-compute@developer.gserviceaccount.com","automaticUpdatePolicy":{}},"serviceConfig":{"service":"projects/hire-hub-fe6c4/locations/us-central1/services/verifysubscriptionpurchase","timeoutSeconds":60,"environmentVariables":{"FIREBASE_CONFIG":"{\"projectId\":\"hire-hub-fe6c4\",\"databaseURL\":\"https://hire-hub-fe6c4-default-rtdb.firebaseio.com\",\"storageBucket\":\"hire-hub-fe6c4.firebasestorage.app\"}","GCLOUD_PROJECT":"hire-hub-fe6c4","EVENTARC_CLOUD_EVENT_SOURCE":"projects/hire-hub-fe6c4/locations/us-central1/services/verifySubscriptionPurchase","FUNCTION_TARGET":"verifySubscriptionPurchase","LOG_EXECUTION_ID":"true","FUNCTION_SIGNATURE_TYPE":"http"},"maxInstanceCount":20,"ingressSettings":"ALLOW_ALL","uri":"https://verifysubscriptionpurchase-u7mugrxjga-uc.a.run.app","serviceAccountEmail":"29257648718-compute@developer.gserviceaccount.com","availableMemory":"256Mi","allTrafficOnLatestRevision":true,"revision":"verifysubscriptionpurchase-00003-hoc","maxInstanceRequestConcurrency":80,"availableCpu":"1"},"state":"ACTIVE","updateTime":"2026-05-05T11:47:51.935102843Z","labels":{"deployment-tool":"cli-firebase","deployment-callable":"true","firebase-functions-hash":"01cc7996c0599e0a958957f36c5eef69dce06efc"},"environment":"GEN_2","url":"https://us-central1-hire-hub-fe6c4.cloudfunctions.net/verifySubscriptionPurchase","createTime":"2026-05-03T11:33:27.736115709Z","satisfiesPzi":true}]}
[debug] [2026-05-17T13:14:19.432Z] Checked if tokens are valid: true, expires at: 1779027246538
[debug] [2026-05-17T13:14:19.432Z] Checked if tokens are valid: true, expires at: 1779027246538
[debug] [2026-05-17T13:14:19.432Z] >>> [apiv2][query] GET https://firestore.googleapis.com/v1/projects/hire-hub-fe6c4/databases/(default) [none]
[debug] [2026-05-17T13:14:19.685Z] <<< [apiv2][status] GET https://firestore.googleapis.com/v1/projects/hire-hub-fe6c4/databases/(default) 200
[debug] [2026-05-17T13:14:19.685Z] <<< [apiv2][body] GET https://firestore.googleapis.com/v1/projects/hire-hub-fe6c4/databases/(default) {"name":"projects/hire-hub-fe6c4/databases/(default)","uid":"d3ca2d2e-1985-4056-9485-f95f846c0785","createTime":"2026-03-11T13:46:37.023027Z","updateTime":"2026-03-11T13:46:37.023027Z","locationId":"me-west1","type":"FIRESTORE_NATIVE","concurrencyMode":"PESSIMISTIC","versionRetentionPeriod":"604800s","earliestVersionTime":"2026-05-10T13:15:00Z","appEngineIntegrationMode":"DISABLED","pointInTimeRecoveryEnablement":"POINT_IN_TIME_RECOVERY_ENABLED","deleteProtectionState":"DELETE_PROTECTION_DISABLED","databaseEdition":"STANDARD","freeTier":true,"realtimeUpdatesMode":"REALTIME_UPDATES_MODE_ENABLED","etag":"ILCkp8qzwJQDMI7Xj5WQ1JMD"}
[info] i  functions: ensuring required API run.googleapis.com is enabled... 
[info] i  functions: ensuring required API eventarc.googleapis.com is enabled... 
[info] i  functions: ensuring required API pubsub.googleapis.com is enabled... 
[info] i  functions: ensuring required API storage.googleapis.com is enabled... 
[info] i  functions: generating the service identity for pubsub.googleapis.com... 
[debug] [2026-05-17T13:14:19.687Z] Checked if tokens are valid: true, expires at: 1779027246538
[debug] [2026-05-17T13:14:19.688Z] Checked if tokens are valid: true, expires at: 1779027246538
[info] i  functions: generating the service identity for eventarc.googleapis.com... 
[debug] [2026-05-17T13:14:19.688Z] Checked if tokens are valid: true, expires at: 1779027246538
[debug] [2026-05-17T13:14:19.688Z] Checked if tokens are valid: true, expires at: 1779027246538
[debug] [2026-05-17T13:14:19.688Z] >>> [apiv2][query] POST https://serviceusage.googleapis.com/v1beta1/projects/29257648718/services/pubsub.googleapis.com:generateServiceIdentity [none]
[debug] [2026-05-17T13:14:19.688Z] >>> [apiv2][(partial)header] POST https://serviceusage.googleapis.com/v1beta1/projects/29257648718/services/pubsub.googleapis.com:generateServiceIdentity  x-goog-user-project=29257648718
[debug] [2026-05-17T13:14:19.688Z] >>> [apiv2][body] POST https://serviceusage.googleapis.com/v1beta1/projects/29257648718/services/pubsub.googleapis.com:generateServiceIdentity {}
[debug] [2026-05-17T13:14:19.689Z] >>> [apiv2][query] POST https://serviceusage.googleapis.com/v1beta1/projects/29257648718/services/eventarc.googleapis.com:generateServiceIdentity [none]
[debug] [2026-05-17T13:14:19.689Z] >>> [apiv2][(partial)header] POST https://serviceusage.googleapis.com/v1beta1/projects/29257648718/services/eventarc.googleapis.com:generateServiceIdentity  x-goog-user-project=29257648718
[debug] [2026-05-17T13:14:19.689Z] >>> [apiv2][body] POST https://serviceusage.googleapis.com/v1beta1/projects/29257648718/services/eventarc.googleapis.com:generateServiceIdentity {}
[debug] [2026-05-17T13:14:20.969Z] <<< [apiv2][status] POST https://serviceusage.googleapis.com/v1beta1/projects/29257648718/services/pubsub.googleapis.com:generateServiceIdentity 200
[debug] [2026-05-17T13:14:20.969Z] <<< [apiv2][body] POST https://serviceusage.googleapis.com/v1beta1/projects/29257648718/services/pubsub.googleapis.com:generateServiceIdentity {"name":"operations/finished.DONE_OPERATION","done":true,"response":{"@type":"type.googleapis.com/google.api.serviceusage.v1beta1.ServiceIdentity","email":"service-29257648718@gcp-sa-pubsub.iam.gserviceaccount.com","uniqueId":"114932322187531102284"}}
[debug] [2026-05-17T13:14:20.969Z] <<< [apiv2][status] POST https://serviceusage.googleapis.com/v1beta1/projects/29257648718/services/eventarc.googleapis.com:generateServiceIdentity 200
[debug] [2026-05-17T13:14:20.970Z] <<< [apiv2][body] POST https://serviceusage.googleapis.com/v1beta1/projects/29257648718/services/eventarc.googleapis.com:generateServiceIdentity {"name":"operations/finished.DONE_OPERATION","done":true,"response":{"@type":"type.googleapis.com/google.api.serviceusage.v1beta1.ServiceIdentity","email":"service-29257648718@gcp-sa-eventarc.iam.gserviceaccount.com","uniqueId":"111382509975403593017"}}
[debug] [2026-05-17T13:14:20.972Z] Checked if tokens are valid: true, expires at: 1779027246538
[debug] [2026-05-17T13:14:20.972Z] Checked if tokens are valid: true, expires at: 1779027246538
[debug] [2026-05-17T13:14:20.972Z] >>> [apiv2][query] GET https://cloudresourcemanager.googleapis.com/v1/projects/hire-hub-fe6c4 [none]
[debug] [2026-05-17T13:14:22.022Z] <<< [apiv2][status] GET https://cloudresourcemanager.googleapis.com/v1/projects/hire-hub-fe6c4 200
[debug] [2026-05-17T13:14:22.023Z] <<< [apiv2][body] GET https://cloudresourcemanager.googleapis.com/v1/projects/hire-hub-fe6c4 {"projectNumber":"29257648718","projectId":"hire-hub-fe6c4","lifecycleState":"ACTIVE","name":"hire-hub","labels":{"firebase":"enabled","firebase-core":"disabled"},"createTime":"2026-03-06T22:02:21.079174Z"}
[debug] [2026-05-17T13:14:22.023Z] Checked if tokens are valid: true, expires at: 1779027246538
[debug] [2026-05-17T13:14:22.023Z] Checked if tokens are valid: true, expires at: 1779027246538
[debug] [2026-05-17T13:14:22.023Z] >>> [apiv2][query] GET https://compute.googleapis.com/compute/v1/projects/29257648718 [none]
[debug] [2026-05-17T13:14:22.500Z] <<< [apiv2][status] GET https://compute.googleapis.com/compute/v1/projects/29257648718 403
[debug] [2026-05-17T13:14:22.500Z] <<< [apiv2][body] GET https://compute.googleapis.com/compute/v1/projects/29257648718 {"error":{"code":403,"message":"Compute Engine API has not been used in project 29257648718 before or it is disabled. Enable it by visiting https://console.developers.google.com/apis/api/compute.googleapis.com/overview?project=29257648718 then retry. If you enabled this API recently, wait a few minutes for the action to propagate to our systems and retry.","errors":[{"message":"Compute Engine API has not been used in project 29257648718 before or it is disabled. Enable it by visiting https://console.developers.google.com/apis/api/compute.googleapis.com/overview?project=29257648718 then retry. If you enabled this API recently, wait a few minutes for the action to propagate to our systems and retry.","domain":"usageLimits","reason":"accessNotConfigured","extendedHelp":"https://console.developers.google.com"}],"status":"PERMISSION_DENIED","details":[{"@type":"type.googleapis.com/google.rpc.ErrorInfo","reason":"SERVICE_DISABLED","domain":"googleapis.com","metadata":{"activationUrl":"https://console.developers.google.com/apis/api/compute.googleapis.com/overview?project=29257648718","service":"compute.googleapis.com","serviceTitle":"Compute Engine API","containerInfo":"29257648718","consumer":"projects/29257648718"}},{"@type":"type.googleapis.com/google.rpc.LocalizedMessage","locale":"en-US","message":"Compute Engine API has not been used in project 29257648718 before or it is disabled. Enable it by visiting https://console.developers.google.com/apis/api/compute.googleapis.com/overview?project=29257648718 then retry. If you enabled this API recently, wait a few minutes for the action to propagate to our systems and retry."},{"@type":"type.googleapis.com/google.rpc.Help","links":[{"description":"Google developers console API activation","url":"https://console.developers.google.com/apis/api/compute.googleapis.com/overview?project=29257648718"}]}]}}
[debug] [2026-05-17T13:14:22.500Z] unable to look up default compute service account. Falling back to 29257648718-compute@developer.gserviceaccount.com. Error: {"name":"FirebaseError","children":[],"context":{"body":{"error":{"code":403,"message":"Compute Engine API has not been used in project 29257648718 before or it is disabled. Enable it by visiting https://console.developers.google.com/apis/api/compute.googleapis.com/overview?project=29257648718 then retry. If you enabled this API recently, wait a few minutes for the action to propagate to our systems and retry.","errors":[{"message":"Compute Engine API has not been used in project 29257648718 before or it is disabled. Enable it by visiting https://console.developers.google.com/apis/api/compute.googleapis.com/overview?project=29257648718 then retry. If you enabled this API recently, wait a few minutes for the action to propagate to our systems and retry.","domain":"usageLimits","reason":"accessNotConfigured","extendedHelp":"https://console.developers.google.com"}],"status":"PERMISSION_DENIED","details":[{"@type":"type.googleapis.com/google.rpc.ErrorInfo","reason":"SERVICE_DISABLED","domain":"googleapis.com","metadata":{"activationUrl":"https://console.developers.google.com/apis/api/compute.googleapis.com/overview?project=29257648718","service":"compute.googleapis.com","serviceTitle":"Compute Engine API","containerInfo":"29257648718","consumer":"projects/29257648718"}},{"@type":"type.googleapis.com/google.rpc.LocalizedMessage","locale":"en-US","message":"Compute Engine API has not been used in project 29257648718 before or it is disabled. Enable it by visiting https://console.developers.google.com/apis/api/compute.googleapis.com/overview?project=29257648718 then retry. If you enabled this API recently, wait a few minutes for the action to propagate to our systems and retry."},{"@type":"type.googleapis.com/google.rpc.Help","links":[{"description":"Google developers console API activation","url":"https://console.developers.google.com/apis/api/compute.googleapis.com/overview?project=29257648718"}]}]}},"response":{"statusCode":403}},"exit":1,"message":"Request to https://compute.googleapis.com/compute/v1/projects/29257648718 had HTTP Error: 403, Compute Engine API has not been used in project 29257648718 before or it is disabled. Enable it by visiting https://console.developers.google.com/apis/api/compute.googleapis.com/overview?project=29257648718 then retry. If you enabled this API recently, wait a few minutes for the action to propagate to our systems and retry.","status":403}
[debug] [2026-05-17T13:14:22.501Z] Checked if tokens are valid: true, expires at: 1779027246538
[debug] [2026-05-17T13:14:22.501Z] Checked if tokens are valid: true, expires at: 1779027246538
[debug] [2026-05-17T13:14:22.501Z] >>> [apiv2][query] GET https://cloudbilling.googleapis.com/v1/projects/hire-hub-fe6c4/billingInfo [none]
[debug] [2026-05-17T13:14:23.437Z] <<< [apiv2][status] GET https://cloudbilling.googleapis.com/v1/projects/hire-hub-fe6c4/billingInfo 200
[debug] [2026-05-17T13:14:23.437Z] <<< [apiv2][body] GET https://cloudbilling.googleapis.com/v1/projects/hire-hub-fe6c4/billingInfo {"name":"projects/hire-hub-fe6c4/billingInfo","projectId":"hire-hub-fe6c4","billingAccountName":"billingAccounts/01166A-B6B90C-182A11","billingEnabled":true}
[debug] [2026-05-17T13:14:23.438Z] Checked if tokens are valid: true, expires at: 1779027246538
[debug] [2026-05-17T13:14:23.438Z] Checked if tokens are valid: true, expires at: 1779027246538
[debug] [2026-05-17T13:14:23.438Z] >>> [apiv2][query] POST https://cloudfunctions.googleapis.com/v2/projects/hire-hub-fe6c4/locations/us-central1/functions:generateUploadUrl [none]
[debug] [2026-05-17T13:14:23.754Z] <<< [apiv2][status] POST https://cloudfunctions.googleapis.com/v2/projects/hire-hub-fe6c4/locations/us-central1/functions:generateUploadUrl 200
[debug] [2026-05-17T13:14:23.754Z] <<< [apiv2][body] POST https://cloudfunctions.googleapis.com/v2/projects/hire-hub-fe6c4/locations/us-central1/functions:generateUploadUrl {"uploadUrl":"https://storage.googleapis.com/gcf-v2-uploads-29257648718.us-central1.cloudfunctions.appspot.com/27715e16-c77f-46c3-8e29-952fbc8f1b00.zip?GoogleAccessId=service-29257648718@gcf-admin-robot.iam.gserviceaccount.com&Expires=1779025463&Signature=BW1CU%2Be%2FQXBVCIRD0DUPBZJLRG1URuFIji01IzrJkIfsGriXusnk8QvvSWmfinAfl%2FctD6Y4nZyxnhEy0ppqZoJOpQ%2FFHJNNC6Ov0QM6o8wOvjR9uhU2hHi77CD0UW43V6nrH29vQP9IA96pbK%2F4jXTpmhpgL18fvNrBH0rROMvBvSfBp1SB1yhcE9ipq5aknneQaqNWqX0Fa2klcioiBMGvtOjVehPoRh3SJqrr%2FNIbhcfEl%2BJ8xyYRzkDpWQYYvM%2BnmAe2aTLCYkTpaAXJ%2BqVbMuWqsDymI0b7eWebiph11fFMbrENOiOXM2wdXuPzll%2BMFqo6p%2BBeQBXoxQv03g%3D%3D","storageSource":{"bucket":"gcf-v2-uploads-29257648718.us-central1.cloudfunctions.appspot.com","object":"27715e16-c77f-46c3-8e29-952fbc8f1b00.zip"}}
[debug] [2026-05-17T13:14:23.754Z] >>> [apiv2][query] PUT https://storage.googleapis.com/gcf-v2-uploads-29257648718.us-central1.cloudfunctions.appspot.com/27715e16-c77f-46c3-8e29-952fbc8f1b00.zip GoogleAccessId=service-29257648718%40gcf-admin-robot.iam.gserviceaccount.com&Expires=1779025463&Signature=BW1CU%2Be%2FQXBVCIRD0DUPBZJLRG1URuFIji01IzrJkIfsGriXusnk8QvvSWmfinAfl%2FctD6Y4nZyxnhEy0ppqZoJOpQ%2FFHJNNC6Ov0QM6o8wOvjR9uhU2hHi77CD0UW43V6nrH29vQP9IA96pbK%2F4jXTpmhpgL18fvNrBH0rROMvBvSfBp1SB1yhcE9ipq5aknneQaqNWqX0Fa2klcioiBMGvtOjVehPoRh3SJqrr%2FNIbhcfEl%2BJ8xyYRzkDpWQYYvM%2BnmAe2aTLCYkTpaAXJ%2BqVbMuWqsDymI0b7eWebiph11fFMbrENOiOXM2wdXuPzll%2BMFqo6p%2BBeQBXoxQv03g%3D%3D
[debug] [2026-05-17T13:14:23.755Z] >>> [apiv2][body] PUT https://storage.googleapis.com/gcf-v2-uploads-29257648718.us-central1.cloudfunctions.appspot.com/27715e16-c77f-46c3-8e29-952fbc8f1b00.zip [stream]
[debug] [2026-05-17T13:14:24.444Z] <<< [apiv2][status] PUT https://storage.googleapis.com/gcf-v2-uploads-29257648718.us-central1.cloudfunctions.appspot.com/27715e16-c77f-46c3-8e29-952fbc8f1b00.zip 200
[debug] [2026-05-17T13:14:24.445Z] <<< [apiv2][body] PUT https://storage.googleapis.com/gcf-v2-uploads-29257648718.us-central1.cloudfunctions.appspot.com/27715e16-c77f-46c3-8e29-952fbc8f1b00.zip [omitted]
[info] ✔  functions: functions source uploaded successfully 
[error] 
[error] Error: The following functions are found in your project but do not exist in your local source code:
	cleanupSubscriptionNotificationEvents(us-central1)
	createMessageNotification(us-central1)
	handleAppStoreServerNotification(us-central1)
	handleGooglePlaySubscriptionNotification(us-central1)
	syncWorkerSubscriptionLifecycle(us-central1)
	verifySubscriptionPurchase(us-central1)

Aborting because deletion cannot proceed in non-interactive mode. To fix, manually delete the functions by running:
	firebase functions:delete cleanupSubscriptionNotificationEvents --region us-central1
	firebase functions:delete createMessageNotification --region us-central1
	firebase functions:delete handleAppStoreServerNotification --region us-central1
	firebase functions:delete handleGooglePlaySubscriptionNotification --region us-central1
	firebase functions:delete syncWorkerSubscriptionLifecycle --region us-central1
	firebase functions:delete verifySubscriptionPurchase --region us-central1
[debug] [2026-05-17T13:14:43.286Z] ----------------------------------------------------------------------
[debug] [2026-05-17T13:14:43.288Z] Command:       /opt/homebrew/Cellar/node/25.9.0_2/bin/node /opt/homebrew/bin/firebase deploy --only functions:sendNotificationPush
[debug] [2026-05-17T13:14:43.289Z] CLI Version:   15.15.0
[debug] [2026-05-17T13:14:43.289Z] Platform:      darwin
[debug] [2026-05-17T13:14:43.289Z] Node Version:  v25.9.0
[debug] [2026-05-17T13:14:43.289Z] Time:          Sun May 17 2026 16:14:43 GMT+0300 (Israel Daylight Time)
[debug] [2026-05-17T13:14:43.289Z] ----------------------------------------------------------------------
[debug] 
[debug] [2026-05-17T13:14:43.810Z] > command requires scopes: ["email","openid","https://www.googleapis.com/auth/cloudplatformprojects.readonly","https://www.googleapis.com/auth/firebase","https://www.googleapis.com/auth/cloud-platform"]
[debug] [2026-05-17T13:14:43.810Z] > authorizing via signed-in user (my.hire.hub@gmail.com)
[debug] [2026-05-17T13:14:43.810Z] [iam] checking project hire-hub-fe6c4 for permissions ["cloudfunctions.functions.create","cloudfunctions.functions.delete","cloudfunctions.functions.get","cloudfunctions.functions.list","cloudfunctions.functions.update","cloudfunctions.operations.get","firebase.projects.get"]
[debug] [2026-05-17T13:14:43.811Z] Checked if tokens are valid: true, expires at: 1779027246538
[debug] [2026-05-17T13:14:43.811Z] Checked if tokens are valid: true, expires at: 1779027246538
[debug] [2026-05-17T13:14:43.812Z] >>> [apiv2][query] POST https://cloudresourcemanager.googleapis.com/v1/projects/hire-hub-fe6c4:testIamPermissions [none]
[debug] [2026-05-17T13:14:43.812Z] >>> [apiv2][(partial)header] POST https://cloudresourcemanager.googleapis.com/v1/projects/hire-hub-fe6c4:testIamPermissions  x-goog-user-project=hire-hub-fe6c4
[debug] [2026-05-17T13:14:43.812Z] >>> [apiv2][body] POST https://cloudresourcemanager.googleapis.com/v1/projects/hire-hub-fe6c4:testIamPermissions {"permissions":["cloudfunctions.functions.create","cloudfunctions.functions.delete","cloudfunctions.functions.get","cloudfunctions.functions.list","cloudfunctions.functions.update","cloudfunctions.operations.get","firebase.projects.get"]}
[debug] [2026-05-17T13:14:44.865Z] <<< [apiv2][status] POST https://cloudresourcemanager.googleapis.com/v1/projects/hire-hub-fe6c4:testIamPermissions 200
[debug] [2026-05-17T13:14:44.866Z] <<< [apiv2][body] POST https://cloudresourcemanager.googleapis.com/v1/projects/hire-hub-fe6c4:testIamPermissions {"permissions":["cloudfunctions.functions.create","cloudfunctions.functions.delete","cloudfunctions.functions.get","cloudfunctions.functions.list","cloudfunctions.functions.update","cloudfunctions.operations.get","firebase.projects.get"]}
[debug] [2026-05-17T13:14:44.866Z] Checked if tokens are valid: true, expires at: 1779027246538
[debug] [2026-05-17T13:14:44.866Z] Checked if tokens are valid: true, expires at: 1779027246538
[debug] [2026-05-17T13:14:44.866Z] >>> [apiv2][query] POST https://iam.googleapis.com/v1/projects/hire-hub-fe6c4/serviceAccounts/hire-hub-fe6c4@appspot.gserviceaccount.com:testIamPermissions [none]
[debug] [2026-05-17T13:14:44.866Z] >>> [apiv2][body] POST https://iam.googleapis.com/v1/projects/hire-hub-fe6c4/serviceAccounts/hire-hub-fe6c4@appspot.gserviceaccount.com:testIamPermissions {"permissions":["iam.serviceAccounts.actAs"]}
[debug] [2026-05-17T13:14:45.868Z] <<< [apiv2][status] POST https://iam.googleapis.com/v1/projects/hire-hub-fe6c4/serviceAccounts/hire-hub-fe6c4@appspot.gserviceaccount.com:testIamPermissions 200
[debug] [2026-05-17T13:14:45.868Z] <<< [apiv2][body] POST https://iam.googleapis.com/v1/projects/hire-hub-fe6c4/serviceAccounts/hire-hub-fe6c4@appspot.gserviceaccount.com:testIamPermissions {"permissions":["iam.serviceAccounts.actAs"]}
[info] 
[info] === Deploying to 'hire-hub-fe6c4'...
[info] 
[info] i  deploying functions 
[debug] [2026-05-17T13:14:45.871Z] Checked if tokens are valid: true, expires at: 1779027246538
[debug] [2026-05-17T13:14:45.871Z] Checked if tokens are valid: true, expires at: 1779027246538
[debug] [2026-05-17T13:14:45.871Z] >>> [apiv2][query] GET https://cloudresourcemanager.googleapis.com/v1/projects/hire-hub-fe6c4 [none]
[debug] [2026-05-17T13:14:46.155Z] <<< [apiv2][status] GET https://cloudresourcemanager.googleapis.com/v1/projects/hire-hub-fe6c4 200
[debug] [2026-05-17T13:14:46.155Z] <<< [apiv2][body] GET https://cloudresourcemanager.googleapis.com/v1/projects/hire-hub-fe6c4 {"projectNumber":"29257648718","projectId":"hire-hub-fe6c4","lifecycleState":"ACTIVE","name":"hire-hub","labels":{"firebase":"enabled","firebase-core":"disabled"},"createTime":"2026-03-06T22:02:21.079174Z"}
[info] i  functions: preparing codebase default for deployment 
[info] i  functions: ensuring required API cloudfunctions.googleapis.com is enabled... 
[info] i  functions: ensuring required API cloudbuild.googleapis.com is enabled... 
[info] i  artifactregistry: ensuring required API artifactregistry.googleapis.com is enabled... 
[debug] [2026-05-17T13:14:46.158Z] Checked if tokens are valid: true, expires at: 1779027246538
[debug] [2026-05-17T13:14:46.158Z] Checked if tokens are valid: true, expires at: 1779027246538
[debug] [2026-05-17T13:14:46.158Z] >>> [apiv2][query] GET https://firebase.googleapis.com/v1beta1/projects/hire-hub-fe6c4/adminSdkConfig [none]
[debug] [2026-05-17T13:14:46.755Z] <<< [apiv2][status] GET https://firebase.googleapis.com/v1beta1/projects/hire-hub-fe6c4/adminSdkConfig 200
[debug] [2026-05-17T13:14:46.755Z] <<< [apiv2][body] GET https://firebase.googleapis.com/v1beta1/projects/hire-hub-fe6c4/adminSdkConfig {"projectId":"hire-hub-fe6c4","databaseURL":"https://hire-hub-fe6c4-default-rtdb.firebaseio.com","storageBucket":"hire-hub-fe6c4.firebasestorage.app"}
[debug] [2026-05-17T13:14:46.755Z] Checked if tokens are valid: true, expires at: 1779027246538
[debug] [2026-05-17T13:14:46.756Z] Checked if tokens are valid: true, expires at: 1779027246538
[debug] [2026-05-17T13:14:46.756Z] >>> [apiv2][query] GET https://runtimeconfig.googleapis.com/v1beta1/projects/hire-hub-fe6c4/configs [none]
[debug] [2026-05-17T13:14:47.070Z] <<< [apiv2][status] GET https://runtimeconfig.googleapis.com/v1beta1/projects/hire-hub-fe6c4/configs 200
[debug] [2026-05-17T13:14:47.071Z] <<< [apiv2][body] GET https://runtimeconfig.googleapis.com/v1beta1/projects/hire-hub-fe6c4/configs {}
[debug] [2026-05-17T13:14:47.072Z] Validating nodejs source
[warn] ⚠  functions: Runtime Node.js 20 was deprecated on 2026-04-30 and will be decommissioned on 2026-10-30, after which you will not be able to deploy without upgrading. Consider upgrading now to avoid disruption. See https://cloud.google.com/functions/docs/runtime-support for full details on the lifecycle policy 
[warn] ⚠  functions: package.json indicates an outdated version of firebase-functions. Please upgrade using npm install --save firebase-functions@latest in your functions directory. 
[warn] ⚠  functions: Please note that there will be breaking changes when you upgrade. 
[debug] [2026-05-17T13:14:47.494Z] > [functions] package.json contents: {
  "name": "hiro-functions",
  "private": true,
  "main": "index.js",
  "engines": {
    "node": "20"
  },
  "dependencies": {
    "firebase-admin": "^12.7.0",
    "firebase-functions": "^6.1.2"
  },
  "devDependencies": {
    "firebase-functions-test": "^3.1.0"
  },
  "scripts": {
    "serve": "firebase emulators:start --only functions",
    "shell": "firebase functions:shell",
    "start": "npm run shell",
    "deploy": "firebase deploy --only functions",
    "logs": "firebase functions:log"
  }
}
[debug] [2026-05-17T13:14:47.494Z] Building nodejs source
[info] i  functions: Loading and analyzing source code for codebase default to determine what to deploy 
[debug] [2026-05-17T13:14:47.495Z] Could not find functions.yaml. Must use http discovery
[debug] [2026-05-17T13:14:47.500Z] Found firebase-functions binary at '/Users/raslan/Developer/hiro_website/functions/node_modules/.bin/firebase-functions'
[info] Serving at port 8269

[debug] [2026-05-17T13:14:47.743Z] Got response from /__/functions.yaml {"endpoints":{"sendNotificationPush":{"availableMemoryMb":null,"timeoutSeconds":null,"minInstances":null,"maxInstances":null,"ingressSettings":null,"concurrency":null,"serviceAccountEmail":null,"vpc":null,"platform":"gcfv2","labels":{},"eventTrigger":{"eventType":"google.cloud.firestore.document.v1.created","eventFilters":{"database":"(default)","namespace":"(default)"},"eventFilterPathPatterns":{"document":"users/{userId}/notifications/{notificationId}"},"retry":false},"entryPoint":"sendNotificationPush"}},"specVersion":"v1alpha1","requiredAPIs":[],"extensions":{}}
[info] i  extensions: ensuring required API firebaseextensions.googleapis.com is enabled... 
[debug] [2026-05-17T13:14:51.764Z] > command requires scopes: ["email","openid","https://www.googleapis.com/auth/cloudplatformprojects.readonly","https://www.googleapis.com/auth/firebase","https://www.googleapis.com/auth/cloud-platform"]
[debug] [2026-05-17T13:14:51.764Z] > authorizing via signed-in user (my.hire.hub@gmail.com)
[debug] [2026-05-17T13:14:51.764Z] [iam] checking project hire-hub-fe6c4 for permissions ["firebase.projects.get","firebaseextensions.instances.list"]
[debug] [2026-05-17T13:14:51.764Z] Checked if tokens are valid: true, expires at: 1779027246538
[debug] [2026-05-17T13:14:51.764Z] Checked if tokens are valid: true, expires at: 1779027246538
[debug] [2026-05-17T13:14:51.764Z] >>> [apiv2][query] POST https://cloudresourcemanager.googleapis.com/v1/projects/hire-hub-fe6c4:testIamPermissions [none]
[debug] [2026-05-17T13:14:51.765Z] >>> [apiv2][(partial)header] POST https://cloudresourcemanager.googleapis.com/v1/projects/hire-hub-fe6c4:testIamPermissions  x-goog-user-project=hire-hub-fe6c4
[debug] [2026-05-17T13:14:51.765Z] >>> [apiv2][body] POST https://cloudresourcemanager.googleapis.com/v1/projects/hire-hub-fe6c4:testIamPermissions {"permissions":["firebase.projects.get","firebaseextensions.instances.list"]}
[debug] [2026-05-17T13:14:52.935Z] <<< [apiv2][status] POST https://cloudresourcemanager.googleapis.com/v1/projects/hire-hub-fe6c4:testIamPermissions 200
[debug] [2026-05-17T13:14:52.935Z] <<< [apiv2][body] POST https://cloudresourcemanager.googleapis.com/v1/projects/hire-hub-fe6c4:testIamPermissions {"permissions":["firebase.projects.get","firebaseextensions.instances.list"]}
[debug] [2026-05-17T13:14:52.935Z] Checked if tokens are valid: true, expires at: 1779027246538
[debug] [2026-05-17T13:14:52.935Z] Checked if tokens are valid: true, expires at: 1779027246538
[debug] [2026-05-17T13:14:52.935Z] >>> [apiv2][query] GET https://firebaseextensions.googleapis.com/v1beta/projects/hire-hub-fe6c4/instances pageSize=100&pageToken=
[debug] [2026-05-17T13:14:54.044Z] <<< [apiv2][status] GET https://firebaseextensions.googleapis.com/v1beta/projects/hire-hub-fe6c4/instances 200
[debug] [2026-05-17T13:14:54.045Z] <<< [apiv2][body] GET https://firebaseextensions.googleapis.com/v1beta/projects/hire-hub-fe6c4/instances {}
[info] i  functions: preparing functions directory for uploading... 
[info] i  functions: packaged /Users/raslan/Developer/hiro_website/functions (68.9 KB) for uploading 
[debug] [2026-05-17T13:14:54.063Z] Checked if tokens are valid: true, expires at: 1779027246538
[debug] [2026-05-17T13:14:54.063Z] Checked if tokens are valid: true, expires at: 1779027246538
[debug] [2026-05-17T13:14:54.064Z] >>> [apiv2][query] GET https://cloudfunctions.googleapis.com/v1/projects/hire-hub-fe6c4/locations/-/functions [none]
[debug] [2026-05-17T13:14:55.836Z] <<< [apiv2][status] GET https://cloudfunctions.googleapis.com/v1/projects/hire-hub-fe6c4/locations/-/functions 200
[debug] [2026-05-17T13:14:55.837Z] <<< [apiv2][body] GET https://cloudfunctions.googleapis.com/v1/projects/hire-hub-fe6c4/locations/-/functions {}
[debug] [2026-05-17T13:14:55.837Z] Checked if tokens are valid: true, expires at: 1779027246538
[debug] [2026-05-17T13:14:55.837Z] Checked if tokens are valid: true, expires at: 1779027246538
[debug] [2026-05-17T13:14:55.837Z] >>> [apiv2][query] GET https://cloudfunctions.googleapis.com/v2/projects/hire-hub-fe6c4/locations/-/functions filter=environment%3D%22GEN_2%22
[debug] [2026-05-17T13:14:57.944Z] <<< [apiv2][status] GET https://cloudfunctions.googleapis.com/v2/projects/hire-hub-fe6c4/locations/-/functions 200
[debug] [2026-05-17T13:14:57.944Z] <<< [apiv2][body] GET https://cloudfunctions.googleapis.com/v2/projects/hire-hub-fe6c4/locations/-/functions {"functions":[{"name":"projects/hire-hub-fe6c4/locations/us-central1/functions/sendNotificationPush","buildConfig":{"build":"projects/29257648718/locations/us-central1/builds/8fa53e00-5141-4985-9b32-59227ef38eb2","runtime":"nodejs20","entryPoint":"sendNotificationPush","source":{"storageSource":{"bucket":"gcf-v2-sources-29257648718-us-central1","object":"sendNotificationPush/function-source.zip","generation":"1777981591118642"}},"environmentVariables":{"GOOGLE_NODE_RUN_SCRIPTS":""},"dockerRepository":"projects/hire-hub-fe6c4/locations/us-central1/repositories/gcf-artifacts","sourceProvenance":{"resolvedStorageSource":{"bucket":"gcf-v2-sources-29257648718-us-central1","object":"sendNotificationPush/function-source.zip","generation":"1777981591118642"}},"dockerRegistry":"ARTIFACT_REGISTRY","serviceAccount":"projects/hire-hub-fe6c4/serviceAccounts/29257648718-compute@developer.gserviceaccount.com","automaticUpdatePolicy":{}},"serviceConfig":{"service":"projects/hire-hub-fe6c4/locations/us-central1/services/sendnotificationpush","timeoutSeconds":60,"environmentVariables":{"FIREBASE_CONFIG":"{\"projectId\":\"hire-hub-fe6c4\",\"databaseURL\":\"https://hire-hub-fe6c4-default-rtdb.firebaseio.com\",\"storageBucket\":\"hire-hub-fe6c4.firebasestorage.app\"}","GCLOUD_PROJECT":"hire-hub-fe6c4","EVENTARC_CLOUD_EVENT_SOURCE":"projects/hire-hub-fe6c4/locations/us-central1/services/sendNotificationPush","FUNCTION_SIGNATURE_TYPE":"cloudevent","FUNCTION_TARGET":"sendNotificationPush","LOG_EXECUTION_ID":"true"},"maxInstanceCount":20,"ingressSettings":"ALLOW_ALL","uri":"https://sendnotificationpush-u7mugrxjga-uc.a.run.app","serviceAccountEmail":"29257648718-compute@developer.gserviceaccount.com","availableMemory":"256Mi","allTrafficOnLatestRevision":true,"revision":"sendnotificationpush-00009-big","maxInstanceRequestConcurrency":80,"availableCpu":"1"},"eventTrigger":{"trigger":"projects/hire-hub-fe6c4/locations/me-west1/triggers/sendnotificationpush-453717","triggerRegion":"me-west1","eventType":"google.cloud.firestore.document.v1.created","eventFilters":[{"attribute":"namespace","value":"(default)"},{"attribute":"document","value":"users/{userId}/notifications/{notificationId}","operator":"match-path-pattern"},{"attribute":"database","value":"(default)"}],"pubsubTopic":"projects/hire-hub-fe6c4/topics/eventarc-me-west1-sendnotificationpush-453717-144","serviceAccountEmail":"29257648718-compute@developer.gserviceaccount.com","retryPolicy":"RETRY_POLICY_DO_NOT_RETRY"},"state":"ACTIVE","updateTime":"2026-05-05T11:47:54.537170827Z","labels":{"deployment-tool":"cli-firebase","firebase-functions-hash":"01cc7996c0599e0a958957f36c5eef69dce06efc"},"environment":"GEN_2","url":"https://us-central1-hire-hub-fe6c4.cloudfunctions.net/sendNotificationPush","createTime":"2026-04-24T17:23:27.175626033Z","satisfiesPzi":true},{"name":"projects/hire-hub-fe6c4/locations/us-central1/functions/handleGooglePlaySubscriptionNotification","buildConfig":{"build":"projects/29257648718/locations/us-central1/builds/8fa53e00-5141-4985-9b32-59227ef38eb2","runtime":"nodejs20","entryPoint":"handleGooglePlaySubscriptionNotification","source":{"storageSource":{"bucket":"gcf-v2-sources-29257648718-us-central1","object":"handleGooglePlaySubscriptionNotification/function-source.zip","generation":"1777981655265720"}},"environmentVariables":{"GOOGLE_NODE_RUN_SCRIPTS":""},"dockerRepository":"projects/hire-hub-fe6c4/locations/us-central1/repositories/gcf-artifacts","sourceProvenance":{"resolvedStorageSource":{"bucket":"gcf-v2-sources-29257648718-us-central1","object":"handleGooglePlaySubscriptionNotification/function-source.zip","generation":"1777981655265720"}},"dockerRegistry":"ARTIFACT_REGISTRY","serviceAccount":"projects/hire-hub-fe6c4/serviceAccounts/29257648718-compute@developer.gserviceaccount.com","automaticUpdatePolicy":{}},"serviceConfig":{"service":"projects/hire-hub-fe6c4/locations/us-central1/services/handlegoogleplaysubscriptionnotification","timeoutSeconds":60,"environmentVariables":{"FIREBASE_CONFIG":"{\"projectId\":\"hire-hub-fe6c4\",\"databaseURL\":\"https://hire-hub-fe6c4-default-rtdb.firebaseio.com\",\"storageBucket\":\"hire-hub-fe6c4.firebasestorage.app\"}","GCLOUD_PROJECT":"hire-hub-fe6c4","EVENTARC_CLOUD_EVENT_SOURCE":"projects/hire-hub-fe6c4/locations/us-central1/services/handleGooglePlaySubscriptionNotification","FUNCTION_SIGNATURE_TYPE":"cloudevent","FUNCTION_TARGET":"handleGooglePlaySubscriptionNotification","LOG_EXECUTION_ID":"true"},"maxInstanceCount":20,"ingressSettings":"ALLOW_ALL","uri":"https://handlegoogleplaysubscriptionnotification-u7mugrxjga-uc.a.run.app","serviceAccountEmail":"29257648718-compute@developer.gserviceaccount.com","availableMemory":"256Mi","allTrafficOnLatestRevision":true,"revision":"handlegoogleplaysubscriptionnotification-00004-xop","maxInstanceRequestConcurrency":80,"availableCpu":"1"},"eventTrigger":{"trigger":"projects/hire-hub-fe6c4/locations/us-central1/triggers/handlegoogleplaysubscriptionnotification-891489","triggerRegion":"us-central1","eventType":"google.cloud.pubsub.topic.v1.messagePublished","pubsubTopic":"projects/hire-hub-fe6c4/topics/play-subscription-notifications","serviceAccountEmail":"29257648718-compute@developer.gserviceaccount.com","retryPolicy":"RETRY_POLICY_DO_NOT_RETRY"},"state":"ACTIVE","updateTime":"2026-05-05T11:47:54.550726820Z","labels":{"deployment-tool":"cli-firebase","firebase-functions-hash":"01cc7996c0599e0a958957f36c5eef69dce06efc"},"environment":"GEN_2","url":"https://us-central1-hire-hub-fe6c4.cloudfunctions.net/handleGooglePlaySubscriptionNotification","createTime":"2026-04-30T07:30:56.028128482Z","satisfiesPzi":true},{"name":"projects/hire-hub-fe6c4/locations/us-central1/functions/cleanupSubscriptionNotificationEvents","buildConfig":{"build":"projects/29257648718/locations/us-central1/builds/8fa53e00-5141-4985-9b32-59227ef38eb2","runtime":"nodejs20","entryPoint":"cleanupSubscriptionNotificationEvents","source":{"storageSource":{"bucket":"gcf-v2-sources-29257648718-us-central1","object":"cleanupSubscriptionNotificationEvents/function-source.zip","generation":"1777981655331731"}},"environmentVariables":{"GOOGLE_NODE_RUN_SCRIPTS":""},"dockerRepository":"projects/hire-hub-fe6c4/locations/us-central1/repositories/gcf-artifacts","sourceProvenance":{"resolvedStorageSource":{"bucket":"gcf-v2-sources-29257648718-us-central1","object":"cleanupSubscriptionNotificationEvents/function-source.zip","generation":"1777981655331731"}},"dockerRegistry":"ARTIFACT_REGISTRY","serviceAccount":"projects/hire-hub-fe6c4/serviceAccounts/29257648718-compute@developer.gserviceaccount.com","automaticUpdatePolicy":{}},"serviceConfig":{"service":"projects/hire-hub-fe6c4/locations/us-central1/services/cleanupsubscriptionnotificationevents","timeoutSeconds":60,"environmentVariables":{"FIREBASE_CONFIG":"{\"projectId\":\"hire-hub-fe6c4\",\"databaseURL\":\"https://hire-hub-fe6c4-default-rtdb.firebaseio.com\",\"storageBucket\":\"hire-hub-fe6c4.firebasestorage.app\"}","GCLOUD_PROJECT":"hire-hub-fe6c4","EVENTARC_CLOUD_EVENT_SOURCE":"projects/hire-hub-fe6c4/locations/us-central1/services/cleanupSubscriptionNotificationEvents","FUNCTION_TARGET":"cleanupSubscriptionNotificationEvents","LOG_EXECUTION_ID":"true","FUNCTION_SIGNATURE_TYPE":"http"},"maxInstanceCount":20,"ingressSettings":"ALLOW_ALL","uri":"https://cleanupsubscriptionnotificationevents-u7mugrxjga-uc.a.run.app","serviceAccountEmail":"29257648718-compute@developer.gserviceaccount.com","availableMemory":"256Mi","allTrafficOnLatestRevision":true,"revision":"cleanupsubscriptionnotificationevents-00004-wiy","maxInstanceRequestConcurrency":80,"availableCpu":"1"},"state":"ACTIVE","updateTime":"2026-05-05T11:47:54.484642980Z","labels":{"deployment-scheduled":"true","firebase-functions-hash":"01cc7996c0599e0a958957f36c5eef69dce06efc","deployment-tool":"cli-firebase"},"environment":"GEN_2","url":"https://us-central1-hire-hub-fe6c4.cloudfunctions.net/cleanupSubscriptionNotificationEvents","createTime":"2026-04-30T07:30:55.921702281Z","satisfiesPzi":true},{"name":"projects/hire-hub-fe6c4/locations/us-central1/functions/handleAppStoreServerNotification","buildConfig":{"build":"projects/29257648718/locations/us-central1/builds/8fa53e00-5141-4985-9b32-59227ef38eb2","runtime":"nodejs20","entryPoint":"handleAppStoreServerNotification","source":{"storageSource":{"bucket":"gcf-v2-sources-29257648718-us-central1","object":"handleAppStoreServerNotification/function-source.zip","generation":"1777981655242791"}},"environmentVariables":{"GOOGLE_NODE_RUN_SCRIPTS":""},"dockerRepository":"projects/hire-hub-fe6c4/locations/us-central1/repositories/gcf-artifacts","sourceProvenance":{"resolvedStorageSource":{"bucket":"gcf-v2-sources-29257648718-us-central1","object":"handleAppStoreServerNotification/function-source.zip","generation":"1777981655242791"}},"dockerRegistry":"ARTIFACT_REGISTRY","serviceAccount":"projects/hire-hub-fe6c4/serviceAccounts/29257648718-compute@developer.gserviceaccount.com","automaticUpdatePolicy":{}},"serviceConfig":{"service":"projects/hire-hub-fe6c4/locations/us-central1/services/handleappstoreservernotification","timeoutSeconds":60,"environmentVariables":{"FIREBASE_CONFIG":"{\"projectId\":\"hire-hub-fe6c4\",\"databaseURL\":\"https://hire-hub-fe6c4-default-rtdb.firebaseio.com\",\"storageBucket\":\"hire-hub-fe6c4.firebasestorage.app\"}","GCLOUD_PROJECT":"hire-hub-fe6c4","EVENTARC_CLOUD_EVENT_SOURCE":"projects/hire-hub-fe6c4/locations/us-central1/services/handleAppStoreServerNotification","FUNCTION_TARGET":"handleAppStoreServerNotification","LOG_EXECUTION_ID":"true","FUNCTION_SIGNATURE_TYPE":"http"},"maxInstanceCount":20,"ingressSettings":"ALLOW_ALL","uri":"https://handleappstoreservernotification-u7mugrxjga-uc.a.run.app","serviceAccountEmail":"29257648718-compute@developer.gserviceaccount.com","availableMemory":"256Mi","allTrafficOnLatestRevision":true,"revision":"handleappstoreservernotification-00004-qid","maxInstanceRequestConcurrency":80,"availableCpu":"1"},"state":"ACTIVE","updateTime":"2026-05-05T11:47:54.018284062Z","labels":{"deployment-tool":"cli-firebase","firebase-functions-hash":"01cc7996c0599e0a958957f36c5eef69dce06efc"},"environment":"GEN_2","url":"https://us-central1-hire-hub-fe6c4.cloudfunctions.net/handleAppStoreServerNotification","createTime":"2026-04-30T07:30:02.350128450Z","satisfiesPzi":true},{"name":"projects/hire-hub-fe6c4/locations/us-central1/functions/syncWorkerSubscriptionLifecycle","buildConfig":{"build":"projects/29257648718/locations/us-central1/builds/8fa53e00-5141-4985-9b32-59227ef38eb2","runtime":"nodejs20","entryPoint":"syncWorkerSubscriptionLifecycle","source":{"storageSource":{"bucket":"gcf-v2-sources-29257648718-us-central1","object":"syncWorkerSubscriptionLifecycle/function-source.zip","generation":"1777981655310624"}},"environmentVariables":{"GOOGLE_NODE_RUN_SCRIPTS":""},"dockerRepository":"projects/hire-hub-fe6c4/locations/us-central1/repositories/gcf-artifacts","sourceProvenance":{"resolvedStorageSource":{"bucket":"gcf-v2-sources-29257648718-us-central1","object":"syncWorkerSubscriptionLifecycle/function-source.zip","generation":"1777981655310624"}},"dockerRegistry":"ARTIFACT_REGISTRY","serviceAccount":"projects/hire-hub-fe6c4/serviceAccounts/29257648718-compute@developer.gserviceaccount.com","automaticUpdatePolicy":{}},"serviceConfig":{"service":"projects/hire-hub-fe6c4/locations/us-central1/services/syncworkersubscriptionlifecycle","timeoutSeconds":60,"environmentVariables":{"FIREBASE_CONFIG":"{\"projectId\":\"hire-hub-fe6c4\",\"databaseURL\":\"https://hire-hub-fe6c4-default-rtdb.firebaseio.com\",\"storageBucket\":\"hire-hub-fe6c4.firebasestorage.app\"}","GCLOUD_PROJECT":"hire-hub-fe6c4","EVENTARC_CLOUD_EVENT_SOURCE":"projects/hire-hub-fe6c4/locations/us-central1/services/syncWorkerSubscriptionLifecycle","FUNCTION_TARGET":"syncWorkerSubscriptionLifecycle","LOG_EXECUTION_ID":"true","FUNCTION_SIGNATURE_TYPE":"http"},"maxInstanceCount":20,"ingressSettings":"ALLOW_ALL","uri":"https://syncworkersubscriptionlifecycle-u7mugrxjga-uc.a.run.app","serviceAccountEmail":"29257648718-compute@developer.gserviceaccount.com","availableMemory":"256Mi","allTrafficOnLatestRevision":true,"revision":"syncworkersubscriptionlifecycle-00004-fuz","maxInstanceRequestConcurrency":80,"availableCpu":"1"},"state":"ACTIVE","updateTime":"2026-05-05T11:47:53.391338753Z","labels":{"deployment-tool":"cli-firebase","deployment-scheduled":"true","firebase-functions-hash":"01cc7996c0599e0a958957f36c5eef69dce06efc"},"environment":"GEN_2","url":"https://us-central1-hire-hub-fe6c4.cloudfunctions.net/syncWorkerSubscriptionLifecycle","createTime":"2026-04-30T07:30:55.835157903Z","satisfiesPzi":true},{"name":"projects/hire-hub-fe6c4/locations/us-central1/functions/createMessageNotification","buildConfig":{"build":"projects/29257648718/locations/us-central1/builds/7374f390-cb69-4477-86d2-022ca8651bb7","runtime":"nodejs20","entryPoint":"createMessageNotification","source":{"storageSource":{"bucket":"gcf-v2-sources-29257648718-us-central1","object":"createMessageNotification/function-source.zip","generation":"1777884491979245"}},"environmentVariables":{"GOOGLE_NODE_RUN_SCRIPTS":""},"dockerRepository":"projects/hire-hub-fe6c4/locations/us-central1/repositories/gcf-artifacts","sourceProvenance":{"resolvedStorageSource":{"bucket":"gcf-v2-sources-29257648718-us-central1","object":"createMessageNotification/function-source.zip","generation":"1777884491979245"}},"dockerRegistry":"ARTIFACT_REGISTRY","serviceAccount":"projects/hire-hub-fe6c4/serviceAccounts/29257648718-compute@developer.gserviceaccount.com","automaticUpdatePolicy":{}},"serviceConfig":{"service":"projects/hire-hub-fe6c4/locations/us-central1/services/createmessagenotification","timeoutSeconds":60,"environmentVariables":{"FIREBASE_CONFIG":"{\"projectId\":\"hire-hub-fe6c4\",\"databaseURL\":\"https://hire-hub-fe6c4-default-rtdb.firebaseio.com\",\"storageBucket\":\"hire-hub-fe6c4.firebasestorage.app\"}","GCLOUD_PROJECT":"hire-hub-fe6c4","EVENTARC_CLOUD_EVENT_SOURCE":"projects/hire-hub-fe6c4/locations/us-central1/services/createMessageNotification","FUNCTION_SIGNATURE_TYPE":"cloudevent","FUNCTION_TARGET":"createMessageNotification","LOG_EXECUTION_ID":"true"},"ingressSettings":"ALLOW_ALL","uri":"https://createmessagenotification-u7mugrxjga-uc.a.run.app","serviceAccountEmail":"29257648718-compute@developer.gserviceaccount.com","availableMemory":"256Mi","allTrafficOnLatestRevision":true,"revision":"createmessagenotification-00001-rif","maxInstanceRequestConcurrency":80,"availableCpu":"1"},"eventTrigger":{"trigger":"projects/hire-hub-fe6c4/locations/me-west1/triggers/createmessagenotification-573894","triggerRegion":"me-west1","eventType":"google.cloud.firestore.document.v1.created","eventFilters":[{"attribute":"database","value":"(default)"},{"attribute":"namespace","value":"(default)"},{"attribute":"document","value":"chat_rooms/{roomId}/messages/{messageId}","operator":"match-path-pattern"}],"pubsubTopic":"projects/hire-hub-fe6c4/topics/eventarc-me-west1-createmessagenotification-573894-863","serviceAccountEmail":"29257648718-compute@developer.gserviceaccount.com","retryPolicy":"RETRY_POLICY_DO_NOT_RETRY"},"state":"ACTIVE","updateTime":"2026-05-04T08:49:34.978145725Z","labels":{"deployment-tool":"cli-firebase","firebase-functions-hash":"27048c617a7f4ea1e3d168f50e83932ddd3db4e9"},"environment":"GEN_2","url":"https://us-central1-hire-hub-fe6c4.cloudfunctions.net/createMessageNotification","createTime":"2026-05-04T08:48:13.019465535Z","satisfiesPzi":true},{"name":"projects/hire-hub-fe6c4/locations/us-central1/functions/verifySubscriptionPurchase","buildConfig":{"build":"projects/29257648718/locations/us-central1/builds/8fa53e00-5141-4985-9b32-59227ef38eb2","runtime":"nodejs20","entryPoint":"verifySubscriptionPurchase","source":{"storageSource":{"bucket":"gcf-v2-sources-29257648718-us-central1","object":"verifySubscriptionPurchase/function-source.zip","generation":"1777981654890343"}},"environmentVariables":{"GOOGLE_NODE_RUN_SCRIPTS":""},"dockerRepository":"projects/hire-hub-fe6c4/locations/us-central1/repositories/gcf-artifacts","sourceProvenance":{"resolvedStorageSource":{"bucket":"gcf-v2-sources-29257648718-us-central1","object":"verifySubscriptionPurchase/function-source.zip","generation":"1777981654890343"}},"dockerRegistry":"ARTIFACT_REGISTRY","serviceAccount":"projects/hire-hub-fe6c4/serviceAccounts/29257648718-compute@developer.gserviceaccount.com","automaticUpdatePolicy":{}},"serviceConfig":{"service":"projects/hire-hub-fe6c4/locations/us-central1/services/verifysubscriptionpurchase","timeoutSeconds":60,"environmentVariables":{"FIREBASE_CONFIG":"{\"projectId\":\"hire-hub-fe6c4\",\"databaseURL\":\"https://hire-hub-fe6c4-default-rtdb.firebaseio.com\",\"storageBucket\":\"hire-hub-fe6c4.firebasestorage.app\"}","GCLOUD_PROJECT":"hire-hub-fe6c4","EVENTARC_CLOUD_EVENT_SOURCE":"projects/hire-hub-fe6c4/locations/us-central1/services/verifySubscriptionPurchase","FUNCTION_TARGET":"verifySubscriptionPurchase","LOG_EXECUTION_ID":"true","FUNCTION_SIGNATURE_TYPE":"http"},"maxInstanceCount":20,"ingressSettings":"ALLOW_ALL","uri":"https://verifysubscriptionpurchase-u7mugrxjga-uc.a.run.app","serviceAccountEmail":"29257648718-compute@developer.gserviceaccount.com","availableMemory":"256Mi","allTrafficOnLatestRevision":true,"revision":"verifysubscriptionpurchase-00003-hoc","maxInstanceRequestConcurrency":80,"availableCpu":"1"},"state":"ACTIVE","updateTime":"2026-05-05T11:47:51.935102843Z","labels":{"deployment-tool":"cli-firebase","deployment-callable":"true","firebase-functions-hash":"01cc7996c0599e0a958957f36c5eef69dce06efc"},"environment":"GEN_2","url":"https://us-central1-hire-hub-fe6c4.cloudfunctions.net/verifySubscriptionPurchase","createTime":"2026-05-03T11:33:27.736115709Z","satisfiesPzi":true}]}
[debug] [2026-05-17T13:14:57.946Z] Checked if tokens are valid: true, expires at: 1779027246538
[debug] [2026-05-17T13:14:57.946Z] Checked if tokens are valid: true, expires at: 1779027246538
[debug] [2026-05-17T13:14:57.947Z] >>> [apiv2][query] GET https://firestore.googleapis.com/v1/projects/hire-hub-fe6c4/databases/(default) [none]
[debug] [2026-05-17T13:14:58.100Z] <<< [apiv2][status] GET https://firestore.googleapis.com/v1/projects/hire-hub-fe6c4/databases/(default) 200
[debug] [2026-05-17T13:14:58.100Z] <<< [apiv2][body] GET https://firestore.googleapis.com/v1/projects/hire-hub-fe6c4/databases/(default) {"name":"projects/hire-hub-fe6c4/databases/(default)","uid":"d3ca2d2e-1985-4056-9485-f95f846c0785","createTime":"2026-03-11T13:46:37.023027Z","updateTime":"2026-03-11T13:46:37.023027Z","locationId":"me-west1","type":"FIRESTORE_NATIVE","concurrencyMode":"PESSIMISTIC","versionRetentionPeriod":"604800s","earliestVersionTime":"2026-05-10T13:15:00Z","appEngineIntegrationMode":"DISABLED","pointInTimeRecoveryEnablement":"POINT_IN_TIME_RECOVERY_ENABLED","deleteProtectionState":"DELETE_PROTECTION_DISABLED","databaseEdition":"STANDARD","freeTier":true,"realtimeUpdatesMode":"REALTIME_UPDATES_MODE_ENABLED","etag":"IL2pz9yzwJQDMI7Xj5WQ1JMD"}
[info] i  functions: ensuring required API run.googleapis.com is enabled... 
[info] i  functions: ensuring required API eventarc.googleapis.com is enabled... 
[info] i  functions: ensuring required API pubsub.googleapis.com is enabled... 
[info] i  functions: ensuring required API storage.googleapis.com is enabled... 
[info] i  functions: generating the service identity for pubsub.googleapis.com... 
[debug] [2026-05-17T13:14:58.102Z] Checked if tokens are valid: true, expires at: 1779027246538
[debug] [2026-05-17T13:14:58.102Z] Checked if tokens are valid: true, expires at: 1779027246538
[info] i  functions: generating the service identity for eventarc.googleapis.com... 
[debug] [2026-05-17T13:14:58.103Z] Checked if tokens are valid: true, expires at: 1779027246538
[debug] [2026-05-17T13:14:58.103Z] Checked if tokens are valid: true, expires at: 1779027246538
[debug] [2026-05-17T13:14:58.103Z] >>> [apiv2][query] POST https://serviceusage.googleapis.com/v1beta1/projects/29257648718/services/pubsub.googleapis.com:generateServiceIdentity [none]
[debug] [2026-05-17T13:14:58.103Z] >>> [apiv2][(partial)header] POST https://serviceusage.googleapis.com/v1beta1/projects/29257648718/services/pubsub.googleapis.com:generateServiceIdentity  x-goog-user-project=29257648718
[debug] [2026-05-17T13:14:58.103Z] >>> [apiv2][body] POST https://serviceusage.googleapis.com/v1beta1/projects/29257648718/services/pubsub.googleapis.com:generateServiceIdentity {}
[debug] [2026-05-17T13:14:58.104Z] >>> [apiv2][query] POST https://serviceusage.googleapis.com/v1beta1/projects/29257648718/services/eventarc.googleapis.com:generateServiceIdentity [none]
[debug] [2026-05-17T13:14:58.104Z] >>> [apiv2][(partial)header] POST https://serviceusage.googleapis.com/v1beta1/projects/29257648718/services/eventarc.googleapis.com:generateServiceIdentity  x-goog-user-project=29257648718
[debug] [2026-05-17T13:14:58.104Z] >>> [apiv2][body] POST https://serviceusage.googleapis.com/v1beta1/projects/29257648718/services/eventarc.googleapis.com:generateServiceIdentity {}
[debug] [2026-05-17T13:14:59.288Z] <<< [apiv2][status] POST https://serviceusage.googleapis.com/v1beta1/projects/29257648718/services/eventarc.googleapis.com:generateServiceIdentity 200
[debug] [2026-05-17T13:14:59.288Z] <<< [apiv2][body] POST https://serviceusage.googleapis.com/v1beta1/projects/29257648718/services/eventarc.googleapis.com:generateServiceIdentity {"name":"operations/finished.DONE_OPERATION","done":true,"response":{"@type":"type.googleapis.com/google.api.serviceusage.v1beta1.ServiceIdentity","email":"service-29257648718@gcp-sa-eventarc.iam.gserviceaccount.com","uniqueId":"111382509975403593017"}}
[debug] [2026-05-17T13:14:59.354Z] <<< [apiv2][status] POST https://serviceusage.googleapis.com/v1beta1/projects/29257648718/services/pubsub.googleapis.com:generateServiceIdentity 200
[debug] [2026-05-17T13:14:59.354Z] <<< [apiv2][body] POST https://serviceusage.googleapis.com/v1beta1/projects/29257648718/services/pubsub.googleapis.com:generateServiceIdentity {"name":"operations/finished.DONE_OPERATION","done":true,"response":{"@type":"type.googleapis.com/google.api.serviceusage.v1beta1.ServiceIdentity","email":"service-29257648718@gcp-sa-pubsub.iam.gserviceaccount.com","uniqueId":"114932322187531102284"}}
[debug] [2026-05-17T13:14:59.356Z] Checked if tokens are valid: true, expires at: 1779027246538
[debug] [2026-05-17T13:14:59.356Z] Checked if tokens are valid: true, expires at: 1779027246538
[debug] [2026-05-17T13:14:59.356Z] >>> [apiv2][query] GET https://cloudresourcemanager.googleapis.com/v1/projects/hire-hub-fe6c4 [none]
[debug] [2026-05-17T13:15:00.354Z] <<< [apiv2][status] GET https://cloudresourcemanager.googleapis.com/v1/projects/hire-hub-fe6c4 200
[debug] [2026-05-17T13:15:00.354Z] <<< [apiv2][body] GET https://cloudresourcemanager.googleapis.com/v1/projects/hire-hub-fe6c4 {"projectNumber":"29257648718","projectId":"hire-hub-fe6c4","lifecycleState":"ACTIVE","name":"hire-hub","labels":{"firebase":"enabled","firebase-core":"disabled"},"createTime":"2026-03-06T22:02:21.079174Z"}
[debug] [2026-05-17T13:15:00.355Z] Checked if tokens are valid: true, expires at: 1779027246538
[debug] [2026-05-17T13:15:00.355Z] Checked if tokens are valid: true, expires at: 1779027246538
[debug] [2026-05-17T13:15:00.355Z] >>> [apiv2][query] GET https://compute.googleapis.com/compute/v1/projects/29257648718 [none]
[debug] [2026-05-17T13:15:00.692Z] <<< [apiv2][status] GET https://compute.googleapis.com/compute/v1/projects/29257648718 403
[debug] [2026-05-17T13:15:00.692Z] <<< [apiv2][body] GET https://compute.googleapis.com/compute/v1/projects/29257648718 {"error":{"code":403,"message":"Compute Engine API has not been used in project 29257648718 before or it is disabled. Enable it by visiting https://console.developers.google.com/apis/api/compute.googleapis.com/overview?project=29257648718 then retry. If you enabled this API recently, wait a few minutes for the action to propagate to our systems and retry.","errors":[{"message":"Compute Engine API has not been used in project 29257648718 before or it is disabled. Enable it by visiting https://console.developers.google.com/apis/api/compute.googleapis.com/overview?project=29257648718 then retry. If you enabled this API recently, wait a few minutes for the action to propagate to our systems and retry.","domain":"usageLimits","reason":"accessNotConfigured","extendedHelp":"https://console.developers.google.com"}],"status":"PERMISSION_DENIED","details":[{"@type":"type.googleapis.com/google.rpc.ErrorInfo","reason":"SERVICE_DISABLED","domain":"googleapis.com","metadata":{"service":"compute.googleapis.com","serviceTitle":"Compute Engine API","activationUrl":"https://console.developers.google.com/apis/api/compute.googleapis.com/overview?project=29257648718","consumer":"projects/29257648718","containerInfo":"29257648718"}},{"@type":"type.googleapis.com/google.rpc.LocalizedMessage","locale":"en-US","message":"Compute Engine API has not been used in project 29257648718 before or it is disabled. Enable it by visiting https://console.developers.google.com/apis/api/compute.googleapis.com/overview?project=29257648718 then retry. If you enabled this API recently, wait a few minutes for the action to propagate to our systems and retry."},{"@type":"type.googleapis.com/google.rpc.Help","links":[{"description":"Google developers console API activation","url":"https://console.developers.google.com/apis/api/compute.googleapis.com/overview?project=29257648718"}]}]}}
[debug] [2026-05-17T13:15:00.693Z] unable to look up default compute service account. Falling back to 29257648718-compute@developer.gserviceaccount.com. Error: {"name":"FirebaseError","children":[],"context":{"body":{"error":{"code":403,"message":"Compute Engine API has not been used in project 29257648718 before or it is disabled. Enable it by visiting https://console.developers.google.com/apis/api/compute.googleapis.com/overview?project=29257648718 then retry. If you enabled this API recently, wait a few minutes for the action to propagate to our systems and retry.","errors":[{"message":"Compute Engine API has not been used in project 29257648718 before or it is disabled. Enable it by visiting https://console.developers.google.com/apis/api/compute.googleapis.com/overview?project=29257648718 then retry. If you enabled this API recently, wait a few minutes for the action to propagate to our systems and retry.","domain":"usageLimits","reason":"accessNotConfigured","extendedHelp":"https://console.developers.google.com"}],"status":"PERMISSION_DENIED","details":[{"@type":"type.googleapis.com/google.rpc.ErrorInfo","reason":"SERVICE_DISABLED","domain":"googleapis.com","metadata":{"service":"compute.googleapis.com","serviceTitle":"Compute Engine API","activationUrl":"https://console.developers.google.com/apis/api/compute.googleapis.com/overview?project=29257648718","consumer":"projects/29257648718","containerInfo":"29257648718"}},{"@type":"type.googleapis.com/google.rpc.LocalizedMessage","locale":"en-US","message":"Compute Engine API has not been used in project 29257648718 before or it is disabled. Enable it by visiting https://console.developers.google.com/apis/api/compute.googleapis.com/overview?project=29257648718 then retry. If you enabled this API recently, wait a few minutes for the action to propagate to our systems and retry."},{"@type":"type.googleapis.com/google.rpc.Help","links":[{"description":"Google developers console API activation","url":"https://console.developers.google.com/apis/api/compute.googleapis.com/overview?project=29257648718"}]}]}},"response":{"statusCode":403}},"exit":1,"message":"Request to https://compute.googleapis.com/compute/v1/projects/29257648718 had HTTP Error: 403, Compute Engine API has not been used in project 29257648718 before or it is disabled. Enable it by visiting https://console.developers.google.com/apis/api/compute.googleapis.com/overview?project=29257648718 then retry. If you enabled this API recently, wait a few minutes for the action to propagate to our systems and retry.","status":403}
[debug] [2026-05-17T13:15:00.694Z] Checked if tokens are valid: true, expires at: 1779027246538
[debug] [2026-05-17T13:15:00.694Z] Checked if tokens are valid: true, expires at: 1779027246538
[debug] [2026-05-17T13:15:00.694Z] >>> [apiv2][query] GET https://cloudbilling.googleapis.com/v1/projects/hire-hub-fe6c4/billingInfo [none]
[debug] [2026-05-17T13:15:01.030Z] <<< [apiv2][status] GET https://cloudbilling.googleapis.com/v1/projects/hire-hub-fe6c4/billingInfo 200
[debug] [2026-05-17T13:15:01.030Z] <<< [apiv2][body] GET https://cloudbilling.googleapis.com/v1/projects/hire-hub-fe6c4/billingInfo {"name":"projects/hire-hub-fe6c4/billingInfo","projectId":"hire-hub-fe6c4","billingAccountName":"billingAccounts/01166A-B6B90C-182A11","billingEnabled":true}
[debug] [2026-05-17T13:15:01.031Z] Checked if tokens are valid: true, expires at: 1779027246538
[debug] [2026-05-17T13:15:01.031Z] Checked if tokens are valid: true, expires at: 1779027246538
[debug] [2026-05-17T13:15:01.031Z] >>> [apiv2][query] POST https://cloudfunctions.googleapis.com/v2/projects/hire-hub-fe6c4/locations/us-central1/functions:generateUploadUrl [none]
[debug] [2026-05-17T13:15:01.414Z] <<< [apiv2][status] POST https://cloudfunctions.googleapis.com/v2/projects/hire-hub-fe6c4/locations/us-central1/functions:generateUploadUrl 200
[debug] [2026-05-17T13:15:01.414Z] <<< [apiv2][body] POST https://cloudfunctions.googleapis.com/v2/projects/hire-hub-fe6c4/locations/us-central1/functions:generateUploadUrl {"uploadUrl":"https://storage.googleapis.com/gcf-v2-uploads-29257648718.us-central1.cloudfunctions.appspot.com/4986b590-0694-4e7f-b28b-e02b99fb0ba1.zip?GoogleAccessId=service-29257648718@gcf-admin-robot.iam.gserviceaccount.com&Expires=1779025501&Signature=ZzGdrwetHooMiIE9jj8RFFq1%2FUM9AvdAdCCptWAZAAMQdCb4Cz0ahdAsUR9DpCjOhpHRGGI9paXOuf%2FDgHoEtcO9GqjsZmT2ahLpX97fXU1peUik1PsIKD4%2FqrQL0oF1W8DS3whBZOpUvd9WZYfQBnVSPREUamxzcH61sAJvTI93lTcU3TI14dqXBQqaZecRwvxwblMa%2FfMQg7yfTJEFYR9Gy325R4ZZ6ck%2BbMYLbtFuPLoDtRxr3pDxAVrVQLOX3AF5SSuRmKla9PqZG74G1byTTgEiEgfel4xHkTuQfHVw8apw1BsJ03bb08YJT%2Bm%2BDuWW%2B1hSl%2B9MTn6iYyBR3g%3D%3D","storageSource":{"bucket":"gcf-v2-uploads-29257648718.us-central1.cloudfunctions.appspot.com","object":"4986b590-0694-4e7f-b28b-e02b99fb0ba1.zip"}}
[debug] [2026-05-17T13:15:01.416Z] >>> [apiv2][query] PUT https://storage.googleapis.com/gcf-v2-uploads-29257648718.us-central1.cloudfunctions.appspot.com/4986b590-0694-4e7f-b28b-e02b99fb0ba1.zip GoogleAccessId=service-29257648718%40gcf-admin-robot.iam.gserviceaccount.com&Expires=1779025501&Signature=ZzGdrwetHooMiIE9jj8RFFq1%2FUM9AvdAdCCptWAZAAMQdCb4Cz0ahdAsUR9DpCjOhpHRGGI9paXOuf%2FDgHoEtcO9GqjsZmT2ahLpX97fXU1peUik1PsIKD4%2FqrQL0oF1W8DS3whBZOpUvd9WZYfQBnVSPREUamxzcH61sAJvTI93lTcU3TI14dqXBQqaZecRwvxwblMa%2FfMQg7yfTJEFYR9Gy325R4ZZ6ck%2BbMYLbtFuPLoDtRxr3pDxAVrVQLOX3AF5SSuRmKla9PqZG74G1byTTgEiEgfel4xHkTuQfHVw8apw1BsJ03bb08YJT%2Bm%2BDuWW%2B1hSl%2B9MTn6iYyBR3g%3D%3D
[debug] [2026-05-17T13:15:01.416Z] >>> [apiv2][body] PUT https://storage.googleapis.com/gcf-v2-uploads-29257648718.us-central1.cloudfunctions.appspot.com/4986b590-0694-4e7f-b28b-e02b99fb0ba1.zip [stream]
[debug] [2026-05-17T13:15:02.173Z] <<< [apiv2][status] PUT https://storage.googleapis.com/gcf-v2-uploads-29257648718.us-central1.cloudfunctions.appspot.com/4986b590-0694-4e7f-b28b-e02b99fb0ba1.zip 200
[debug] [2026-05-17T13:15:02.174Z] <<< [apiv2][body] PUT https://storage.googleapis.com/gcf-v2-uploads-29257648718.us-central1.cloudfunctions.appspot.com/4986b590-0694-4e7f-b28b-e02b99fb0ba1.zip [omitted]
[info] ✔  functions: functions source uploaded successfully 
[info] i  functions: updating Node.js 20 (2nd Gen) function sendNotificationPush(us-central1)... 
[debug] [2026-05-17T13:15:02.179Z] Checked if tokens are valid: true, expires at: 1779027246538
[debug] [2026-05-17T13:15:02.179Z] Checked if tokens are valid: true, expires at: 1779027246538
[debug] [2026-05-17T13:15:02.179Z] >>> [apiv2][query] PATCH https://cloudfunctions.googleapis.com/v2/projects/hire-hub-fe6c4/locations/us-central1/functions/sendNotificationPush updateMask=name%2CbuildConfig.runtime%2CbuildConfig.entryPoint%2CbuildConfig.source.storageSource.bucket%2CbuildConfig.source.storageSource.object%2CbuildConfig.environmentVariables%2CbuildConfig.sourceToken%2CserviceConfig.environmentVariables%2CserviceConfig.ingressSettings%2CserviceConfig.timeoutSeconds%2CserviceConfig.serviceAccountEmail%2CserviceConfig.availableMemory%2CserviceConfig.minInstanceCount%2CserviceConfig.maxInstanceCount%2CserviceConfig.maxInstanceRequestConcurrency%2CserviceConfig.availableCpu%2CserviceConfig.vpcConnector%2CserviceConfig.vpcConnectorEgressSettings%2CserviceConfig.directVpcNetworkInterface%2CserviceConfig.directVpcEgress%2Clabels%2CeventTrigger.eventType%2CeventTrigger.retryPolicy%2CeventTrigger.eventFilters%2CeventTrigger.triggerRegion
[debug] [2026-05-17T13:15:02.180Z] >>> [apiv2][body] PATCH https://cloudfunctions.googleapis.com/v2/projects/hire-hub-fe6c4/locations/us-central1/functions/sendNotificationPush {"name":"projects/hire-hub-fe6c4/locations/us-central1/functions/sendNotificationPush","buildConfig":{"runtime":"nodejs20","entryPoint":"sendNotificationPush","source":{"storageSource":{"bucket":"gcf-v2-uploads-29257648718.us-central1.cloudfunctions.appspot.com","object":"4986b590-0694-4e7f-b28b-e02b99fb0ba1.zip"}},"environmentVariables":{"GOOGLE_NODE_RUN_SCRIPTS":""}},"serviceConfig":{"environmentVariables":{"FIREBASE_CONFIG":"{\"projectId\":\"hire-hub-fe6c4\",\"databaseURL\":\"https://hire-hub-fe6c4-default-rtdb.firebaseio.com\",\"storageBucket\":\"hire-hub-fe6c4.firebasestorage.app\"}","GCLOUD_PROJECT":"hire-hub-fe6c4","EVENTARC_CLOUD_EVENT_SOURCE":"projects/hire-hub-fe6c4/locations/us-central1/services/sendNotificationPush","FUNCTION_SIGNATURE_TYPE":"cloudevent","FUNCTION_TARGET":"sendNotificationPush","LOG_EXECUTION_ID":"true"},"ingressSettings":null,"timeoutSeconds":null,"serviceAccountEmail":null,"availableMemory":"256Mi","minInstanceCount":null,"maxInstanceCount":null,"maxInstanceRequestConcurrency":80,"availableCpu":"1","vpcConnector":null,"vpcConnectorEgressSettings":null,"directVpcNetworkInterface":null,"directVpcEgress":null},"labels":{"deployment-tool":"cli-firebase","firebase-functions-hash":"752de6925d3662dccd4ca662e73c28b935cc712e"},"eventTrigger":{"eventType":"google.cloud.firestore.document.v1.created","retryPolicy":"RETRY_POLICY_DO_NOT_RETRY","eventFilters":[{"attribute":"database","value":"(default)"},{"attribute":"namespace","value":"(default)"},{"attribute":"document","value":"users/{userId}/notifications/{notificationId}","operator":"match-path-pattern"}],"triggerRegion":"me-west1"}}
[debug] [2026-05-17T13:15:04.949Z] <<< [apiv2][status] PATCH https://cloudfunctions.googleapis.com/v2/projects/hire-hub-fe6c4/locations/us-central1/functions/sendNotificationPush 200
[debug] [2026-05-17T13:15:04.950Z] <<< [apiv2][body] PATCH https://cloudfunctions.googleapis.com/v2/projects/hire-hub-fe6c4/locations/us-central1/functions/sendNotificationPush {"name":"projects/hire-hub-fe6c4/locations/us-central1/operations/operation-1779023702971-652033bdcd2b1-b40a4f46-27e971c1","metadata":{"@type":"type.googleapis.com/google.cloud.functions.v2.OperationMetadata","createTime":"2026-05-17T13:15:04.944208082Z","target":"projects/hire-hub-fe6c4/locations/us-central1/functions/sendNotificationPush","verb":"update","cancelRequested":false,"apiVersion":"v2"},"done":false}
[debug] [2026-05-17T13:15:04.950Z] Checked if tokens are valid: true, expires at: 1779027246538
[debug] [2026-05-17T13:15:04.950Z] Checked if tokens are valid: true, expires at: 1779027246538
[debug] [2026-05-17T13:15:04.950Z] >>> [apiv2][query] GET https://cloudfunctions.googleapis.com/v2/projects/hire-hub-fe6c4/locations/us-central1/operations/operation-1779023702971-652033bdcd2b1-b40a4f46-27e971c1 [none]
[debug] [2026-05-17T13:15:05.706Z] <<< [apiv2][status] GET https://cloudfunctions.googleapis.com/v2/projects/hire-hub-fe6c4/locations/us-central1/operations/operation-1779023702971-652033bdcd2b1-b40a4f46-27e971c1 200
[debug] [2026-05-17T13:15:05.707Z] <<< [apiv2][body] GET https://cloudfunctions.googleapis.com/v2/projects/hire-hub-fe6c4/locations/us-central1/operations/operation-1779023702971-652033bdcd2b1-b40a4f46-27e971c1 {"name":"projects/hire-hub-fe6c4/locations/us-central1/operations/operation-1779023702971-652033bdcd2b1-b40a4f46-27e971c1","metadata":{"@type":"type.googleapis.com/google.cloud.functions.v2.OperationMetadata","createTime":"2026-05-17T13:15:04.944208082Z","target":"projects/hire-hub-fe6c4/locations/us-central1/functions/sendNotificationPush","verb":"update","cancelRequested":false,"apiVersion":"v2","requestResource":{"@type":"type.googleapis.com/google.cloud.functions.v2.Function","name":"projects/hire-hub-fe6c4/locations/us-central1/functions/sendNotificationPush","buildConfig":{"runtime":"nodejs20","entryPoint":"sendNotificationPush","source":{"storageSource":{"bucket":"gcf-v2-sources-29257648718-us-central1","object":"sendNotificationPush/function-source.zip","generation":"1779023704879278"}},"environmentVariables":{"GOOGLE_NODE_RUN_SCRIPTS":""},"dockerRepository":"projects/hire-hub-fe6c4/locations/us-central1/repositories/gcf-artifacts","sourceProvenance":{"resolvedStorageSource":{"bucket":"gcf-v2-sources-29257648718-us-central1","object":"sendNotificationPush/function-source.zip","generation":"1777981591118642"}},"dockerRegistry":"ARTIFACT_REGISTRY","serviceAccount":"projects/hire-hub-fe6c4/serviceAccounts/29257648718-compute@developer.gserviceaccount.com","automaticUpdatePolicy":{}},"serviceConfig":{"service":"projects/hire-hub-fe6c4/locations/us-central1/services/sendnotificationpush","timeoutSeconds":60,"environmentVariables":{"FIREBASE_CONFIG":"{\"projectId\":\"hire-hub-fe6c4\",\"databaseURL\":\"https://hire-hub-fe6c4-default-rtdb.firebaseio.com\",\"storageBucket\":\"hire-hub-fe6c4.firebasestorage.app\"}","GCLOUD_PROJECT":"hire-hub-fe6c4","EVENTARC_CLOUD_EVENT_SOURCE":"projects/hire-hub-fe6c4/locations/us-central1/services/sendNotificationPush","FUNCTION_SIGNATURE_TYPE":"cloudevent","FUNCTION_TARGET":"sendNotificationPush","LOG_EXECUTION_ID":"true"},"ingressSettings":"ALLOW_ALL","uri":"https://sendnotificationpush-u7mugrxjga-uc.a.run.app","serviceAccountEmail":"29257648718-compute@developer.gserviceaccount.com","availableMemory":"256Mi","allTrafficOnLatestRevision":true,"revision":"sendnotificationpush-00009-big","maxInstanceRequestConcurrency":80,"availableCpu":"1"},"eventTrigger":{"trigger":"projects/hire-hub-fe6c4/locations/me-west1/triggers/sendnotificationpush-453717","triggerRegion":"me-west1","eventType":"google.cloud.firestore.document.v1.created","eventFilters":[{"attribute":"database","value":"(default)"},{"attribute":"namespace","value":"(default)"},{"attribute":"document","value":"users/{userId}/notifications/{notificationId}","operator":"match-path-pattern"}],"pubsubTopic":"projects/hire-hub-fe6c4/topics/eventarc-me-west1-sendnotificationpush-453717-144","serviceAccountEmail":"29257648718-compute@developer.gserviceaccount.com","retryPolicy":"RETRY_POLICY_DO_NOT_RETRY"},"state":"ACTIVE","labels":{"deployment-tool":"cli-firebase","firebase-functions-hash":"752de6925d3662dccd4ca662e73c28b935cc712e"},"environment":"GEN_2","url":"https://us-central1-hire-hub-fe6c4.cloudfunctions.net/sendNotificationPush","satisfiesPzi":true},"stages":[{"name":"BUILD","state":"NOT_STARTED","stateMessages":[{"severity":"WARNING","type":"BuildAnalysisWarning","message":"Node.js 20 is no longer supported by the Node.js community as of 30 April, 2026. Runtime nodejs20 is currently deprecated for Cloud Functions. We recommend you to upgrade to the latest version of Node.js as soon as possible."}]},{"name":"SERVICE","state":"NOT_STARTED"},{"name":"TRIGGER","state":"NOT_STARTED"}],"operationType":"UPDATE_FUNCTION"},"done":false}
[debug] [2026-05-17T13:15:06.209Z] [update-default-us-central1-sendNotificationPush] Retrying task index 0
[debug] [2026-05-17T13:15:06.210Z] Checked if tokens are valid: true, expires at: 1779027246538
[debug] [2026-05-17T13:15:06.210Z] Checked if tokens are valid: true, expires at: 1779027246538
[debug] [2026-05-17T13:15:06.211Z] >>> [apiv2][query] GET https://cloudfunctions.googleapis.com/v2/projects/hire-hub-fe6c4/locations/us-central1/operations/operation-1779023702971-652033bdcd2b1-b40a4f46-27e971c1 [none]
[debug] [2026-05-17T13:15:06.861Z] <<< [apiv2][status] GET https://cloudfunctions.googleapis.com/v2/projects/hire-hub-fe6c4/locations/us-central1/operations/operation-1779023702971-652033bdcd2b1-b40a4f46-27e971c1 200
[debug] [2026-05-17T13:15:06.861Z] <<< [apiv2][body] GET https://cloudfunctions.googleapis.com/v2/projects/hire-hub-fe6c4/locations/us-central1/operations/operation-1779023702971-652033bdcd2b1-b40a4f46-27e971c1 {"name":"projects/hire-hub-fe6c4/locations/us-central1/operations/operation-1779023702971-652033bdcd2b1-b40a4f46-27e971c1","metadata":{"@type":"type.googleapis.com/google.cloud.functions.v2.OperationMetadata","createTime":"2026-05-17T13:15:04.944208082Z","target":"projects/hire-hub-fe6c4/locations/us-central1/functions/sendNotificationPush","verb":"update","cancelRequested":false,"apiVersion":"v2","requestResource":{"@type":"type.googleapis.com/google.cloud.functions.v2.Function","name":"projects/hire-hub-fe6c4/locations/us-central1/functions/sendNotificationPush","buildConfig":{"runtime":"nodejs20","entryPoint":"sendNotificationPush","source":{"storageSource":{"bucket":"gcf-v2-sources-29257648718-us-central1","object":"sendNotificationPush/function-source.zip","generation":"1779023704879278"}},"environmentVariables":{"GOOGLE_NODE_RUN_SCRIPTS":""},"dockerRepository":"projects/hire-hub-fe6c4/locations/us-central1/repositories/gcf-artifacts","sourceProvenance":{"resolvedStorageSource":{"bucket":"gcf-v2-sources-29257648718-us-central1","object":"sendNotificationPush/function-source.zip","generation":"1777981591118642"}},"dockerRegistry":"ARTIFACT_REGISTRY","serviceAccount":"projects/hire-hub-fe6c4/serviceAccounts/29257648718-compute@developer.gserviceaccount.com","automaticUpdatePolicy":{}},"serviceConfig":{"service":"projects/hire-hub-fe6c4/locations/us-central1/services/sendnotificationpush","timeoutSeconds":60,"environmentVariables":{"FIREBASE_CONFIG":"{\"projectId\":\"hire-hub-fe6c4\",\"databaseURL\":\"https://hire-hub-fe6c4-default-rtdb.firebaseio.com\",\"storageBucket\":\"hire-hub-fe6c4.firebasestorage.app\"}","GCLOUD_PROJECT":"hire-hub-fe6c4","EVENTARC_CLOUD_EVENT_SOURCE":"projects/hire-hub-fe6c4/locations/us-central1/services/sendNotificationPush","FUNCTION_SIGNATURE_TYPE":"cloudevent","FUNCTION_TARGET":"sendNotificationPush","LOG_EXECUTION_ID":"true"},"ingressSettings":"ALLOW_ALL","uri":"https://sendnotificationpush-u7mugrxjga-uc.a.run.app","serviceAccountEmail":"29257648718-compute@developer.gserviceaccount.com","availableMemory":"256Mi","allTrafficOnLatestRevision":true,"revision":"sendnotificationpush-00009-big","maxInstanceRequestConcurrency":80,"availableCpu":"1"},"eventTrigger":{"trigger":"projects/hire-hub-fe6c4/locations/me-west1/triggers/sendnotificationpush-453717","triggerRegion":"me-west1","eventType":"google.cloud.firestore.document.v1.created","eventFilters":[{"attribute":"database","value":"(default)"},{"attribute":"namespace","value":"(default)"},{"attribute":"document","value":"users/{userId}/notifications/{notificationId}","operator":"match-path-pattern"}],"pubsubTopic":"projects/hire-hub-fe6c4/topics/eventarc-me-west1-sendnotificationpush-453717-144","serviceAccountEmail":"29257648718-compute@developer.gserviceaccount.com","retryPolicy":"RETRY_POLICY_DO_NOT_RETRY"},"state":"ACTIVE","labels":{"deployment-tool":"cli-firebase","firebase-functions-hash":"752de6925d3662dccd4ca662e73c28b935cc712e"},"environment":"GEN_2","url":"https://us-central1-hire-hub-fe6c4.cloudfunctions.net/sendNotificationPush","satisfiesPzi":true},"stages":[{"name":"BUILD","message":"Build in progress","state":"IN_PROGRESS","resource":"projects/29257648718/locations/us-central1/builds/a678a0c8-29cc-487c-9d8f-18ba5ecb1b23","resourceUri":"https://console.cloud.google.com/cloud-build/builds;region=us-central1/a678a0c8-29cc-487c-9d8f-18ba5ecb1b23?project=29257648718"},{"name":"SERVICE","state":"NOT_STARTED"},{"name":"TRIGGER","state":"NOT_STARTED"}],"operationType":"UPDATE_FUNCTION","buildName":"projects/29257648718/locations/us-central1/builds/a678a0c8-29cc-487c-9d8f-18ba5ecb1b23"},"done":false}
[debug] [2026-05-17T13:15:07.862Z] [update-default-us-central1-sendNotificationPush] Retrying task index 0
[debug] [2026-05-17T13:15:07.863Z] Checked if tokens are valid: true, expires at: 1779027246538
[debug] [2026-05-17T13:15:07.863Z] Checked if tokens are valid: true, expires at: 1779027246538
[debug] [2026-05-17T13:15:07.863Z] >>> [apiv2][query] GET https://cloudfunctions.googleapis.com/v2/projects/hire-hub-fe6c4/locations/us-central1/operations/operation-1779023702971-652033bdcd2b1-b40a4f46-27e971c1 [none]
[debug] [2026-05-17T13:15:08.099Z] <<< [apiv2][status] GET https://cloudfunctions.googleapis.com/v2/projects/hire-hub-fe6c4/locations/us-central1/operations/operation-1779023702971-652033bdcd2b1-b40a4f46-27e971c1 200
[debug] [2026-05-17T13:15:08.099Z] <<< [apiv2][body] GET https://cloudfunctions.googleapis.com/v2/projects/hire-hub-fe6c4/locations/us-central1/operations/operation-1779023702971-652033bdcd2b1-b40a4f46-27e971c1 {"name":"projects/hire-hub-fe6c4/locations/us-central1/operations/operation-1779023702971-652033bdcd2b1-b40a4f46-27e971c1","metadata":{"@type":"type.googleapis.com/google.cloud.functions.v2.OperationMetadata","createTime":"2026-05-17T13:15:04.944208082Z","target":"projects/hire-hub-fe6c4/locations/us-central1/functions/sendNotificationPush","verb":"update","cancelRequested":false,"apiVersion":"v2","requestResource":{"@type":"type.googleapis.com/google.cloud.functions.v2.Function","name":"projects/hire-hub-fe6c4/locations/us-central1/functions/sendNotificationPush","buildConfig":{"runtime":"nodejs20","entryPoint":"sendNotificationPush","source":{"storageSource":{"bucket":"gcf-v2-sources-29257648718-us-central1","object":"sendNotificationPush/function-source.zip","generation":"1779023704879278"}},"environmentVariables":{"GOOGLE_NODE_RUN_SCRIPTS":""},"dockerRepository":"projects/hire-hub-fe6c4/locations/us-central1/repositories/gcf-artifacts","sourceProvenance":{"resolvedStorageSource":{"bucket":"gcf-v2-sources-29257648718-us-central1","object":"sendNotificationPush/function-source.zip","generation":"1777981591118642"}},"dockerRegistry":"ARTIFACT_REGISTRY","serviceAccount":"projects/hire-hub-fe6c4/serviceAccounts/29257648718-compute@developer.gserviceaccount.com","automaticUpdatePolicy":{}},"serviceConfig":{"service":"projects/hire-hub-fe6c4/locations/us-central1/services/sendnotificationpush","timeoutSeconds":60,"environmentVariables":{"FIREBASE_CONFIG":"{\"projectId\":\"hire-hub-fe6c4\",\"databaseURL\":\"https://hire-hub-fe6c4-default-rtdb.firebaseio.com\",\"storageBucket\":\"hire-hub-fe6c4.firebasestorage.app\"}","GCLOUD_PROJECT":"hire-hub-fe6c4","EVENTARC_CLOUD_EVENT_SOURCE":"projects/hire-hub-fe6c4/locations/us-central1/services/sendNotificationPush","FUNCTION_SIGNATURE_TYPE":"cloudevent","FUNCTION_TARGET":"sendNotificationPush","LOG_EXECUTION_ID":"true"},"ingressSettings":"ALLOW_ALL","uri":"https://sendnotificationpush-u7mugrxjga-uc.a.run.app","serviceAccountEmail":"29257648718-compute@developer.gserviceaccount.com","availableMemory":"256Mi","allTrafficOnLatestRevision":true,"revision":"sendnotificationpush-00009-big","maxInstanceRequestConcurrency":80,"availableCpu":"1"},"eventTrigger":{"trigger":"projects/hire-hub-fe6c4/locations/me-west1/triggers/sendnotificationpush-453717","triggerRegion":"me-west1","eventType":"google.cloud.firestore.document.v1.created","eventFilters":[{"attribute":"database","value":"(default)"},{"attribute":"namespace","value":"(default)"},{"attribute":"document","value":"users/{userId}/notifications/{notificationId}","operator":"match-path-pattern"}],"pubsubTopic":"projects/hire-hub-fe6c4/topics/eventarc-me-west1-sendnotificationpush-453717-144","serviceAccountEmail":"29257648718-compute@developer.gserviceaccount.com","retryPolicy":"RETRY_POLICY_DO_NOT_RETRY"},"state":"ACTIVE","labels":{"deployment-tool":"cli-firebase","firebase-functions-hash":"752de6925d3662dccd4ca662e73c28b935cc712e"},"environment":"GEN_2","url":"https://us-central1-hire-hub-fe6c4.cloudfunctions.net/sendNotificationPush","satisfiesPzi":true},"stages":[{"name":"BUILD","message":"Build in progress","state":"IN_PROGRESS","resource":"projects/29257648718/locations/us-central1/builds/a678a0c8-29cc-487c-9d8f-18ba5ecb1b23","resourceUri":"https://console.cloud.google.com/cloud-build/builds;region=us-central1/a678a0c8-29cc-487c-9d8f-18ba5ecb1b23?project=29257648718"},{"name":"SERVICE","state":"NOT_STARTED"},{"name":"TRIGGER","state":"NOT_STARTED"}],"operationType":"UPDATE_FUNCTION","buildName":"projects/29257648718/locations/us-central1/builds/a678a0c8-29cc-487c-9d8f-18ba5ecb1b23"},"done":false}
[debug] [2026-05-17T13:15:10.101Z] [update-default-us-central1-sendNotificationPush] Retrying task index 0
[debug] [2026-05-17T13:15:10.101Z] Checked if tokens are valid: true, expires at: 1779027246538
[debug] [2026-05-17T13:15:10.101Z] Checked if tokens are valid: true, expires at: 1779027246538
[debug] [2026-05-17T13:15:10.101Z] >>> [apiv2][query] GET https://cloudfunctions.googleapis.com/v2/projects/hire-hub-fe6c4/locations/us-central1/operations/operation-1779023702971-652033bdcd2b1-b40a4f46-27e971c1 [none]
[debug] [2026-05-17T13:15:10.731Z] <<< [apiv2][status] GET https://cloudfunctions.googleapis.com/v2/projects/hire-hub-fe6c4/locations/us-central1/operations/operation-1779023702971-652033bdcd2b1-b40a4f46-27e971c1 200
[debug] [2026-05-17T13:15:10.731Z] <<< [apiv2][body] GET https://cloudfunctions.googleapis.com/v2/projects/hire-hub-fe6c4/locations/us-central1/operations/operation-1779023702971-652033bdcd2b1-b40a4f46-27e971c1 {"name":"projects/hire-hub-fe6c4/locations/us-central1/operations/operation-1779023702971-652033bdcd2b1-b40a4f46-27e971c1","metadata":{"@type":"type.googleapis.com/google.cloud.functions.v2.OperationMetadata","createTime":"2026-05-17T13:15:04.944208082Z","target":"projects/hire-hub-fe6c4/locations/us-central1/functions/sendNotificationPush","verb":"update","cancelRequested":false,"apiVersion":"v2","requestResource":{"@type":"type.googleapis.com/google.cloud.functions.v2.Function","name":"projects/hire-hub-fe6c4/locations/us-central1/functions/sendNotificationPush","buildConfig":{"runtime":"nodejs20","entryPoint":"sendNotificationPush","source":{"storageSource":{"bucket":"gcf-v2-sources-29257648718-us-central1","object":"sendNotificationPush/function-source.zip","generation":"1779023704879278"}},"environmentVariables":{"GOOGLE_NODE_RUN_SCRIPTS":""},"dockerRepository":"projects/hire-hub-fe6c4/locations/us-central1/repositories/gcf-artifacts","sourceProvenance":{"resolvedStorageSource":{"bucket":"gcf-v2-sources-29257648718-us-central1","object":"sendNotificationPush/function-source.zip","generation":"1777981591118642"}},"dockerRegistry":"ARTIFACT_REGISTRY","serviceAccount":"projects/hire-hub-fe6c4/serviceAccounts/29257648718-compute@developer.gserviceaccount.com","automaticUpdatePolicy":{}},"serviceConfig":{"service":"projects/hire-hub-fe6c4/locations/us-central1/services/sendnotificationpush","timeoutSeconds":60,"environmentVariables":{"FIREBASE_CONFIG":"{\"projectId\":\"hire-hub-fe6c4\",\"databaseURL\":\"https://hire-hub-fe6c4-default-rtdb.firebaseio.com\",\"storageBucket\":\"hire-hub-fe6c4.firebasestorage.app\"}","GCLOUD_PROJECT":"hire-hub-fe6c4","EVENTARC_CLOUD_EVENT_SOURCE":"projects/hire-hub-fe6c4/locations/us-central1/services/sendNotificationPush","FUNCTION_SIGNATURE_TYPE":"cloudevent","FUNCTION_TARGET":"sendNotificationPush","LOG_EXECUTION_ID":"true"},"ingressSettings":"ALLOW_ALL","uri":"https://sendnotificationpush-u7mugrxjga-uc.a.run.app","serviceAccountEmail":"29257648718-compute@developer.gserviceaccount.com","availableMemory":"256Mi","allTrafficOnLatestRevision":true,"revision":"sendnotificationpush-00009-big","maxInstanceRequestConcurrency":80,"availableCpu":"1"},"eventTrigger":{"trigger":"projects/hire-hub-fe6c4/locations/me-west1/triggers/sendnotificationpush-453717","triggerRegion":"me-west1","eventType":"google.cloud.firestore.document.v1.created","eventFilters":[{"attribute":"database","value":"(default)"},{"attribute":"namespace","value":"(default)"},{"attribute":"document","value":"users/{userId}/notifications/{notificationId}","operator":"match-path-pattern"}],"pubsubTopic":"projects/hire-hub-fe6c4/topics/eventarc-me-west1-sendnotificationpush-453717-144","serviceAccountEmail":"29257648718-compute@developer.gserviceaccount.com","retryPolicy":"RETRY_POLICY_DO_NOT_RETRY"},"state":"ACTIVE","labels":{"deployment-tool":"cli-firebase","firebase-functions-hash":"752de6925d3662dccd4ca662e73c28b935cc712e"},"environment":"GEN_2","url":"https://us-central1-hire-hub-fe6c4.cloudfunctions.net/sendNotificationPush","satisfiesPzi":true},"stages":[{"name":"BUILD","message":"Build in progress","state":"IN_PROGRESS","resource":"projects/29257648718/locations/us-central1/builds/a678a0c8-29cc-487c-9d8f-18ba5ecb1b23","resourceUri":"https://console.cloud.google.com/cloud-build/builds;region=us-central1/a678a0c8-29cc-487c-9d8f-18ba5ecb1b23?project=29257648718"},{"name":"SERVICE","state":"NOT_STARTED"},{"name":"TRIGGER","state":"NOT_STARTED"}],"operationType":"UPDATE_FUNCTION","buildName":"projects/29257648718/locations/us-central1/builds/a678a0c8-29cc-487c-9d8f-18ba5ecb1b23"},"done":false}
[debug] [2026-05-17T13:15:14.732Z] [update-default-us-central1-sendNotificationPush] Retrying task index 0
[debug] [2026-05-17T13:15:14.732Z] Checked if tokens are valid: true, expires at: 1779027246538
[debug] [2026-05-17T13:15:14.733Z] Checked if tokens are valid: true, expires at: 1779027246538
[debug] [2026-05-17T13:15:14.733Z] >>> [apiv2][query] GET https://cloudfunctions.googleapis.com/v2/projects/hire-hub-fe6c4/locations/us-central1/operations/operation-1779023702971-652033bdcd2b1-b40a4f46-27e971c1 [none]
[debug] [2026-05-17T13:15:15.808Z] <<< [apiv2][status] GET https://cloudfunctions.googleapis.com/v2/projects/hire-hub-fe6c4/locations/us-central1/operations/operation-1779023702971-652033bdcd2b1-b40a4f46-27e971c1 200
[debug] [2026-05-17T13:15:15.809Z] <<< [apiv2][body] GET https://cloudfunctions.googleapis.com/v2/projects/hire-hub-fe6c4/locations/us-central1/operations/operation-1779023702971-652033bdcd2b1-b40a4f46-27e971c1 {"name":"projects/hire-hub-fe6c4/locations/us-central1/operations/operation-1779023702971-652033bdcd2b1-b40a4f46-27e971c1","metadata":{"@type":"type.googleapis.com/google.cloud.functions.v2.OperationMetadata","createTime":"2026-05-17T13:15:04.944208082Z","target":"projects/hire-hub-fe6c4/locations/us-central1/functions/sendNotificationPush","verb":"update","cancelRequested":false,"apiVersion":"v2","requestResource":{"@type":"type.googleapis.com/google.cloud.functions.v2.Function","name":"projects/hire-hub-fe6c4/locations/us-central1/functions/sendNotificationPush","buildConfig":{"runtime":"nodejs20","entryPoint":"sendNotificationPush","source":{"storageSource":{"bucket":"gcf-v2-sources-29257648718-us-central1","object":"sendNotificationPush/function-source.zip","generation":"1779023704879278"}},"environmentVariables":{"GOOGLE_NODE_RUN_SCRIPTS":""},"dockerRepository":"projects/hire-hub-fe6c4/locations/us-central1/repositories/gcf-artifacts","sourceProvenance":{"resolvedStorageSource":{"bucket":"gcf-v2-sources-29257648718-us-central1","object":"sendNotificationPush/function-source.zip","generation":"1777981591118642"}},"dockerRegistry":"ARTIFACT_REGISTRY","serviceAccount":"projects/hire-hub-fe6c4/serviceAccounts/29257648718-compute@developer.gserviceaccount.com","automaticUpdatePolicy":{}},"serviceConfig":{"service":"projects/hire-hub-fe6c4/locations/us-central1/services/sendnotificationpush","timeoutSeconds":60,"environmentVariables":{"FIREBASE_CONFIG":"{\"projectId\":\"hire-hub-fe6c4\",\"databaseURL\":\"https://hire-hub-fe6c4-default-rtdb.firebaseio.com\",\"storageBucket\":\"hire-hub-fe6c4.firebasestorage.app\"}","GCLOUD_PROJECT":"hire-hub-fe6c4","EVENTARC_CLOUD_EVENT_SOURCE":"projects/hire-hub-fe6c4/locations/us-central1/services/sendNotificationPush","FUNCTION_SIGNATURE_TYPE":"cloudevent","FUNCTION_TARGET":"sendNotificationPush","LOG_EXECUTION_ID":"true"},"ingressSettings":"ALLOW_ALL","uri":"https://sendnotificationpush-u7mugrxjga-uc.a.run.app","serviceAccountEmail":"29257648718-compute@developer.gserviceaccount.com","availableMemory":"256Mi","allTrafficOnLatestRevision":true,"revision":"sendnotificationpush-00009-big","maxInstanceRequestConcurrency":80,"availableCpu":"1"},"eventTrigger":{"trigger":"projects/hire-hub-fe6c4/locations/me-west1/triggers/sendnotificationpush-453717","triggerRegion":"me-west1","eventType":"google.cloud.firestore.document.v1.created","eventFilters":[{"attribute":"database","value":"(default)"},{"attribute":"namespace","value":"(default)"},{"attribute":"document","value":"users/{userId}/notifications/{notificationId}","operator":"match-path-pattern"}],"pubsubTopic":"projects/hire-hub-fe6c4/topics/eventarc-me-west1-sendnotificationpush-453717-144","serviceAccountEmail":"29257648718-compute@developer.gserviceaccount.com","retryPolicy":"RETRY_POLICY_DO_NOT_RETRY"},"state":"ACTIVE","labels":{"deployment-tool":"cli-firebase","firebase-functions-hash":"752de6925d3662dccd4ca662e73c28b935cc712e"},"environment":"GEN_2","url":"https://us-central1-hire-hub-fe6c4.cloudfunctions.net/sendNotificationPush","satisfiesPzi":true},"stages":[{"name":"BUILD","message":"Build in progress","state":"IN_PROGRESS","resource":"projects/29257648718/locations/us-central1/builds/a678a0c8-29cc-487c-9d8f-18ba5ecb1b23","resourceUri":"https://console.cloud.google.com/cloud-build/builds;region=us-central1/a678a0c8-29cc-487c-9d8f-18ba5ecb1b23?project=29257648718"},{"name":"SERVICE","state":"NOT_STARTED"},{"name":"TRIGGER","state":"NOT_STARTED"}],"operationType":"UPDATE_FUNCTION","buildName":"projects/29257648718/locations/us-central1/builds/a678a0c8-29cc-487c-9d8f-18ba5ecb1b23"},"done":false}
[debug] [2026-05-17T13:15:23.810Z] [update-default-us-central1-sendNotificationPush] Retrying task index 0
[debug] [2026-05-17T13:15:23.811Z] Checked if tokens are valid: true, expires at: 1779027246538
[debug] [2026-05-17T13:15:23.811Z] Checked if tokens are valid: true, expires at: 1779027246538
[debug] [2026-05-17T13:15:23.811Z] >>> [apiv2][query] GET https://cloudfunctions.googleapis.com/v2/projects/hire-hub-fe6c4/locations/us-central1/operations/operation-1779023702971-652033bdcd2b1-b40a4f46-27e971c1 [none]
[debug] [2026-05-17T13:15:24.759Z] <<< [apiv2][status] GET https://cloudfunctions.googleapis.com/v2/projects/hire-hub-fe6c4/locations/us-central1/operations/operation-1779023702971-652033bdcd2b1-b40a4f46-27e971c1 200
[debug] [2026-05-17T13:15:24.759Z] <<< [apiv2][body] GET https://cloudfunctions.googleapis.com/v2/projects/hire-hub-fe6c4/locations/us-central1/operations/operation-1779023702971-652033bdcd2b1-b40a4f46-27e971c1 {"name":"projects/hire-hub-fe6c4/locations/us-central1/operations/operation-1779023702971-652033bdcd2b1-b40a4f46-27e971c1","metadata":{"@type":"type.googleapis.com/google.cloud.functions.v2.OperationMetadata","createTime":"2026-05-17T13:15:04.944208082Z","target":"projects/hire-hub-fe6c4/locations/us-central1/functions/sendNotificationPush","verb":"update","cancelRequested":false,"apiVersion":"v2","requestResource":{"@type":"type.googleapis.com/google.cloud.functions.v2.Function","name":"projects/hire-hub-fe6c4/locations/us-central1/functions/sendNotificationPush","buildConfig":{"runtime":"nodejs20","entryPoint":"sendNotificationPush","source":{"storageSource":{"bucket":"gcf-v2-sources-29257648718-us-central1","object":"sendNotificationPush/function-source.zip","generation":"1779023704879278"}},"environmentVariables":{"GOOGLE_NODE_RUN_SCRIPTS":""},"dockerRepository":"projects/hire-hub-fe6c4/locations/us-central1/repositories/gcf-artifacts","sourceProvenance":{"resolvedStorageSource":{"bucket":"gcf-v2-sources-29257648718-us-central1","object":"sendNotificationPush/function-source.zip","generation":"1777981591118642"}},"dockerRegistry":"ARTIFACT_REGISTRY","serviceAccount":"projects/hire-hub-fe6c4/serviceAccounts/29257648718-compute@developer.gserviceaccount.com","automaticUpdatePolicy":{}},"serviceConfig":{"service":"projects/hire-hub-fe6c4/locations/us-central1/services/sendnotificationpush","timeoutSeconds":60,"environmentVariables":{"FIREBASE_CONFIG":"{\"projectId\":\"hire-hub-fe6c4\",\"databaseURL\":\"https://hire-hub-fe6c4-default-rtdb.firebaseio.com\",\"storageBucket\":\"hire-hub-fe6c4.firebasestorage.app\"}","GCLOUD_PROJECT":"hire-hub-fe6c4","EVENTARC_CLOUD_EVENT_SOURCE":"projects/hire-hub-fe6c4/locations/us-central1/services/sendNotificationPush","FUNCTION_SIGNATURE_TYPE":"cloudevent","FUNCTION_TARGET":"sendNotificationPush","LOG_EXECUTION_ID":"true"},"ingressSettings":"ALLOW_ALL","uri":"https://sendnotificationpush-u7mugrxjga-uc.a.run.app","serviceAccountEmail":"29257648718-compute@developer.gserviceaccount.com","availableMemory":"256Mi","allTrafficOnLatestRevision":true,"revision":"sendnotificationpush-00009-big","maxInstanceRequestConcurrency":80,"availableCpu":"1"},"eventTrigger":{"trigger":"projects/hire-hub-fe6c4/locations/me-west1/triggers/sendnotificationpush-453717","triggerRegion":"me-west1","eventType":"google.cloud.firestore.document.v1.created","eventFilters":[{"attribute":"database","value":"(default)"},{"attribute":"namespace","value":"(default)"},{"attribute":"document","value":"users/{userId}/notifications/{notificationId}","operator":"match-path-pattern"}],"pubsubTopic":"projects/hire-hub-fe6c4/topics/eventarc-me-west1-sendnotificationpush-453717-144","serviceAccountEmail":"29257648718-compute@developer.gserviceaccount.com","retryPolicy":"RETRY_POLICY_DO_NOT_RETRY"},"state":"ACTIVE","labels":{"deployment-tool":"cli-firebase","firebase-functions-hash":"752de6925d3662dccd4ca662e73c28b935cc712e"},"environment":"GEN_2","url":"https://us-central1-hire-hub-fe6c4.cloudfunctions.net/sendNotificationPush","satisfiesPzi":true},"stages":[{"name":"BUILD","message":"Build in progress","state":"IN_PROGRESS","resource":"projects/29257648718/locations/us-central1/builds/a678a0c8-29cc-487c-9d8f-18ba5ecb1b23","resourceUri":"https://console.cloud.google.com/cloud-build/builds;region=us-central1/a678a0c8-29cc-487c-9d8f-18ba5ecb1b23?project=29257648718"},{"name":"SERVICE","state":"NOT_STARTED"},{"name":"TRIGGER","state":"NOT_STARTED"}],"operationType":"UPDATE_FUNCTION","buildName":"projects/29257648718/locations/us-central1/builds/a678a0c8-29cc-487c-9d8f-18ba5ecb1b23"},"done":false}
[debug] [2026-05-17T13:15:34.761Z] [update-default-us-central1-sendNotificationPush] Retrying task index 0
[debug] [2026-05-17T13:15:34.762Z] Checked if tokens are valid: true, expires at: 1779027246538
[debug] [2026-05-17T13:15:34.762Z] Checked if tokens are valid: true, expires at: 1779027246538
[debug] [2026-05-17T13:15:34.762Z] >>> [apiv2][query] GET https://cloudfunctions.googleapis.com/v2/projects/hire-hub-fe6c4/locations/us-central1/operations/operation-1779023702971-652033bdcd2b1-b40a4f46-27e971c1 [none]
[debug] [2026-05-17T13:15:35.717Z] <<< [apiv2][status] GET https://cloudfunctions.googleapis.com/v2/projects/hire-hub-fe6c4/locations/us-central1/operations/operation-1779023702971-652033bdcd2b1-b40a4f46-27e971c1 200
[debug] [2026-05-17T13:15:35.717Z] <<< [apiv2][body] GET https://cloudfunctions.googleapis.com/v2/projects/hire-hub-fe6c4/locations/us-central1/operations/operation-1779023702971-652033bdcd2b1-b40a4f46-27e971c1 {"name":"projects/hire-hub-fe6c4/locations/us-central1/operations/operation-1779023702971-652033bdcd2b1-b40a4f46-27e971c1","metadata":{"@type":"type.googleapis.com/google.cloud.functions.v2.OperationMetadata","createTime":"2026-05-17T13:15:04.944208082Z","target":"projects/hire-hub-fe6c4/locations/us-central1/functions/sendNotificationPush","verb":"update","cancelRequested":false,"apiVersion":"v2","requestResource":{"@type":"type.googleapis.com/google.cloud.functions.v2.Function","name":"projects/hire-hub-fe6c4/locations/us-central1/functions/sendNotificationPush","buildConfig":{"runtime":"nodejs20","entryPoint":"sendNotificationPush","source":{"storageSource":{"bucket":"gcf-v2-sources-29257648718-us-central1","object":"sendNotificationPush/function-source.zip","generation":"1779023704879278"}},"environmentVariables":{"GOOGLE_NODE_RUN_SCRIPTS":""},"dockerRepository":"projects/hire-hub-fe6c4/locations/us-central1/repositories/gcf-artifacts","sourceProvenance":{"resolvedStorageSource":{"bucket":"gcf-v2-sources-29257648718-us-central1","object":"sendNotificationPush/function-source.zip","generation":"1777981591118642"}},"dockerRegistry":"ARTIFACT_REGISTRY","serviceAccount":"projects/hire-hub-fe6c4/serviceAccounts/29257648718-compute@developer.gserviceaccount.com","automaticUpdatePolicy":{}},"serviceConfig":{"service":"projects/hire-hub-fe6c4/locations/us-central1/services/sendnotificationpush","timeoutSeconds":60,"environmentVariables":{"FIREBASE_CONFIG":"{\"projectId\":\"hire-hub-fe6c4\",\"databaseURL\":\"https://hire-hub-fe6c4-default-rtdb.firebaseio.com\",\"storageBucket\":\"hire-hub-fe6c4.firebasestorage.app\"}","GCLOUD_PROJECT":"hire-hub-fe6c4","EVENTARC_CLOUD_EVENT_SOURCE":"projects/hire-hub-fe6c4/locations/us-central1/services/sendNotificationPush","FUNCTION_SIGNATURE_TYPE":"cloudevent","FUNCTION_TARGET":"sendNotificationPush","LOG_EXECUTION_ID":"true"},"ingressSettings":"ALLOW_ALL","uri":"https://sendnotificationpush-u7mugrxjga-uc.a.run.app","serviceAccountEmail":"29257648718-compute@developer.gserviceaccount.com","availableMemory":"256Mi","allTrafficOnLatestRevision":true,"revision":"sendnotificationpush-00009-big","maxInstanceRequestConcurrency":80,"availableCpu":"1"},"eventTrigger":{"trigger":"projects/hire-hub-fe6c4/locations/me-west1/triggers/sendnotificationpush-453717","triggerRegion":"me-west1","eventType":"google.cloud.firestore.document.v1.created","eventFilters":[{"attribute":"database","value":"(default)"},{"attribute":"namespace","value":"(default)"},{"attribute":"document","value":"users/{userId}/notifications/{notificationId}","operator":"match-path-pattern"}],"pubsubTopic":"projects/hire-hub-fe6c4/topics/eventarc-me-west1-sendnotificationpush-453717-144","serviceAccountEmail":"29257648718-compute@developer.gserviceaccount.com","retryPolicy":"RETRY_POLICY_DO_NOT_RETRY"},"state":"ACTIVE","labels":{"deployment-tool":"cli-firebase","firebase-functions-hash":"752de6925d3662dccd4ca662e73c28b935cc712e"},"environment":"GEN_2","url":"https://us-central1-hire-hub-fe6c4.cloudfunctions.net/sendNotificationPush","satisfiesPzi":true},"stages":[{"name":"BUILD","message":"Build in progress","state":"IN_PROGRESS","resource":"projects/29257648718/locations/us-central1/builds/a678a0c8-29cc-487c-9d8f-18ba5ecb1b23","resourceUri":"https://console.cloud.google.com/cloud-build/builds;region=us-central1/a678a0c8-29cc-487c-9d8f-18ba5ecb1b23?project=29257648718"},{"name":"SERVICE","state":"NOT_STARTED"},{"name":"TRIGGER","state":"NOT_STARTED"}],"operationType":"UPDATE_FUNCTION","buildName":"projects/29257648718/locations/us-central1/builds/a678a0c8-29cc-487c-9d8f-18ba5ecb1b23"},"done":false}
[debug] [2026-05-17T13:15:45.719Z] [update-default-us-central1-sendNotificationPush] Retrying task index 0
[debug] [2026-05-17T13:15:45.719Z] Checked if tokens are valid: true, expires at: 1779027246538
[debug] [2026-05-17T13:15:45.720Z] Checked if tokens are valid: true, expires at: 1779027246538
[debug] [2026-05-17T13:15:45.720Z] >>> [apiv2][query] GET https://cloudfunctions.googleapis.com/v2/projects/hire-hub-fe6c4/locations/us-central1/operations/operation-1779023702971-652033bdcd2b1-b40a4f46-27e971c1 [none]
[debug] [2026-05-17T13:15:46.774Z] <<< [apiv2][status] GET https://cloudfunctions.googleapis.com/v2/projects/hire-hub-fe6c4/locations/us-central1/operations/operation-1779023702971-652033bdcd2b1-b40a4f46-27e971c1 200
[debug] [2026-05-17T13:15:46.774Z] <<< [apiv2][body] GET https://cloudfunctions.googleapis.com/v2/projects/hire-hub-fe6c4/locations/us-central1/operations/operation-1779023702971-652033bdcd2b1-b40a4f46-27e971c1 {"name":"projects/hire-hub-fe6c4/locations/us-central1/operations/operation-1779023702971-652033bdcd2b1-b40a4f46-27e971c1","metadata":{"@type":"type.googleapis.com/google.cloud.functions.v2.OperationMetadata","createTime":"2026-05-17T13:15:04.944208082Z","target":"projects/hire-hub-fe6c4/locations/us-central1/functions/sendNotificationPush","verb":"update","cancelRequested":false,"apiVersion":"v2","requestResource":{"@type":"type.googleapis.com/google.cloud.functions.v2.Function","name":"projects/hire-hub-fe6c4/locations/us-central1/functions/sendNotificationPush","buildConfig":{"runtime":"nodejs20","entryPoint":"sendNotificationPush","source":{"storageSource":{"bucket":"gcf-v2-sources-29257648718-us-central1","object":"sendNotificationPush/function-source.zip","generation":"1779023704879278"}},"environmentVariables":{"GOOGLE_NODE_RUN_SCRIPTS":""},"dockerRepository":"projects/hire-hub-fe6c4/locations/us-central1/repositories/gcf-artifacts","sourceProvenance":{"resolvedStorageSource":{"bucket":"gcf-v2-sources-29257648718-us-central1","object":"sendNotificationPush/function-source.zip","generation":"1777981591118642"}},"dockerRegistry":"ARTIFACT_REGISTRY","serviceAccount":"projects/hire-hub-fe6c4/serviceAccounts/29257648718-compute@developer.gserviceaccount.com","automaticUpdatePolicy":{}},"serviceConfig":{"service":"projects/hire-hub-fe6c4/locations/us-central1/services/sendnotificationpush","timeoutSeconds":60,"environmentVariables":{"FIREBASE_CONFIG":"{\"projectId\":\"hire-hub-fe6c4\",\"databaseURL\":\"https://hire-hub-fe6c4-default-rtdb.firebaseio.com\",\"storageBucket\":\"hire-hub-fe6c4.firebasestorage.app\"}","GCLOUD_PROJECT":"hire-hub-fe6c4","EVENTARC_CLOUD_EVENT_SOURCE":"projects/hire-hub-fe6c4/locations/us-central1/services/sendNotificationPush","FUNCTION_SIGNATURE_TYPE":"cloudevent","FUNCTION_TARGET":"sendNotificationPush","LOG_EXECUTION_ID":"true"},"ingressSettings":"ALLOW_ALL","uri":"https://sendnotificationpush-u7mugrxjga-uc.a.run.app","serviceAccountEmail":"29257648718-compute@developer.gserviceaccount.com","availableMemory":"256Mi","allTrafficOnLatestRevision":true,"revision":"sendnotificationpush-00009-big","maxInstanceRequestConcurrency":80,"availableCpu":"1"},"eventTrigger":{"trigger":"projects/hire-hub-fe6c4/locations/me-west1/triggers/sendnotificationpush-453717","triggerRegion":"me-west1","eventType":"google.cloud.firestore.document.v1.created","eventFilters":[{"attribute":"database","value":"(default)"},{"attribute":"namespace","value":"(default)"},{"attribute":"document","value":"users/{userId}/notifications/{notificationId}","operator":"match-path-pattern"}],"pubsubTopic":"projects/hire-hub-fe6c4/topics/eventarc-me-west1-sendnotificationpush-453717-144","serviceAccountEmail":"29257648718-compute@developer.gserviceaccount.com","retryPolicy":"RETRY_POLICY_DO_NOT_RETRY"},"state":"ACTIVE","labels":{"deployment-tool":"cli-firebase","firebase-functions-hash":"752de6925d3662dccd4ca662e73c28b935cc712e"},"environment":"GEN_2","url":"https://us-central1-hire-hub-fe6c4.cloudfunctions.net/sendNotificationPush","satisfiesPzi":true},"stages":[{"name":"BUILD","message":"Build in progress","state":"IN_PROGRESS","resource":"projects/29257648718/locations/us-central1/builds/a678a0c8-29cc-487c-9d8f-18ba5ecb1b23","resourceUri":"https://console.cloud.google.com/cloud-build/builds;region=us-central1/a678a0c8-29cc-487c-9d8f-18ba5ecb1b23?project=29257648718"},{"name":"SERVICE","state":"NOT_STARTED"},{"name":"TRIGGER","state":"NOT_STARTED"}],"operationType":"UPDATE_FUNCTION","buildName":"projects/29257648718/locations/us-central1/builds/a678a0c8-29cc-487c-9d8f-18ba5ecb1b23"},"done":false}
[debug] [2026-05-17T13:15:56.776Z] [update-default-us-central1-sendNotificationPush] Retrying task index 0
[debug] [2026-05-17T13:15:56.776Z] Checked if tokens are valid: true, expires at: 1779027246538
[debug] [2026-05-17T13:15:56.776Z] Checked if tokens are valid: true, expires at: 1779027246538
[debug] [2026-05-17T13:15:56.776Z] >>> [apiv2][query] GET https://cloudfunctions.googleapis.com/v2/projects/hire-hub-fe6c4/locations/us-central1/operations/operation-1779023702971-652033bdcd2b1-b40a4f46-27e971c1 [none]
[debug] [2026-05-17T13:15:57.079Z] <<< [apiv2][status] GET https://cloudfunctions.googleapis.com/v2/projects/hire-hub-fe6c4/locations/us-central1/operations/operation-1779023702971-652033bdcd2b1-b40a4f46-27e971c1 200
[debug] [2026-05-17T13:15:57.079Z] <<< [apiv2][body] GET https://cloudfunctions.googleapis.com/v2/projects/hire-hub-fe6c4/locations/us-central1/operations/operation-1779023702971-652033bdcd2b1-b40a4f46-27e971c1 {"name":"projects/hire-hub-fe6c4/locations/us-central1/operations/operation-1779023702971-652033bdcd2b1-b40a4f46-27e971c1","metadata":{"@type":"type.googleapis.com/google.cloud.functions.v2.OperationMetadata","createTime":"2026-05-17T13:15:04.944208082Z","target":"projects/hire-hub-fe6c4/locations/us-central1/functions/sendNotificationPush","verb":"update","cancelRequested":false,"apiVersion":"v2","requestResource":{"@type":"type.googleapis.com/google.cloud.functions.v2.Function","name":"projects/hire-hub-fe6c4/locations/us-central1/functions/sendNotificationPush","buildConfig":{"runtime":"nodejs20","entryPoint":"sendNotificationPush","source":{"storageSource":{"bucket":"gcf-v2-sources-29257648718-us-central1","object":"sendNotificationPush/function-source.zip","generation":"1779023704879278"}},"environmentVariables":{"GOOGLE_NODE_RUN_SCRIPTS":""},"dockerRepository":"projects/hire-hub-fe6c4/locations/us-central1/repositories/gcf-artifacts","sourceProvenance":{"resolvedStorageSource":{"bucket":"gcf-v2-sources-29257648718-us-central1","object":"sendNotificationPush/function-source.zip","generation":"1777981591118642"}},"dockerRegistry":"ARTIFACT_REGISTRY","serviceAccount":"projects/hire-hub-fe6c4/serviceAccounts/29257648718-compute@developer.gserviceaccount.com","automaticUpdatePolicy":{}},"serviceConfig":{"service":"projects/hire-hub-fe6c4/locations/us-central1/services/sendnotificationpush","timeoutSeconds":60,"environmentVariables":{"FIREBASE_CONFIG":"{\"projectId\":\"hire-hub-fe6c4\",\"databaseURL\":\"https://hire-hub-fe6c4-default-rtdb.firebaseio.com\",\"storageBucket\":\"hire-hub-fe6c4.firebasestorage.app\"}","GCLOUD_PROJECT":"hire-hub-fe6c4","EVENTARC_CLOUD_EVENT_SOURCE":"projects/hire-hub-fe6c4/locations/us-central1/services/sendNotificationPush","FUNCTION_SIGNATURE_TYPE":"cloudevent","FUNCTION_TARGET":"sendNotificationPush","LOG_EXECUTION_ID":"true"},"ingressSettings":"ALLOW_ALL","uri":"https://sendnotificationpush-u7mugrxjga-uc.a.run.app","serviceAccountEmail":"29257648718-compute@developer.gserviceaccount.com","availableMemory":"256Mi","allTrafficOnLatestRevision":true,"revision":"sendnotificationpush-00009-big","maxInstanceRequestConcurrency":80,"availableCpu":"1"},"eventTrigger":{"trigger":"projects/hire-hub-fe6c4/locations/me-west1/triggers/sendnotificationpush-453717","triggerRegion":"me-west1","eventType":"google.cloud.firestore.document.v1.created","eventFilters":[{"attribute":"database","value":"(default)"},{"attribute":"namespace","value":"(default)"},{"attribute":"document","value":"users/{userId}/notifications/{notificationId}","operator":"match-path-pattern"}],"pubsubTopic":"projects/hire-hub-fe6c4/topics/eventarc-me-west1-sendnotificationpush-453717-144","serviceAccountEmail":"29257648718-compute@developer.gserviceaccount.com","retryPolicy":"RETRY_POLICY_DO_NOT_RETRY"},"state":"ACTIVE","labels":{"deployment-tool":"cli-firebase","firebase-functions-hash":"752de6925d3662dccd4ca662e73c28b935cc712e"},"environment":"GEN_2","url":"https://us-central1-hire-hub-fe6c4.cloudfunctions.net/sendNotificationPush","satisfiesPzi":true},"stages":[{"name":"BUILD","message":"Build in progress","state":"IN_PROGRESS","resource":"projects/29257648718/locations/us-central1/builds/a678a0c8-29cc-487c-9d8f-18ba5ecb1b23","resourceUri":"https://console.cloud.google.com/cloud-build/builds;region=us-central1/a678a0c8-29cc-487c-9d8f-18ba5ecb1b23?project=29257648718"},{"name":"SERVICE","state":"NOT_STARTED"},{"name":"TRIGGER","state":"NOT_STARTED"}],"operationType":"UPDATE_FUNCTION","buildName":"projects/29257648718/locations/us-central1/builds/a678a0c8-29cc-487c-9d8f-18ba5ecb1b23"},"done":false}
[debug] [2026-05-17T13:16:07.080Z] [update-default-us-central1-sendNotificationPush] Retrying task index 0
[debug] [2026-05-17T13:16:07.081Z] Checked if tokens are valid: true, expires at: 1779027246538
[debug] [2026-05-17T13:16:07.081Z] Checked if tokens are valid: true, expires at: 1779027246538
[debug] [2026-05-17T13:16:07.081Z] >>> [apiv2][query] GET https://cloudfunctions.googleapis.com/v2/projects/hire-hub-fe6c4/locations/us-central1/operations/operation-1779023702971-652033bdcd2b1-b40a4f46-27e971c1 [none]
[debug] [2026-05-17T13:16:07.459Z] <<< [apiv2][status] GET https://cloudfunctions.googleapis.com/v2/projects/hire-hub-fe6c4/locations/us-central1/operations/operation-1779023702971-652033bdcd2b1-b40a4f46-27e971c1 200
[debug] [2026-05-17T13:16:07.459Z] <<< [apiv2][body] GET https://cloudfunctions.googleapis.com/v2/projects/hire-hub-fe6c4/locations/us-central1/operations/operation-1779023702971-652033bdcd2b1-b40a4f46-27e971c1 {"name":"projects/hire-hub-fe6c4/locations/us-central1/operations/operation-1779023702971-652033bdcd2b1-b40a4f46-27e971c1","metadata":{"@type":"type.googleapis.com/google.cloud.functions.v2.OperationMetadata","createTime":"2026-05-17T13:15:04.944208082Z","target":"projects/hire-hub-fe6c4/locations/us-central1/functions/sendNotificationPush","verb":"update","cancelRequested":false,"apiVersion":"v2","requestResource":{"@type":"type.googleapis.com/google.cloud.functions.v2.Function","name":"projects/hire-hub-fe6c4/locations/us-central1/functions/sendNotificationPush","buildConfig":{"runtime":"nodejs20","entryPoint":"sendNotificationPush","source":{"storageSource":{"bucket":"gcf-v2-sources-29257648718-us-central1","object":"sendNotificationPush/function-source.zip","generation":"1779023704879278"}},"environmentVariables":{"GOOGLE_NODE_RUN_SCRIPTS":""},"dockerRepository":"projects/hire-hub-fe6c4/locations/us-central1/repositories/gcf-artifacts","sourceProvenance":{"resolvedStorageSource":{"bucket":"gcf-v2-sources-29257648718-us-central1","object":"sendNotificationPush/function-source.zip","generation":"1777981591118642"}},"dockerRegistry":"ARTIFACT_REGISTRY","serviceAccount":"projects/hire-hub-fe6c4/serviceAccounts/29257648718-compute@developer.gserviceaccount.com","automaticUpdatePolicy":{}},"serviceConfig":{"service":"projects/hire-hub-fe6c4/locations/us-central1/services/sendnotificationpush","timeoutSeconds":60,"environmentVariables":{"FIREBASE_CONFIG":"{\"projectId\":\"hire-hub-fe6c4\",\"databaseURL\":\"https://hire-hub-fe6c4-default-rtdb.firebaseio.com\",\"storageBucket\":\"hire-hub-fe6c4.firebasestorage.app\"}","GCLOUD_PROJECT":"hire-hub-fe6c4","EVENTARC_CLOUD_EVENT_SOURCE":"projects/hire-hub-fe6c4/locations/us-central1/services/sendNotificationPush","FUNCTION_SIGNATURE_TYPE":"cloudevent","FUNCTION_TARGET":"sendNotificationPush","LOG_EXECUTION_ID":"true"},"ingressSettings":"ALLOW_ALL","uri":"https://sendnotificationpush-u7mugrxjga-uc.a.run.app","serviceAccountEmail":"29257648718-compute@developer.gserviceaccount.com","availableMemory":"256Mi","allTrafficOnLatestRevision":true,"revision":"sendnotificationpush-00009-big","maxInstanceRequestConcurrency":80,"availableCpu":"1"},"eventTrigger":{"trigger":"projects/hire-hub-fe6c4/locations/me-west1/triggers/sendnotificationpush-453717","triggerRegion":"me-west1","eventType":"google.cloud.firestore.document.v1.created","eventFilters":[{"attribute":"database","value":"(default)"},{"attribute":"namespace","value":"(default)"},{"attribute":"document","value":"users/{userId}/notifications/{notificationId}","operator":"match-path-pattern"}],"pubsubTopic":"projects/hire-hub-fe6c4/topics/eventarc-me-west1-sendnotificationpush-453717-144","serviceAccountEmail":"29257648718-compute@developer.gserviceaccount.com","retryPolicy":"RETRY_POLICY_DO_NOT_RETRY"},"state":"ACTIVE","labels":{"deployment-tool":"cli-firebase","firebase-functions-hash":"752de6925d3662dccd4ca662e73c28b935cc712e"},"environment":"GEN_2","url":"https://us-central1-hire-hub-fe6c4.cloudfunctions.net/sendNotificationPush","satisfiesPzi":true},"stages":[{"name":"BUILD","message":"Build finished","state":"COMPLETE","resource":"projects/29257648718/locations/us-central1/builds/a678a0c8-29cc-487c-9d8f-18ba5ecb1b23","resourceUri":"https://console.cloud.google.com/cloud-build/builds;region=us-central1/a678a0c8-29cc-487c-9d8f-18ba5ecb1b23?project=29257648718"},{"name":"SERVICE","message":"Updating Cloud Run service","state":"IN_PROGRESS","resource":"projects/hire-hub-fe6c4/locations/us-central1/services/sendnotificationpush","resourceUri":"https://console.cloud.google.com/run/detail/us-central1/sendnotificationpush?project=hire-hub-fe6c4","stateMessages":[{"severity":"INFO","type":"CloudRunServiceNewRevisionTrafficInfo","message":"A new revision will be deployed serving with 100% traffic."}]},{"name":"TRIGGER","state":"NOT_STARTED"}],"sourceToken":"ClZwcm9qZWN0cy8yOTI1NzY0ODcxOC9sb2NhdGlvbnMvdXMtY2VudHJhbDEvYnVpbGRzL2E2NzhhMGM4LTI5Y2MtNDg3Yy05ZDhmLTE4YmE1ZWNiMWIyMxJ4dXMtY2VudHJhbDEtZG9ja2VyLnBrZy5kZXYvaGlyZS1odWItZmU2YzQvZ2NmLWFydGlmYWN0cy9oaXJlLS1odWItLWZlNmM0X191cy0tY2VudHJhbDFfX3NlbmRfbm90aWZpY2F0aW9uX3B1c2g6dmVyc2lvbl8xGM6Ukf9sIkxwcm9qZWN0cy9oaXJlLWh1Yi1mZTZjNC9sb2NhdGlvbnMvdXMtY2VudHJhbDEvZnVuY3Rpb25zL3NlbmROb3RpZmljYXRpb25QdXNoKgsIj/+m0AYQoPPLMTIIbm9kZWpzMjA6dgojZ2NyLmlvL2dhZS1ydW50aW1lcy9ub2RlanMyMDpzdGFibGUST3VzLWNlbnRyYWwxLWRvY2tlci5wa2cuZGV2L3NlcnZlcmxlc3MtcnVudGltZXMvZ29vZ2xlLTIyLWZ1bGwvcnVudGltZXMvbm9kZWpzMjBAAQ==","operationType":"UPDATE_FUNCTION","buildName":"projects/29257648718/locations/us-central1/builds/a678a0c8-29cc-487c-9d8f-18ba5ecb1b23"},"done":false}
[debug] [2026-05-17T13:16:07.459Z] Got source token ClZwcm9qZWN0cy8yOTI1NzY0ODcxOC9sb2NhdGlvbnMvdXMtY2VudHJhbDEvYnVpbGRzL2E2NzhhMGM4LTI5Y2MtNDg3Yy05ZDhmLTE4YmE1ZWNiMWIyMxJ4dXMtY2VudHJhbDEtZG9ja2VyLnBrZy5kZXYvaGlyZS1odWItZmU2YzQvZ2NmLWFydGlmYWN0cy9oaXJlLS1odWItLWZlNmM0X191cy0tY2VudHJhbDFfX3NlbmRfbm90aWZpY2F0aW9uX3B1c2g6dmVyc2lvbl8xGM6Ukf9sIkxwcm9qZWN0cy9oaXJlLWh1Yi1mZTZjNC9sb2NhdGlvbnMvdXMtY2VudHJhbDEvZnVuY3Rpb25zL3NlbmROb3RpZmljYXRpb25QdXNoKgsIj/+m0AYQoPPLMTIIbm9kZWpzMjA6dgojZ2NyLmlvL2dhZS1ydW50aW1lcy9ub2RlanMyMDpzdGFibGUST3VzLWNlbnRyYWwxLWRvY2tlci5wa2cuZGV2L3NlcnZlcmxlc3MtcnVudGltZXMvZ29vZ2xlLTIyLWZ1bGwvcnVudGltZXMvbm9kZWpzMjBAAQ== for region us-central1
[debug] [2026-05-17T13:16:17.460Z] [update-default-us-central1-sendNotificationPush] Retrying task index 0
[debug] [2026-05-17T13:16:17.461Z] Checked if tokens are valid: true, expires at: 1779027246538
[debug] [2026-05-17T13:16:17.461Z] Checked if tokens are valid: true, expires at: 1779027246538
[debug] [2026-05-17T13:16:17.461Z] >>> [apiv2][query] GET https://cloudfunctions.googleapis.com/v2/projects/hire-hub-fe6c4/locations/us-central1/operations/operation-1779023702971-652033bdcd2b1-b40a4f46-27e971c1 [none]
[debug] [2026-05-17T13:16:18.621Z] <<< [apiv2][status] GET https://cloudfunctions.googleapis.com/v2/projects/hire-hub-fe6c4/locations/us-central1/operations/operation-1779023702971-652033bdcd2b1-b40a4f46-27e971c1 200
[debug] [2026-05-17T13:16:18.621Z] <<< [apiv2][body] GET https://cloudfunctions.googleapis.com/v2/projects/hire-hub-fe6c4/locations/us-central1/operations/operation-1779023702971-652033bdcd2b1-b40a4f46-27e971c1 {"name":"projects/hire-hub-fe6c4/locations/us-central1/operations/operation-1779023702971-652033bdcd2b1-b40a4f46-27e971c1","metadata":{"@type":"type.googleapis.com/google.cloud.functions.v2.OperationMetadata","createTime":"2026-05-17T13:15:04.944208082Z","endTime":"2026-05-17T13:16:15.031915557Z","target":"projects/hire-hub-fe6c4/locations/us-central1/functions/sendNotificationPush","verb":"update","cancelRequested":false,"apiVersion":"v2","requestResource":{"@type":"type.googleapis.com/google.cloud.functions.v2.Function","name":"projects/hire-hub-fe6c4/locations/us-central1/functions/sendNotificationPush","buildConfig":{"runtime":"nodejs20","entryPoint":"sendNotificationPush","source":{"storageSource":{"bucket":"gcf-v2-sources-29257648718-us-central1","object":"sendNotificationPush/function-source.zip","generation":"1779023704879278"}},"environmentVariables":{"GOOGLE_NODE_RUN_SCRIPTS":""},"dockerRepository":"projects/hire-hub-fe6c4/locations/us-central1/repositories/gcf-artifacts","sourceProvenance":{"resolvedStorageSource":{"bucket":"gcf-v2-sources-29257648718-us-central1","object":"sendNotificationPush/function-source.zip","generation":"1777981591118642"}},"dockerRegistry":"ARTIFACT_REGISTRY","serviceAccount":"projects/hire-hub-fe6c4/serviceAccounts/29257648718-compute@developer.gserviceaccount.com","automaticUpdatePolicy":{}},"serviceConfig":{"service":"projects/hire-hub-fe6c4/locations/us-central1/services/sendnotificationpush","timeoutSeconds":60,"environmentVariables":{"FIREBASE_CONFIG":"{\"projectId\":\"hire-hub-fe6c4\",\"databaseURL\":\"https://hire-hub-fe6c4-default-rtdb.firebaseio.com\",\"storageBucket\":\"hire-hub-fe6c4.firebasestorage.app\"}","GCLOUD_PROJECT":"hire-hub-fe6c4","EVENTARC_CLOUD_EVENT_SOURCE":"projects/hire-hub-fe6c4/locations/us-central1/services/sendNotificationPush","FUNCTION_SIGNATURE_TYPE":"cloudevent","FUNCTION_TARGET":"sendNotificationPush","LOG_EXECUTION_ID":"true"},"ingressSettings":"ALLOW_ALL","uri":"https://sendnotificationpush-u7mugrxjga-uc.a.run.app","serviceAccountEmail":"29257648718-compute@developer.gserviceaccount.com","availableMemory":"256Mi","allTrafficOnLatestRevision":true,"revision":"sendnotificationpush-00009-big","maxInstanceRequestConcurrency":80,"availableCpu":"1"},"eventTrigger":{"trigger":"projects/hire-hub-fe6c4/locations/me-west1/triggers/sendnotificationpush-453717","triggerRegion":"me-west1","eventType":"google.cloud.firestore.document.v1.created","eventFilters":[{"attribute":"database","value":"(default)"},{"attribute":"namespace","value":"(default)"},{"attribute":"document","value":"users/{userId}/notifications/{notificationId}","operator":"match-path-pattern"}],"pubsubTopic":"projects/hire-hub-fe6c4/topics/eventarc-me-west1-sendnotificationpush-453717-144","serviceAccountEmail":"29257648718-compute@developer.gserviceaccount.com","retryPolicy":"RETRY_POLICY_DO_NOT_RETRY"},"state":"ACTIVE","labels":{"deployment-tool":"cli-firebase","firebase-functions-hash":"752de6925d3662dccd4ca662e73c28b935cc712e"},"environment":"GEN_2","url":"https://us-central1-hire-hub-fe6c4.cloudfunctions.net/sendNotificationPush","satisfiesPzi":true},"stages":[{"name":"BUILD","message":"Build finished","state":"COMPLETE","resource":"projects/29257648718/locations/us-central1/builds/a678a0c8-29cc-487c-9d8f-18ba5ecb1b23","resourceUri":"https://console.cloud.google.com/cloud-build/builds;region=us-central1/a678a0c8-29cc-487c-9d8f-18ba5ecb1b23?project=29257648718"},{"name":"SERVICE","message":"Updating Cloud Run service","state":"COMPLETE","resource":"projects/hire-hub-fe6c4/locations/us-central1/services/sendnotificationpush","resourceUri":"https://console.cloud.google.com/run/detail/us-central1/sendnotificationpush?project=hire-hub-fe6c4","stateMessages":[{"severity":"INFO","type":"CloudRunServiceNewRevisionTrafficInfo","message":"A new revision will be deployed serving with 100% traffic."}]},{"name":"TRIGGER","state":"NOT_STARTED"}],"sourceToken":"ClZwcm9qZWN0cy8yOTI1NzY0ODcxOC9sb2NhdGlvbnMvdXMtY2VudHJhbDEvYnVpbGRzL2E2NzhhMGM4LTI5Y2MtNDg3Yy05ZDhmLTE4YmE1ZWNiMWIyMxJ4dXMtY2VudHJhbDEtZG9ja2VyLnBrZy5kZXYvaGlyZS1odWItZmU2YzQvZ2NmLWFydGlmYWN0cy9oaXJlLS1odWItLWZlNmM0X191cy0tY2VudHJhbDFfX3NlbmRfbm90aWZpY2F0aW9uX3B1c2g6dmVyc2lvbl8xGM6Ukf9sIkxwcm9qZWN0cy9oaXJlLWh1Yi1mZTZjNC9sb2NhdGlvbnMvdXMtY2VudHJhbDEvZnVuY3Rpb25zL3NlbmROb3RpZmljYXRpb25QdXNoKgsIj/+m0AYQoPPLMTIIbm9kZWpzMjA6dgojZ2NyLmlvL2dhZS1ydW50aW1lcy9ub2RlanMyMDpzdGFibGUST3VzLWNlbnRyYWwxLWRvY2tlci5wa2cuZGV2L3NlcnZlcmxlc3MtcnVudGltZXMvZ29vZ2xlLTIyLWZ1bGwvcnVudGltZXMvbm9kZWpzMjBAAQ==","operationType":"UPDATE_FUNCTION","buildName":"projects/29257648718/locations/us-central1/builds/a678a0c8-29cc-487c-9d8f-18ba5ecb1b23"},"done":true,"response":{"@type":"type.googleapis.com/google.cloud.functions.v2.Function","name":"projects/hire-hub-fe6c4/locations/us-central1/functions/sendNotificationPush","buildConfig":{"build":"projects/29257648718/locations/us-central1/builds/a678a0c8-29cc-487c-9d8f-18ba5ecb1b23","runtime":"nodejs20","entryPoint":"sendNotificationPush","source":{"storageSource":{"bucket":"gcf-v2-sources-29257648718-us-central1","object":"sendNotificationPush/function-source.zip","generation":"1779023704879278"}},"environmentVariables":{"GOOGLE_NODE_RUN_SCRIPTS":""},"dockerRepository":"projects/hire-hub-fe6c4/locations/us-central1/repositories/gcf-artifacts","sourceProvenance":{"resolvedStorageSource":{"bucket":"gcf-v2-sources-29257648718-us-central1","object":"sendNotificationPush/function-source.zip","generation":"1779023704879278"}},"dockerRegistry":"ARTIFACT_REGISTRY","serviceAccount":"projects/hire-hub-fe6c4/serviceAccounts/29257648718-compute@developer.gserviceaccount.com","automaticUpdatePolicy":{}},"serviceConfig":{"service":"projects/hire-hub-fe6c4/locations/us-central1/services/sendnotificationpush","timeoutSeconds":60,"environmentVariables":{"FIREBASE_CONFIG":"{\"projectId\":\"hire-hub-fe6c4\",\"databaseURL\":\"https://hire-hub-fe6c4-default-rtdb.firebaseio.com\",\"storageBucket\":\"hire-hub-fe6c4.firebasestorage.app\"}","GCLOUD_PROJECT":"hire-hub-fe6c4","EVENTARC_CLOUD_EVENT_SOURCE":"projects/hire-hub-fe6c4/locations/us-central1/services/sendNotificationPush","FUNCTION_SIGNATURE_TYPE":"cloudevent","FUNCTION_TARGET":"sendNotificationPush","LOG_EXECUTION_ID":"true"},"maxInstanceCount":20,"ingressSettings":"ALLOW_ALL","uri":"https://sendnotificationpush-u7mugrxjga-uc.a.run.app","serviceAccountEmail":"29257648718-compute@developer.gserviceaccount.com","availableMemory":"256Mi","allTrafficOnLatestRevision":true,"revision":"sendnotificationpush-00010-kug","maxInstanceRequestConcurrency":80,"availableCpu":"1"},"eventTrigger":{"trigger":"projects/hire-hub-fe6c4/locations/me-west1/triggers/sendnotificationpush-453717","triggerRegion":"me-west1","eventType":"google.cloud.firestore.document.v1.created","eventFilters":[{"attribute":"namespace","value":"(default)"},{"attribute":"document","value":"users/{userId}/notifications/{notificationId}","operator":"match-path-pattern"},{"attribute":"database","value":"(default)"}],"pubsubTopic":"projects/hire-hub-fe6c4/topics/eventarc-me-west1-sendnotificationpush-453717-144","serviceAccountEmail":"29257648718-compute@developer.gserviceaccount.com","retryPolicy":"RETRY_POLICY_DO_NOT_RETRY"},"state":"ACTIVE","updateTime":"2026-05-17T13:15:04.947044659Z","labels":{"deployment-tool":"cli-firebase","firebase-functions-hash":"752de6925d3662dccd4ca662e73c28b935cc712e"},"environment":"GEN_2","url":"https://us-central1-hire-hub-fe6c4.cloudfunctions.net/sendNotificationPush","createTime":"2026-04-24T17:23:27.175626033Z","satisfiesPzi":true}}
[debug] [2026-05-17T13:16:18.621Z] Got source token ClZwcm9qZWN0cy8yOTI1NzY0ODcxOC9sb2NhdGlvbnMvdXMtY2VudHJhbDEvYnVpbGRzL2E2NzhhMGM4LTI5Y2MtNDg3Yy05ZDhmLTE4YmE1ZWNiMWIyMxJ4dXMtY2VudHJhbDEtZG9ja2VyLnBrZy5kZXYvaGlyZS1odWItZmU2YzQvZ2NmLWFydGlmYWN0cy9oaXJlLS1odWItLWZlNmM0X191cy0tY2VudHJhbDFfX3NlbmRfbm90aWZpY2F0aW9uX3B1c2g6dmVyc2lvbl8xGM6Ukf9sIkxwcm9qZWN0cy9oaXJlLWh1Yi1mZTZjNC9sb2NhdGlvbnMvdXMtY2VudHJhbDEvZnVuY3Rpb25zL3NlbmROb3RpZmljYXRpb25QdXNoKgsIj/+m0AYQoPPLMTIIbm9kZWpzMjA6dgojZ2NyLmlvL2dhZS1ydW50aW1lcy9ub2RlanMyMDpzdGFibGUST3VzLWNlbnRyYWwxLWRvY2tlci5wa2cuZGV2L3NlcnZlcmxlc3MtcnVudGltZXMvZ29vZ2xlLTIyLWZ1bGwvcnVudGltZXMvbm9kZWpzMjBAAQ== for region us-central1
[info] ✔  functions[sendNotificationPush(us-central1)] Successful update operation. 
[debug] [2026-05-17T13:16:18.628Z] Total Function Deployment time: 76444
[debug] [2026-05-17T13:16:18.628Z] 1 Functions Deployed
[debug] [2026-05-17T13:16:18.628Z] 0 Functions Errored
[debug] [2026-05-17T13:16:18.628Z] 0 Function Deployments Aborted
[debug] [2026-05-17T13:16:18.628Z] Average Function Deployment time: 76444
[debug] [2026-05-17T13:16:18.817Z] Checked if tokens are valid: true, expires at: 1779027246538
[debug] [2026-05-17T13:16:18.818Z] Checked if tokens are valid: true, expires at: 1779027246538
[debug] [2026-05-17T13:16:18.818Z] >>> [apiv2][query] GET https://artifactregistry.googleapis.com/v1/projects/hire-hub-fe6c4/locations/us-central1/repositories/gcf-artifacts [none]
[debug] [2026-05-17T13:16:19.893Z] <<< [apiv2][status] GET https://artifactregistry.googleapis.com/v1/projects/hire-hub-fe6c4/locations/us-central1/repositories/gcf-artifacts 200
[debug] [2026-05-17T13:16:19.893Z] <<< [apiv2][body] GET https://artifactregistry.googleapis.com/v1/projects/hire-hub-fe6c4/locations/us-central1/repositories/gcf-artifacts {"name":"projects/hire-hub-fe6c4/locations/us-central1/repositories/gcf-artifacts","format":"DOCKER","description":"This repository is created and used by Cloud Functions for storing function docker images.","labels":{"goog-managed-by":"cloudfunctions"},"createTime":"2026-04-02T15:23:30.667915Z","updateTime":"2026-05-17T13:15:52.696744Z","mode":"STANDARD_REPOSITORY","cleanupPolicies":{"firebase-functions-cleanup":{"id":"firebase-functions-cleanup","action":"DELETE","condition":{"tagState":"ANY","olderThan":"604800s"}}},"sizeBytes":"87466452","vulnerabilityScanningConfig":{"lastEnableTime":"2026-04-02T15:23:29.972824386Z","enablementState":"SCANNING_DISABLED","enablementStateReason":"API containerscanning.googleapis.com is not enabled."},"satisfiesPzi":true,"registryUri":"us-central1-docker.pkg.dev/hire-hub-fe6c4/gcf-artifacts"}
[info] 
[info] ✔  Deploy complete! 
[info] 
[info] Project Console: https://console.firebase.google.com/project/hire-hub-fe6c4/overview
