[debug] [2026-05-20T06:15:48.281Z] ----------------------------------------------------------------------
[debug] [2026-05-20T06:15:48.283Z] Command:       /opt/homebrew/Cellar/node/25.9.0_2/bin/node /Users/raslan/.npm/_npx/ba4f1959e38407b5/node_modules/.bin/firebase deploy
[debug] [2026-05-20T06:15:48.283Z] CLI Version:   15.18.0
[debug] [2026-05-20T06:15:48.283Z] Platform:      darwin
[debug] [2026-05-20T06:15:48.283Z] Node Version:  v25.9.0
[debug] [2026-05-20T06:15:48.283Z] Time:          Wed May 20 2026 09:15:48 GMT+0300 (Israel Daylight Time)
[debug] [2026-05-20T06:15:48.283Z] ----------------------------------------------------------------------
[debug] 
[debug] [2026-05-20T06:15:49.153Z] Object "/storage" in "firebase.json" has unknown property: {"additionalProperty":"bucket"}
[debug] [2026-05-20T06:15:49.154Z] Field "/storage" in "firebase.json" is possibly invalid: must be array
[debug] [2026-05-20T06:15:49.154Z] Field "/storage" in "firebase.json" is possibly invalid: must match a schema in anyOf
[debug] [2026-05-20T06:15:49.157Z] > command requires scopes: ["email","openid","https://www.googleapis.com/auth/cloudplatformprojects.readonly","https://www.googleapis.com/auth/firebase","https://www.googleapis.com/auth/cloud-platform"]
[debug] [2026-05-20T06:15:49.158Z] > authorizing via signed-in user (my.hire.hub@gmail.com)
[debug] [2026-05-20T06:15:49.158Z] [iam] checking project hire-hub-fe6c4 for permissions ["cloudfunctions.functions.create","cloudfunctions.functions.delete","cloudfunctions.functions.get","cloudfunctions.functions.list","cloudfunctions.functions.update","cloudfunctions.operations.get","datastore.indexes.create","datastore.indexes.delete","datastore.indexes.list","datastore.indexes.update","firebase.projects.get","firebase.projects.update","firebaseauth.configs.update","firebaserules.releases.create","firebaserules.releases.update","firebaserules.rulesets.create"]
[debug] [2026-05-20T06:15:49.158Z] Checked if tokens are valid: false, expires at: 1779217708449
[debug] [2026-05-20T06:15:49.158Z] Checked if tokens are valid: false, expires at: 1779217708449
[debug] [2026-05-20T06:15:49.158Z] > refreshing access token with scopes: []
[debug] [2026-05-20T06:15:49.160Z] >>> [apiv2][query] POST https://www.googleapis.com/oauth2/v3/token [none]
[debug] [2026-05-20T06:15:49.160Z] >>> [apiv2][body] POST https://www.googleapis.com/oauth2/v3/token [omitted]
[debug] [2026-05-20T06:15:49.415Z] <<< [apiv2][status] POST https://www.googleapis.com/oauth2/v3/token 200
[debug] [2026-05-20T06:15:49.415Z] <<< [apiv2][body] POST https://www.googleapis.com/oauth2/v3/token [omitted]
[debug] [2026-05-20T06:15:49.424Z] >>> [apiv2][query] POST https://cloudresourcemanager.googleapis.com/v1/projects/hire-hub-fe6c4:testIamPermissions [none]
[debug] [2026-05-20T06:15:49.424Z] >>> [apiv2][(partial)header] POST https://cloudresourcemanager.googleapis.com/v1/projects/hire-hub-fe6c4:testIamPermissions  x-goog-user-project=hire-hub-fe6c4
[debug] [2026-05-20T06:15:49.425Z] >>> [apiv2][body] POST https://cloudresourcemanager.googleapis.com/v1/projects/hire-hub-fe6c4:testIamPermissions {"permissions":["cloudfunctions.functions.create","cloudfunctions.functions.delete","cloudfunctions.functions.get","cloudfunctions.functions.list","cloudfunctions.functions.update","cloudfunctions.operations.get","datastore.indexes.create","datastore.indexes.delete","datastore.indexes.list","datastore.indexes.update","firebase.projects.get","firebase.projects.update","firebaseauth.configs.update","firebaserules.releases.create","firebaserules.releases.update","firebaserules.rulesets.create"]}
[debug] [2026-05-20T06:15:50.590Z] <<< [apiv2][status] POST https://cloudresourcemanager.googleapis.com/v1/projects/hire-hub-fe6c4:testIamPermissions 200
[debug] [2026-05-20T06:15:50.590Z] <<< [apiv2][body] POST https://cloudresourcemanager.googleapis.com/v1/projects/hire-hub-fe6c4:testIamPermissions {"permissions":["cloudfunctions.functions.create","cloudfunctions.functions.delete","cloudfunctions.functions.get","cloudfunctions.functions.list","cloudfunctions.functions.update","cloudfunctions.operations.get","datastore.indexes.create","datastore.indexes.delete","datastore.indexes.list","datastore.indexes.update","firebase.projects.get","firebase.projects.update","firebaseauth.configs.update","firebaserules.releases.create","firebaserules.releases.update","firebaserules.rulesets.create"]}
[debug] [2026-05-20T06:15:50.591Z] Checked if tokens are valid: true, expires at: 1779261348416
[debug] [2026-05-20T06:15:50.591Z] Checked if tokens are valid: true, expires at: 1779261348416
[debug] [2026-05-20T06:15:50.591Z] >>> [apiv2][query] POST https://iam.googleapis.com/v1/projects/hire-hub-fe6c4/serviceAccounts/hire-hub-fe6c4@appspot.gserviceaccount.com:testIamPermissions [none]
[debug] [2026-05-20T06:15:50.591Z] >>> [apiv2][body] POST https://iam.googleapis.com/v1/projects/hire-hub-fe6c4/serviceAccounts/hire-hub-fe6c4@appspot.gserviceaccount.com:testIamPermissions {"permissions":["iam.serviceAccounts.actAs"]}
[debug] [2026-05-20T06:15:51.710Z] <<< [apiv2][status] POST https://iam.googleapis.com/v1/projects/hire-hub-fe6c4/serviceAccounts/hire-hub-fe6c4@appspot.gserviceaccount.com:testIamPermissions 200
[debug] [2026-05-20T06:15:51.710Z] <<< [apiv2][body] POST https://iam.googleapis.com/v1/projects/hire-hub-fe6c4/serviceAccounts/hire-hub-fe6c4@appspot.gserviceaccount.com:testIamPermissions {"permissions":["iam.serviceAccounts.actAs"]}
[info] 
[info] === Deploying to 'hire-hub-fe6c4'...
[info] 
[info] i  deploying storage, firestore, functions, apphosting, auth 
[info] i  storage: ensuring required API firebasestorage.googleapis.com is enabled... 
[debug] [2026-05-20T06:15:51.714Z] Checked if tokens are valid: true, expires at: 1779261348416
[debug] [2026-05-20T06:15:51.714Z] Checked if tokens are valid: true, expires at: 1779261348416
[debug] [2026-05-20T06:15:51.714Z] >>> [apiv2][query] GET https://firebasestorage.googleapis.com/v1alpha/projects/hire-hub-fe6c4/defaultBucket [none]
[debug] [2026-05-20T06:15:52.534Z] <<< [apiv2][status] GET https://firebasestorage.googleapis.com/v1alpha/projects/hire-hub-fe6c4/defaultBucket 200
[debug] [2026-05-20T06:15:52.534Z] <<< [apiv2][body] GET https://firebasestorage.googleapis.com/v1alpha/projects/hire-hub-fe6c4/defaultBucket {"name":"projects/hire-hub-fe6c4/defaultBucket","location":"US-CENTRAL1","bucket":{"name":"projects/hire-hub-fe6c4/buckets/hire-hub-fe6c4.firebasestorage.app"},"storageClass":"REGIONAL"}
[info] i  firebase.storage: checking storage.rules for compilation errors... 
[debug] [2026-05-20T06:15:52.538Z] Checked if tokens are valid: true, expires at: 1779261348416
[debug] [2026-05-20T06:15:52.538Z] Checked if tokens are valid: true, expires at: 1779261348416
[debug] [2026-05-20T06:15:52.538Z] >>> [apiv2][query] POST https://firebaserules.googleapis.com/v1/projects/hire-hub-fe6c4:test [none]
[debug] [2026-05-20T06:15:52.538Z] >>> [apiv2][body] POST https://firebaserules.googleapis.com/v1/projects/hire-hub-fe6c4:test [omitted]
[debug] [2026-05-20T06:15:53.148Z] <<< [apiv2][status] POST https://firebaserules.googleapis.com/v1/projects/hire-hub-fe6c4:test 200
[debug] [2026-05-20T06:15:53.148Z] <<< [apiv2][body] POST https://firebaserules.googleapis.com/v1/projects/hire-hub-fe6c4:test {}
[info] ✔  firebase.storage: rules file storage.rules compiled successfully 
[info] i  firestore: ensuring required API firestore.googleapis.com is enabled... 
[info] i  firestore: ensuring required API firestore.googleapis.com is enabled... 
[debug] [2026-05-20T06:15:53.150Z] Checked if tokens are valid: true, expires at: 1779261348416
[debug] [2026-05-20T06:15:53.150Z] Checked if tokens are valid: true, expires at: 1779261348416
[debug] [2026-05-20T06:15:53.150Z] >>> [apiv2][query] GET https://firestore.googleapis.com/v1/projects/hire-hub-fe6c4/databases/(default) [none]
[debug] [2026-05-20T06:15:53.439Z] <<< [apiv2][status] GET https://firestore.googleapis.com/v1/projects/hire-hub-fe6c4/databases/(default) 200
[debug] [2026-05-20T06:15:53.439Z] <<< [apiv2][body] GET https://firestore.googleapis.com/v1/projects/hire-hub-fe6c4/databases/(default) {"name":"projects/hire-hub-fe6c4/databases/(default)","uid":"d3ca2d2e-1985-4056-9485-f95f846c0785","createTime":"2026-03-11T13:46:37.023027Z","updateTime":"2026-03-11T13:46:37.023027Z","locationId":"me-west1","type":"FIRESTORE_NATIVE","concurrencyMode":"PESSIMISTIC","versionRetentionPeriod":"604800s","earliestVersionTime":"2026-05-13T06:16:00Z","appEngineIntegrationMode":"DISABLED","pointInTimeRecoveryEnablement":"POINT_IN_TIME_RECOVERY_ENABLED","deleteProtectionState":"DELETE_PROTECTION_DISABLED","databaseEdition":"STANDARD","freeTier":true,"realtimeUpdatesMode":"REALTIME_UPDATES_MODE_ENABLED","etag":"IPWD9tKbx5QDMI7Xj5WQ1JMD"}
[info] i  firestore: reading indexes from firestore.indexes.json... 
[info] i  cloud.firestore: checking firestore.rules for compilation errors... 
[debug] [2026-05-20T06:15:53.444Z] Checked if tokens are valid: true, expires at: 1779261348416
[debug] [2026-05-20T06:15:53.444Z] Checked if tokens are valid: true, expires at: 1779261348416
[debug] [2026-05-20T06:15:53.444Z] >>> [apiv2][query] POST https://firebaserules.googleapis.com/v1/projects/hire-hub-fe6c4:test [none]
[debug] [2026-05-20T06:15:53.445Z] >>> [apiv2][body] POST https://firebaserules.googleapis.com/v1/projects/hire-hub-fe6c4:test [omitted]
[debug] [2026-05-20T06:15:53.793Z] <<< [apiv2][status] POST https://firebaserules.googleapis.com/v1/projects/hire-hub-fe6c4:test 200
[debug] [2026-05-20T06:15:53.793Z] <<< [apiv2][body] POST https://firebaserules.googleapis.com/v1/projects/hire-hub-fe6c4:test {}
[info] ✔  cloud.firestore: rules file firestore.rules compiled successfully 
[debug] [2026-05-20T06:15:53.794Z] Checked if tokens are valid: true, expires at: 1779261348416
[debug] [2026-05-20T06:15:53.794Z] Checked if tokens are valid: true, expires at: 1779261348416
[debug] [2026-05-20T06:15:53.794Z] >>> [apiv2][query] GET https://cloudresourcemanager.googleapis.com/v1/projects/hire-hub-fe6c4 [none]
[debug] [2026-05-20T06:15:54.000Z] <<< [apiv2][status] GET https://cloudresourcemanager.googleapis.com/v1/projects/hire-hub-fe6c4 200
[debug] [2026-05-20T06:15:54.000Z] <<< [apiv2][body] GET https://cloudresourcemanager.googleapis.com/v1/projects/hire-hub-fe6c4 {"projectNumber":"29257648718","projectId":"hire-hub-fe6c4","lifecycleState":"ACTIVE","name":"hire-hub","labels":{"firebase":"enabled","firebase-core":"disabled"},"createTime":"2026-03-06T22:02:21.079174Z"}
[info] i  functions: preparing codebase default for deployment 
[info] i  functions: ensuring required API cloudfunctions.googleapis.com is enabled... 
[info] i  functions: ensuring required API cloudbuild.googleapis.com is enabled... 
[info] i  artifactregistry: ensuring required API artifactregistry.googleapis.com is enabled... 
[debug] [2026-05-20T06:15:54.001Z] Checked if tokens are valid: true, expires at: 1779261348416
[debug] [2026-05-20T06:15:54.001Z] Checked if tokens are valid: true, expires at: 1779261348416
[debug] [2026-05-20T06:15:54.001Z] >>> [apiv2][query] GET https://firebase.googleapis.com/v1beta1/projects/hire-hub-fe6c4/adminSdkConfig [none]
[debug] [2026-05-20T06:15:54.680Z] <<< [apiv2][status] GET https://firebase.googleapis.com/v1beta1/projects/hire-hub-fe6c4/adminSdkConfig 200
[debug] [2026-05-20T06:15:54.680Z] <<< [apiv2][body] GET https://firebase.googleapis.com/v1beta1/projects/hire-hub-fe6c4/adminSdkConfig {"projectId":"hire-hub-fe6c4","databaseURL":"https://hire-hub-fe6c4-default-rtdb.firebaseio.com","storageBucket":"hire-hub-fe6c4.firebasestorage.app"}
[debug] [2026-05-20T06:15:54.681Z] Checked if tokens are valid: true, expires at: 1779261348416
[debug] [2026-05-20T06:15:54.681Z] Checked if tokens are valid: true, expires at: 1779261348416
[debug] [2026-05-20T06:15:54.681Z] >>> [apiv2][query] GET https://runtimeconfig.googleapis.com/v1beta1/projects/hire-hub-fe6c4/configs [none]
[debug] [2026-05-20T06:15:55.707Z] <<< [apiv2][status] GET https://runtimeconfig.googleapis.com/v1beta1/projects/hire-hub-fe6c4/configs 200
[debug] [2026-05-20T06:15:55.707Z] <<< [apiv2][body] GET https://runtimeconfig.googleapis.com/v1beta1/projects/hire-hub-fe6c4/configs {}
[debug] [2026-05-20T06:15:55.711Z] Validating nodejs source
[warn] ⚠  functions: Runtime Node.js 20 was deprecated on 2026-04-30 and will be decommissioned on 2026-10-30, after which you will not be able to deploy without upgrading. Consider upgrading now to avoid disruption. See https://cloud.google.com/functions/docs/runtime-support for full details on the lifecycle policy 
[warn] ⚠  functions: package.json indicates an outdated version of firebase-functions. Please upgrade using npm install --save firebase-functions@latest in your functions directory. 
[warn] ⚠  functions: Please note that there will be breaking changes when you upgrade. 
[debug] [2026-05-20T06:15:56.310Z] > [functions] package.json contents: {
  "name": "hiro-functions",
  "private": true,
  "main": "index.js",
  "engines": {
    "node": "20"
  },
  "dependencies": {
    "firebase-admin": "^12.7.0",
    "firebase-functions": "^6.1.2"
  },
  "devDependencies": {
    "firebase-functions-test": "^3.1.0"
  },
  "scripts": {
    "serve": "firebase emulators:start --only functions",
    "shell": "firebase functions:shell",
    "start": "npm run shell",
    "deploy": "firebase deploy --only functions",
    "logs": "firebase functions:log"
  }
}
[debug] [2026-05-20T06:15:56.310Z] Building nodejs source
[info] i  functions: Loading and analyzing source code for codebase default to determine what to deploy 
[debug] [2026-05-20T06:15:56.311Z] Could not find functions.yaml. Must use http discovery
[debug] [2026-05-20T06:15:56.317Z] Found firebase-functions binary at '/Users/raslan/Developer/hiro_website/functions/node_modules/.bin/firebase-functions'
[info] Serving at port 8482

[debug] [2026-05-20T06:15:56.582Z] Got response from /__/functions.yaml {"endpoints":{"sendNotificationPush":{"availableMemoryMb":null,"timeoutSeconds":null,"minInstances":null,"maxInstances":null,"ingressSettings":null,"concurrency":null,"serviceAccountEmail":null,"vpc":null,"platform":"gcfv2","labels":{},"eventTrigger":{"eventType":"google.cloud.firestore.document.v1.created","eventFilters":{"database":"(default)","namespace":"(default)"},"eventFilterPathPatterns":{"document":"users/{userId}/notifications/{notificationId}"},"retry":false},"entryPoint":"sendNotificationPush"}},"specVersion":"v1alpha1","requiredAPIs":[],"extensions":{}}
[debug] [2026-05-20T06:16:00.606Z] Checked if tokens are valid: true, expires at: 1779261348416
[debug] [2026-05-20T06:16:00.606Z] Checked if tokens are valid: true, expires at: 1779261348416
[debug] [2026-05-20T06:16:00.606Z] >>> [apiv2][query] GET https://cloudfunctions.googleapis.com/v1/projects/hire-hub-fe6c4/locations/-/functions [none]
[debug] [2026-05-20T06:16:02.327Z] <<< [apiv2][status] GET https://cloudfunctions.googleapis.com/v1/projects/hire-hub-fe6c4/locations/-/functions 200
[debug] [2026-05-20T06:16:02.327Z] <<< [apiv2][body] GET https://cloudfunctions.googleapis.com/v1/projects/hire-hub-fe6c4/locations/-/functions {}
[debug] [2026-05-20T06:16:02.327Z] Checked if tokens are valid: true, expires at: 1779261348416
[debug] [2026-05-20T06:16:02.328Z] Checked if tokens are valid: true, expires at: 1779261348416
[debug] [2026-05-20T06:16:02.328Z] >>> [apiv2][query] GET https://cloudfunctions.googleapis.com/v2/projects/hire-hub-fe6c4/locations/-/functions filter=environment%3D%22GEN_2%22
[debug] [2026-05-20T06:16:03.694Z] <<< [apiv2][status] GET https://cloudfunctions.googleapis.com/v2/projects/hire-hub-fe6c4/locations/-/functions 200
[debug] [2026-05-20T06:16:03.694Z] <<< [apiv2][body] GET https://cloudfunctions.googleapis.com/v2/projects/hire-hub-fe6c4/locations/-/functions {"functions":[{"name":"projects/hire-hub-fe6c4/locations/us-central1/functions/sendNotificationPush","buildConfig":{"build":"projects/29257648718/locations/us-central1/builds/a678a0c8-29cc-487c-9d8f-18ba5ecb1b23","runtime":"nodejs20","entryPoint":"sendNotificationPush","source":{"storageSource":{"bucket":"gcf-v2-sources-29257648718-us-central1","object":"sendNotificationPush/function-source.zip","generation":"1779023704879278"}},"environmentVariables":{"GOOGLE_NODE_RUN_SCRIPTS":""},"dockerRepository":"projects/hire-hub-fe6c4/locations/us-central1/repositories/gcf-artifacts","sourceProvenance":{"resolvedStorageSource":{"bucket":"gcf-v2-sources-29257648718-us-central1","object":"sendNotificationPush/function-source.zip","generation":"1779023704879278"}},"dockerRegistry":"ARTIFACT_REGISTRY","serviceAccount":"projects/hire-hub-fe6c4/serviceAccounts/29257648718-compute@developer.gserviceaccount.com","automaticUpdatePolicy":{}},"serviceConfig":{"service":"projects/hire-hub-fe6c4/locations/us-central1/services/sendnotificationpush","timeoutSeconds":60,"environmentVariables":{"FIREBASE_CONFIG":"{\"projectId\":\"hire-hub-fe6c4\",\"databaseURL\":\"https://hire-hub-fe6c4-default-rtdb.firebaseio.com\",\"storageBucket\":\"hire-hub-fe6c4.firebasestorage.app\"}","GCLOUD_PROJECT":"hire-hub-fe6c4","EVENTARC_CLOUD_EVENT_SOURCE":"projects/hire-hub-fe6c4/locations/us-central1/services/sendNotificationPush","FUNCTION_SIGNATURE_TYPE":"cloudevent","FUNCTION_TARGET":"sendNotificationPush","LOG_EXECUTION_ID":"true"},"maxInstanceCount":20,"ingressSettings":"ALLOW_ALL","uri":"https://sendnotificationpush-u7mugrxjga-uc.a.run.app","serviceAccountEmail":"29257648718-compute@developer.gserviceaccount.com","availableMemory":"256Mi","allTrafficOnLatestRevision":true,"revision":"sendnotificationpush-00010-kug","maxInstanceRequestConcurrency":80,"availableCpu":"1"},"eventTrigger":{"trigger":"projects/hire-hub-fe6c4/locations/me-west1/triggers/sendnotificationpush-453717","triggerRegion":"me-west1","eventType":"google.cloud.firestore.document.v1.created","eventFilters":[{"attribute":"document","value":"users/{userId}/notifications/{notificationId}","operator":"match-path-pattern"},{"attribute":"database","value":"(default)"},{"attribute":"namespace","value":"(default)"}],"pubsubTopic":"projects/hire-hub-fe6c4/topics/eventarc-me-west1-sendnotificationpush-453717-144","serviceAccountEmail":"29257648718-compute@developer.gserviceaccount.com","retryPolicy":"RETRY_POLICY_DO_NOT_RETRY"},"state":"ACTIVE","updateTime":"2026-05-17T13:16:15.596266940Z","labels":{"deployment-tool":"cli-firebase","firebase-functions-hash":"752de6925d3662dccd4ca662e73c28b935cc712e"},"environment":"GEN_2","url":"https://us-central1-hire-hub-fe6c4.cloudfunctions.net/sendNotificationPush","createTime":"2026-04-24T17:23:27.175626033Z","satisfiesPzi":true},{"name":"projects/hire-hub-fe6c4/locations/us-central1/functions/handleGooglePlaySubscriptionNotification","buildConfig":{"build":"projects/29257648718/locations/us-central1/builds/8fa53e00-5141-4985-9b32-59227ef38eb2","runtime":"nodejs20","entryPoint":"handleGooglePlaySubscriptionNotification","source":{"storageSource":{"bucket":"gcf-v2-sources-29257648718-us-central1","object":"handleGooglePlaySubscriptionNotification/function-source.zip","generation":"1777981655265720"}},"environmentVariables":{"GOOGLE_NODE_RUN_SCRIPTS":""},"dockerRepository":"projects/hire-hub-fe6c4/locations/us-central1/repositories/gcf-artifacts","sourceProvenance":{"resolvedStorageSource":{"bucket":"gcf-v2-sources-29257648718-us-central1","object":"handleGooglePlaySubscriptionNotification/function-source.zip","generation":"1777981655265720"}},"dockerRegistry":"ARTIFACT_REGISTRY","serviceAccount":"projects/hire-hub-fe6c4/serviceAccounts/29257648718-compute@developer.gserviceaccount.com","automaticUpdatePolicy":{}},"serviceConfig":{"service":"projects/hire-hub-fe6c4/locations/us-central1/services/handlegoogleplaysubscriptionnotification","timeoutSeconds":60,"environmentVariables":{"FIREBASE_CONFIG":"{\"projectId\":\"hire-hub-fe6c4\",\"databaseURL\":\"https://hire-hub-fe6c4-default-rtdb.firebaseio.com\",\"storageBucket\":\"hire-hub-fe6c4.firebasestorage.app\"}","GCLOUD_PROJECT":"hire-hub-fe6c4","EVENTARC_CLOUD_EVENT_SOURCE":"projects/hire-hub-fe6c4/locations/us-central1/services/handleGooglePlaySubscriptionNotification","FUNCTION_SIGNATURE_TYPE":"cloudevent","FUNCTION_TARGET":"handleGooglePlaySubscriptionNotification","LOG_EXECUTION_ID":"true"},"maxInstanceCount":20,"ingressSettings":"ALLOW_ALL","uri":"https://handlegoogleplaysubscriptionnotification-u7mugrxjga-uc.a.run.app","serviceAccountEmail":"29257648718-compute@developer.gserviceaccount.com","availableMemory":"256Mi","allTrafficOnLatestRevision":true,"revision":"handlegoogleplaysubscriptionnotification-00004-xop","maxInstanceRequestConcurrency":80,"availableCpu":"1"},"eventTrigger":{"trigger":"projects/hire-hub-fe6c4/locations/us-central1/triggers/handlegoogleplaysubscriptionnotification-891489","triggerRegion":"us-central1","eventType":"google.cloud.pubsub.topic.v1.messagePublished","pubsubTopic":"projects/hire-hub-fe6c4/topics/play-subscription-notifications","serviceAccountEmail":"29257648718-compute@developer.gserviceaccount.com","retryPolicy":"RETRY_POLICY_DO_NOT_RETRY"},"state":"ACTIVE","updateTime":"2026-05-05T11:47:54.550726820Z","labels":{"deployment-tool":"cli-firebase","firebase-functions-hash":"01cc7996c0599e0a958957f36c5eef69dce06efc"},"environment":"GEN_2","url":"https://us-central1-hire-hub-fe6c4.cloudfunctions.net/handleGooglePlaySubscriptionNotification","createTime":"2026-04-30T07:30:56.028128482Z","satisfiesPzi":true},{"name":"projects/hire-hub-fe6c4/locations/us-central1/functions/cleanupSubscriptionNotificationEvents","buildConfig":{"build":"projects/29257648718/locations/us-central1/builds/8fa53e00-5141-4985-9b32-59227ef38eb2","runtime":"nodejs20","entryPoint":"cleanupSubscriptionNotificationEvents","source":{"storageSource":{"bucket":"gcf-v2-sources-29257648718-us-central1","object":"cleanupSubscriptionNotificationEvents/function-source.zip","generation":"1777981655331731"}},"environmentVariables":{"GOOGLE_NODE_RUN_SCRIPTS":""},"dockerRepository":"projects/hire-hub-fe6c4/locations/us-central1/repositories/gcf-artifacts","sourceProvenance":{"resolvedStorageSource":{"bucket":"gcf-v2-sources-29257648718-us-central1","object":"cleanupSubscriptionNotificationEvents/function-source.zip","generation":"1777981655331731"}},"dockerRegistry":"ARTIFACT_REGISTRY","serviceAccount":"projects/hire-hub-fe6c4/serviceAccounts/29257648718-compute@developer.gserviceaccount.com","automaticUpdatePolicy":{}},"serviceConfig":{"service":"projects/hire-hub-fe6c4/locations/us-central1/services/cleanupsubscriptionnotificationevents","timeoutSeconds":60,"environmentVariables":{"FIREBASE_CONFIG":"{\"projectId\":\"hire-hub-fe6c4\",\"databaseURL\":\"https://hire-hub-fe6c4-default-rtdb.firebaseio.com\",\"storageBucket\":\"hire-hub-fe6c4.firebasestorage.app\"}","GCLOUD_PROJECT":"hire-hub-fe6c4","EVENTARC_CLOUD_EVENT_SOURCE":"projects/hire-hub-fe6c4/locations/us-central1/services/cleanupSubscriptionNotificationEvents","FUNCTION_TARGET":"cleanupSubscriptionNotificationEvents","LOG_EXECUTION_ID":"true","FUNCTION_SIGNATURE_TYPE":"http"},"maxInstanceCount":20,"ingressSettings":"ALLOW_ALL","uri":"https://cleanupsubscriptionnotificationevents-u7mugrxjga-uc.a.run.app","serviceAccountEmail":"29257648718-compute@developer.gserviceaccount.com","availableMemory":"256Mi","allTrafficOnLatestRevision":true,"revision":"cleanupsubscriptionnotificationevents-00004-wiy","maxInstanceRequestConcurrency":80,"availableCpu":"1"},"state":"ACTIVE","updateTime":"2026-05-05T11:47:54.484642980Z","labels":{"deployment-tool":"cli-firebase","deployment-scheduled":"true","firebase-functions-hash":"01cc7996c0599e0a958957f36c5eef69dce06efc"},"environment":"GEN_2","url":"https://us-central1-hire-hub-fe6c4.cloudfunctions.net/cleanupSubscriptionNotificationEvents","createTime":"2026-04-30T07:30:55.921702281Z","satisfiesPzi":true},{"name":"projects/hire-hub-fe6c4/locations/us-central1/functions/handleAppStoreServerNotification","buildConfig":{"build":"projects/29257648718/locations/us-central1/builds/8fa53e00-5141-4985-9b32-59227ef38eb2","runtime":"nodejs20","entryPoint":"handleAppStoreServerNotification","source":{"storageSource":{"bucket":"gcf-v2-sources-29257648718-us-central1","object":"handleAppStoreServerNotification/function-source.zip","generation":"1777981655242791"}},"environmentVariables":{"GOOGLE_NODE_RUN_SCRIPTS":""},"dockerRepository":"projects/hire-hub-fe6c4/locations/us-central1/repositories/gcf-artifacts","sourceProvenance":{"resolvedStorageSource":{"bucket":"gcf-v2-sources-29257648718-us-central1","object":"handleAppStoreServerNotification/function-source.zip","generation":"1777981655242791"}},"dockerRegistry":"ARTIFACT_REGISTRY","serviceAccount":"projects/hire-hub-fe6c4/serviceAccounts/29257648718-compute@developer.gserviceaccount.com","automaticUpdatePolicy":{}},"serviceConfig":{"service":"projects/hire-hub-fe6c4/locations/us-central1/services/handleappstoreservernotification","timeoutSeconds":60,"environmentVariables":{"FIREBASE_CONFIG":"{\"projectId\":\"hire-hub-fe6c4\",\"databaseURL\":\"https://hire-hub-fe6c4-default-rtdb.firebaseio.com\",\"storageBucket\":\"hire-hub-fe6c4.firebasestorage.app\"}","GCLOUD_PROJECT":"hire-hub-fe6c4","EVENTARC_CLOUD_EVENT_SOURCE":"projects/hire-hub-fe6c4/locations/us-central1/services/handleAppStoreServerNotification","FUNCTION_TARGET":"handleAppStoreServerNotification","LOG_EXECUTION_ID":"true","FUNCTION_SIGNATURE_TYPE":"http"},"maxInstanceCount":20,"ingressSettings":"ALLOW_ALL","uri":"https://handleappstoreservernotification-u7mugrxjga-uc.a.run.app","serviceAccountEmail":"29257648718-compute@developer.gserviceaccount.com","availableMemory":"256Mi","allTrafficOnLatestRevision":true,"revision":"handleappstoreservernotification-00004-qid","maxInstanceRequestConcurrency":80,"availableCpu":"1"},"state":"ACTIVE","updateTime":"2026-05-05T11:47:54.018284062Z","labels":{"deployment-tool":"cli-firebase","firebase-functions-hash":"01cc7996c0599e0a958957f36c5eef69dce06efc"},"environment":"GEN_2","url":"https://us-central1-hire-hub-fe6c4.cloudfunctions.net/handleAppStoreServerNotification","createTime":"2026-04-30T07:30:02.350128450Z","satisfiesPzi":true},{"name":"projects/hire-hub-fe6c4/locations/us-central1/functions/syncWorkerSubscriptionLifecycle","buildConfig":{"build":"projects/29257648718/locations/us-central1/builds/8fa53e00-5141-4985-9b32-59227ef38eb2","runtime":"nodejs20","entryPoint":"syncWorkerSubscriptionLifecycle","source":{"storageSource":{"bucket":"gcf-v2-sources-29257648718-us-central1","object":"syncWorkerSubscriptionLifecycle/function-source.zip","generation":"1777981655310624"}},"environmentVariables":{"GOOGLE_NODE_RUN_SCRIPTS":""},"dockerRepository":"projects/hire-hub-fe6c4/locations/us-central1/repositories/gcf-artifacts","sourceProvenance":{"resolvedStorageSource":{"bucket":"gcf-v2-sources-29257648718-us-central1","object":"syncWorkerSubscriptionLifecycle/function-source.zip","generation":"1777981655310624"}},"dockerRegistry":"ARTIFACT_REGISTRY","serviceAccount":"projects/hire-hub-fe6c4/serviceAccounts/29257648718-compute@developer.gserviceaccount.com","automaticUpdatePolicy":{}},"serviceConfig":{"service":"projects/hire-hub-fe6c4/locations/us-central1/services/syncworkersubscriptionlifecycle","timeoutSeconds":60,"environmentVariables":{"FIREBASE_CONFIG":"{\"projectId\":\"hire-hub-fe6c4\",\"databaseURL\":\"https://hire-hub-fe6c4-default-rtdb.firebaseio.com\",\"storageBucket\":\"hire-hub-fe6c4.firebasestorage.app\"}","GCLOUD_PROJECT":"hire-hub-fe6c4","EVENTARC_CLOUD_EVENT_SOURCE":"projects/hire-hub-fe6c4/locations/us-central1/services/syncWorkerSubscriptionLifecycle","FUNCTION_TARGET":"syncWorkerSubscriptionLifecycle","LOG_EXECUTION_ID":"true","FUNCTION_SIGNATURE_TYPE":"http"},"maxInstanceCount":20,"ingressSettings":"ALLOW_ALL","uri":"https://syncworkersubscriptionlifecycle-u7mugrxjga-uc.a.run.app","serviceAccountEmail":"29257648718-compute@developer.gserviceaccount.com","availableMemory":"256Mi","allTrafficOnLatestRevision":true,"revision":"syncworkersubscriptionlifecycle-00004-fuz","maxInstanceRequestConcurrency":80,"availableCpu":"1"},"state":"ACTIVE","updateTime":"2026-05-05T11:47:53.391338753Z","labels":{"deployment-scheduled":"true","firebase-functions-hash":"01cc7996c0599e0a958957f36c5eef69dce06efc","deployment-tool":"cli-firebase"},"environment":"GEN_2","url":"https://us-central1-hire-hub-fe6c4.cloudfunctions.net/syncWorkerSubscriptionLifecycle","createTime":"2026-04-30T07:30:55.835157903Z","satisfiesPzi":true},{"name":"projects/hire-hub-fe6c4/locations/us-central1/functions/createMessageNotification","buildConfig":{"build":"projects/29257648718/locations/us-central1/builds/7374f390-cb69-4477-86d2-022ca8651bb7","runtime":"nodejs20","entryPoint":"createMessageNotification","source":{"storageSource":{"bucket":"gcf-v2-sources-29257648718-us-central1","object":"createMessageNotification/function-source.zip","generation":"1777884491979245"}},"environmentVariables":{"GOOGLE_NODE_RUN_SCRIPTS":""},"dockerRepository":"projects/hire-hub-fe6c4/locations/us-central1/repositories/gcf-artifacts","sourceProvenance":{"resolvedStorageSource":{"bucket":"gcf-v2-sources-29257648718-us-central1","object":"createMessageNotification/function-source.zip","generation":"1777884491979245"}},"dockerRegistry":"ARTIFACT_REGISTRY","serviceAccount":"projects/hire-hub-fe6c4/serviceAccounts/29257648718-compute@developer.gserviceaccount.com","automaticUpdatePolicy":{}},"serviceConfig":{"service":"projects/hire-hub-fe6c4/locations/us-central1/services/createmessagenotification","timeoutSeconds":60,"environmentVariables":{"FIREBASE_CONFIG":"{\"projectId\":\"hire-hub-fe6c4\",\"databaseURL\":\"https://hire-hub-fe6c4-default-rtdb.firebaseio.com\",\"storageBucket\":\"hire-hub-fe6c4.firebasestorage.app\"}","GCLOUD_PROJECT":"hire-hub-fe6c4","EVENTARC_CLOUD_EVENT_SOURCE":"projects/hire-hub-fe6c4/locations/us-central1/services/createMessageNotification","FUNCTION_SIGNATURE_TYPE":"cloudevent","FUNCTION_TARGET":"createMessageNotification","LOG_EXECUTION_ID":"true"},"ingressSettings":"ALLOW_ALL","uri":"https://createmessagenotification-u7mugrxjga-uc.a.run.app","serviceAccountEmail":"29257648718-compute@developer.gserviceaccount.com","availableMemory":"256Mi","allTrafficOnLatestRevision":true,"revision":"createmessagenotification-00001-rif","maxInstanceRequestConcurrency":80,"availableCpu":"1"},"eventTrigger":{"trigger":"projects/hire-hub-fe6c4/locations/me-west1/triggers/createmessagenotification-573894","triggerRegion":"me-west1","eventType":"google.cloud.firestore.document.v1.created","eventFilters":[{"attribute":"namespace","value":"(default)"},{"attribute":"document","value":"chat_rooms/{roomId}/messages/{messageId}","operator":"match-path-pattern"},{"attribute":"database","value":"(default)"}],"pubsubTopic":"projects/hire-hub-fe6c4/topics/eventarc-me-west1-createmessagenotification-573894-863","serviceAccountEmail":"29257648718-compute@developer.gserviceaccount.com","retryPolicy":"RETRY_POLICY_DO_NOT_RETRY"},"state":"ACTIVE","updateTime":"2026-05-04T08:49:34.978145725Z","labels":{"deployment-tool":"cli-firebase","firebase-functions-hash":"27048c617a7f4ea1e3d168f50e83932ddd3db4e9"},"environment":"GEN_2","url":"https://us-central1-hire-hub-fe6c4.cloudfunctions.net/createMessageNotification","createTime":"2026-05-04T08:48:13.019465535Z","satisfiesPzi":true},{"name":"projects/hire-hub-fe6c4/locations/us-central1/functions/verifySubscriptionPurchase","buildConfig":{"build":"projects/29257648718/locations/us-central1/builds/8fa53e00-5141-4985-9b32-59227ef38eb2","runtime":"nodejs20","entryPoint":"verifySubscriptionPurchase","source":{"storageSource":{"bucket":"gcf-v2-sources-29257648718-us-central1","object":"verifySubscriptionPurchase/function-source.zip","generation":"1777981654890343"}},"environmentVariables":{"GOOGLE_NODE_RUN_SCRIPTS":""},"dockerRepository":"projects/hire-hub-fe6c4/locations/us-central1/repositories/gcf-artifacts","sourceProvenance":{"resolvedStorageSource":{"bucket":"gcf-v2-sources-29257648718-us-central1","object":"verifySubscriptionPurchase/function-source.zip","generation":"1777981654890343"}},"dockerRegistry":"ARTIFACT_REGISTRY","serviceAccount":"projects/hire-hub-fe6c4/serviceAccounts/29257648718-compute@developer.gserviceaccount.com","automaticUpdatePolicy":{}},"serviceConfig":{"service":"projects/hire-hub-fe6c4/locations/us-central1/services/verifysubscriptionpurchase","timeoutSeconds":60,"environmentVariables":{"FIREBASE_CONFIG":"{\"projectId\":\"hire-hub-fe6c4\",\"databaseURL\":\"https://hire-hub-fe6c4-default-rtdb.firebaseio.com\",\"storageBucket\":\"hire-hub-fe6c4.firebasestorage.app\"}","GCLOUD_PROJECT":"hire-hub-fe6c4","EVENTARC_CLOUD_EVENT_SOURCE":"projects/hire-hub-fe6c4/locations/us-central1/services/verifySubscriptionPurchase","FUNCTION_TARGET":"verifySubscriptionPurchase","LOG_EXECUTION_ID":"true","FUNCTION_SIGNATURE_TYPE":"http"},"maxInstanceCount":20,"ingressSettings":"ALLOW_ALL","uri":"https://verifysubscriptionpurchase-u7mugrxjga-uc.a.run.app","serviceAccountEmail":"29257648718-compute@developer.gserviceaccount.com","availableMemory":"256Mi","allTrafficOnLatestRevision":true,"revision":"verifysubscriptionpurchase-00003-hoc","maxInstanceRequestConcurrency":80,"availableCpu":"1"},"state":"ACTIVE","updateTime":"2026-05-05T11:47:51.935102843Z","labels":{"deployment-tool":"cli-firebase","deployment-callable":"true","firebase-functions-hash":"01cc7996c0599e0a958957f36c5eef69dce06efc"},"environment":"GEN_2","url":"https://us-central1-hire-hub-fe6c4.cloudfunctions.net/verifySubscriptionPurchase","createTime":"2026-05-03T11:33:27.736115709Z","satisfiesPzi":true}]}
[info] i  extensions: ensuring required API firebaseextensions.googleapis.com is enabled... 
[debug] [2026-05-20T06:16:03.697Z] > command requires scopes: ["email","openid","https://www.googleapis.com/auth/cloudplatformprojects.readonly","https://www.googleapis.com/auth/firebase","https://www.googleapis.com/auth/cloud-platform"]
[debug] [2026-05-20T06:16:03.697Z] > authorizing via signed-in user (my.hire.hub@gmail.com)
[debug] [2026-05-20T06:16:03.697Z] [iam] checking project hire-hub-fe6c4 for permissions ["firebase.projects.get","firebaseextensions.instances.list"]
[debug] [2026-05-20T06:16:03.697Z] Checked if tokens are valid: true, expires at: 1779261348416
[debug] [2026-05-20T06:16:03.697Z] Checked if tokens are valid: true, expires at: 1779261348416
[debug] [2026-05-20T06:16:03.698Z] >>> [apiv2][query] POST https://cloudresourcemanager.googleapis.com/v1/projects/hire-hub-fe6c4:testIamPermissions [none]
[debug] [2026-05-20T06:16:03.698Z] >>> [apiv2][(partial)header] POST https://cloudresourcemanager.googleapis.com/v1/projects/hire-hub-fe6c4:testIamPermissions  x-goog-user-project=hire-hub-fe6c4
[debug] [2026-05-20T06:16:03.698Z] >>> [apiv2][body] POST https://cloudresourcemanager.googleapis.com/v1/projects/hire-hub-fe6c4:testIamPermissions {"permissions":["firebase.projects.get","firebaseextensions.instances.list"]}
[debug] [2026-05-20T06:16:04.719Z] <<< [apiv2][status] POST https://cloudresourcemanager.googleapis.com/v1/projects/hire-hub-fe6c4:testIamPermissions 200
[debug] [2026-05-20T06:16:04.719Z] <<< [apiv2][body] POST https://cloudresourcemanager.googleapis.com/v1/projects/hire-hub-fe6c4:testIamPermissions {"permissions":["firebase.projects.get","firebaseextensions.instances.list"]}
[debug] [2026-05-20T06:16:04.720Z] Checked if tokens are valid: true, expires at: 1779261348416
[debug] [2026-05-20T06:16:04.720Z] Checked if tokens are valid: true, expires at: 1779261348416
[debug] [2026-05-20T06:16:04.720Z] >>> [apiv2][query] GET https://firebaseextensions.googleapis.com/v1beta/projects/hire-hub-fe6c4/instances pageSize=100&pageToken=
[debug] [2026-05-20T06:16:05.975Z] <<< [apiv2][status] GET https://firebaseextensions.googleapis.com/v1beta/projects/hire-hub-fe6c4/instances 200
[debug] [2026-05-20T06:16:05.975Z] <<< [apiv2][body] GET https://firebaseextensions.googleapis.com/v1beta/projects/hire-hub-fe6c4/instances {}
[info] i  functions: preparing functions directory for uploading... 
[info] i  functions: packaged /Users/raslan/Developer/hiro_website/functions (68.9 KB) for uploading 
[debug] [2026-05-20T06:16:06.000Z] Checked if tokens are valid: true, expires at: 1779261348416
[debug] [2026-05-20T06:16:06.000Z] Checked if tokens are valid: true, expires at: 1779261348416
[debug] [2026-05-20T06:16:06.000Z] >>> [apiv2][query] GET https://firestore.googleapis.com/v1/projects/hire-hub-fe6c4/databases/(default) [none]
[debug] [2026-05-20T06:16:06.767Z] <<< [apiv2][status] GET https://firestore.googleapis.com/v1/projects/hire-hub-fe6c4/databases/(default) 200
[debug] [2026-05-20T06:16:06.767Z] <<< [apiv2][body] GET https://firestore.googleapis.com/v1/projects/hire-hub-fe6c4/databases/(default) {"name":"projects/hire-hub-fe6c4/databases/(default)","uid":"d3ca2d2e-1985-4056-9485-f95f846c0785","createTime":"2026-03-11T13:46:37.023027Z","updateTime":"2026-03-11T13:46:37.023027Z","locationId":"me-west1","type":"FIRESTORE_NATIVE","concurrencyMode":"PESSIMISTIC","versionRetentionPeriod":"604800s","earliestVersionTime":"2026-05-13T06:17:00Z","appEngineIntegrationMode":"DISABLED","pointInTimeRecoveryEnablement":"POINT_IN_TIME_RECOVERY_ENABLED","deleteProtectionState":"DELETE_PROTECTION_DISABLED","databaseEdition":"STANDARD","freeTier":true,"realtimeUpdatesMode":"REALTIME_UPDATES_MODE_ENABLED","etag":"IOq6o9mbx5QDMI7Xj5WQ1JMD"}
[warn] ⚠  functions: The following functions have triggers in different regions than they are located:
- sendNotificationPush (us-central1, Trigger: me-west1)
To avoid unnecessary cross-region network hops, consider assigning these functions to their trigger regions or collocating them. To suppress this warning, set FIREBASE_SUPPRESS_REGION_WARNING=true in your environment variables. 
[info] i  functions: ensuring required API run.googleapis.com is enabled... 
[info] i  functions: ensuring required API eventarc.googleapis.com is enabled... 
[info] i  functions: ensuring required API pubsub.googleapis.com is enabled... 
[info] i  functions: ensuring required API storage.googleapis.com is enabled... 
[info] i  functions: generating the service identity for pubsub.googleapis.com... 
[debug] [2026-05-20T06:16:06.770Z] Checked if tokens are valid: true, expires at: 1779261348416
[debug] [2026-05-20T06:16:06.770Z] Checked if tokens are valid: true, expires at: 1779261348416
[info] i  functions: generating the service identity for eventarc.googleapis.com... 
[debug] [2026-05-20T06:16:06.770Z] Checked if tokens are valid: true, expires at: 1779261348416
[debug] [2026-05-20T06:16:06.770Z] Checked if tokens are valid: true, expires at: 1779261348416
[debug] [2026-05-20T06:16:06.770Z] >>> [apiv2][query] POST https://serviceusage.googleapis.com/v1beta1/projects/29257648718/services/pubsub.googleapis.com:generateServiceIdentity [none]
[debug] [2026-05-20T06:16:06.770Z] >>> [apiv2][(partial)header] POST https://serviceusage.googleapis.com/v1beta1/projects/29257648718/services/pubsub.googleapis.com:generateServiceIdentity  x-goog-user-project=29257648718
[debug] [2026-05-20T06:16:06.770Z] >>> [apiv2][body] POST https://serviceusage.googleapis.com/v1beta1/projects/29257648718/services/pubsub.googleapis.com:generateServiceIdentity {}
[debug] [2026-05-20T06:16:06.772Z] >>> [apiv2][query] POST https://serviceusage.googleapis.com/v1beta1/projects/29257648718/services/eventarc.googleapis.com:generateServiceIdentity [none]
[debug] [2026-05-20T06:16:06.772Z] >>> [apiv2][(partial)header] POST https://serviceusage.googleapis.com/v1beta1/projects/29257648718/services/eventarc.googleapis.com:generateServiceIdentity  x-goog-user-project=29257648718
[debug] [2026-05-20T06:16:06.772Z] >>> [apiv2][body] POST https://serviceusage.googleapis.com/v1beta1/projects/29257648718/services/eventarc.googleapis.com:generateServiceIdentity {}
[debug] [2026-05-20T06:16:08.508Z] <<< [apiv2][status] POST https://serviceusage.googleapis.com/v1beta1/projects/29257648718/services/pubsub.googleapis.com:generateServiceIdentity 200
[debug] [2026-05-20T06:16:08.508Z] <<< [apiv2][body] POST https://serviceusage.googleapis.com/v1beta1/projects/29257648718/services/pubsub.googleapis.com:generateServiceIdentity {"name":"operations/finished.DONE_OPERATION","done":true,"response":{"@type":"type.googleapis.com/google.api.serviceusage.v1beta1.ServiceIdentity","email":"service-29257648718@gcp-sa-pubsub.iam.gserviceaccount.com","uniqueId":"114932322187531102284"}}
[debug] [2026-05-20T06:16:08.509Z] <<< [apiv2][status] POST https://serviceusage.googleapis.com/v1beta1/projects/29257648718/services/eventarc.googleapis.com:generateServiceIdentity 200
[debug] [2026-05-20T06:16:08.509Z] <<< [apiv2][body] POST https://serviceusage.googleapis.com/v1beta1/projects/29257648718/services/eventarc.googleapis.com:generateServiceIdentity {"name":"operations/finished.DONE_OPERATION","done":true,"response":{"@type":"type.googleapis.com/google.api.serviceusage.v1beta1.ServiceIdentity","email":"service-29257648718@gcp-sa-eventarc.iam.gserviceaccount.com","uniqueId":"111382509975403593017"}}
[debug] [2026-05-20T06:16:08.512Z] Checked if tokens are valid: true, expires at: 1779261348416
[debug] [2026-05-20T06:16:08.512Z] Checked if tokens are valid: true, expires at: 1779261348416
[debug] [2026-05-20T06:16:08.512Z] >>> [apiv2][query] GET https://cloudresourcemanager.googleapis.com/v1/projects/hire-hub-fe6c4 [none]
[debug] [2026-05-20T06:16:08.726Z] <<< [apiv2][status] GET https://cloudresourcemanager.googleapis.com/v1/projects/hire-hub-fe6c4 200
[debug] [2026-05-20T06:16:08.726Z] <<< [apiv2][body] GET https://cloudresourcemanager.googleapis.com/v1/projects/hire-hub-fe6c4 {"projectNumber":"29257648718","projectId":"hire-hub-fe6c4","lifecycleState":"ACTIVE","name":"hire-hub","labels":{"firebase":"enabled","firebase-core":"disabled"},"createTime":"2026-03-06T22:02:21.079174Z"}
[debug] [2026-05-20T06:16:08.726Z] Checked if tokens are valid: true, expires at: 1779261348416
[debug] [2026-05-20T06:16:08.726Z] Checked if tokens are valid: true, expires at: 1779261348416
[debug] [2026-05-20T06:16:08.726Z] >>> [apiv2][query] GET https://compute.googleapis.com/compute/v1/projects/29257648718 [none]
[debug] [2026-05-20T06:16:09.206Z] <<< [apiv2][status] GET https://compute.googleapis.com/compute/v1/projects/29257648718 403
[debug] [2026-05-20T06:16:09.206Z] <<< [apiv2][body] GET https://compute.googleapis.com/compute/v1/projects/29257648718 {"error":{"code":403,"message":"Compute Engine API has not been used in project 29257648718 before or it is disabled. Enable it by visiting https://console.developers.google.com/apis/api/compute.googleapis.com/overview?project=29257648718 then retry. If you enabled this API recently, wait a few minutes for the action to propagate to our systems and retry.","errors":[{"message":"Compute Engine API has not been used in project 29257648718 before or it is disabled. Enable it by visiting https://console.developers.google.com/apis/api/compute.googleapis.com/overview?project=29257648718 then retry. If you enabled this API recently, wait a few minutes for the action to propagate to our systems and retry.","domain":"usageLimits","reason":"accessNotConfigured","extendedHelp":"https://console.developers.google.com"}],"status":"PERMISSION_DENIED","details":[{"@type":"type.googleapis.com/google.rpc.ErrorInfo","reason":"SERVICE_DISABLED","domain":"googleapis.com","metadata":{"service":"compute.googleapis.com","consumer":"projects/29257648718","serviceTitle":"Compute Engine API","activationUrl":"https://console.developers.google.com/apis/api/compute.googleapis.com/overview?project=29257648718","containerInfo":"29257648718"}},{"@type":"type.googleapis.com/google.rpc.LocalizedMessage","locale":"en-US","message":"Compute Engine API has not been used in project 29257648718 before or it is disabled. Enable it by visiting https://console.developers.google.com/apis/api/compute.googleapis.com/overview?project=29257648718 then retry. If you enabled this API recently, wait a few minutes for the action to propagate to our systems and retry."},{"@type":"type.googleapis.com/google.rpc.Help","links":[{"description":"Google developers console API activation","url":"https://console.developers.google.com/apis/api/compute.googleapis.com/overview?project=29257648718"}]}]}}
[debug] [2026-05-20T06:16:09.207Z] unable to look up default compute service account. Falling back to 29257648718-compute@developer.gserviceaccount.com. Error: {"name":"FirebaseError","children":[],"context":{"body":{"error":{"code":403,"message":"Compute Engine API has not been used in project 29257648718 before or it is disabled. Enable it by visiting https://console.developers.google.com/apis/api/compute.googleapis.com/overview?project=29257648718 then retry. If you enabled this API recently, wait a few minutes for the action to propagate to our systems and retry.","errors":[{"message":"Compute Engine API has not been used in project 29257648718 before or it is disabled. Enable it by visiting https://console.developers.google.com/apis/api/compute.googleapis.com/overview?project=29257648718 then retry. If you enabled this API recently, wait a few minutes for the action to propagate to our systems and retry.","domain":"usageLimits","reason":"accessNotConfigured","extendedHelp":"https://console.developers.google.com"}],"status":"PERMISSION_DENIED","details":[{"@type":"type.googleapis.com/google.rpc.ErrorInfo","reason":"SERVICE_DISABLED","domain":"googleapis.com","metadata":{"service":"compute.googleapis.com","consumer":"projects/29257648718","serviceTitle":"Compute Engine API","activationUrl":"https://console.developers.google.com/apis/api/compute.googleapis.com/overview?project=29257648718","containerInfo":"29257648718"}},{"@type":"type.googleapis.com/google.rpc.LocalizedMessage","locale":"en-US","message":"Compute Engine API has not been used in project 29257648718 before or it is disabled. Enable it by visiting https://console.developers.google.com/apis/api/compute.googleapis.com/overview?project=29257648718 then retry. If you enabled this API recently, wait a few minutes for the action to propagate to our systems and retry."},{"@type":"type.googleapis.com/google.rpc.Help","links":[{"description":"Google developers console API activation","url":"https://console.developers.google.com/apis/api/compute.googleapis.com/overview?project=29257648718"}]}]}},"response":{"statusCode":403}},"exit":1,"message":"Request to https://compute.googleapis.com/compute/v1/projects/29257648718 had HTTP Error: 403, Compute Engine API has not been used in project 29257648718 before or it is disabled. Enable it by visiting https://console.developers.google.com/apis/api/compute.googleapis.com/overview?project=29257648718 then retry. If you enabled this API recently, wait a few minutes for the action to propagate to our systems and retry.","status":403}
[debug] [2026-05-20T06:16:09.208Z] Checked if tokens are valid: true, expires at: 1779261348416
[debug] [2026-05-20T06:16:09.208Z] Checked if tokens are valid: true, expires at: 1779261348416
[debug] [2026-05-20T06:16:09.208Z] >>> [apiv2][query] POST https://iam.googleapis.com/v1/projects/hire-hub-fe6c4/serviceAccounts/firebase-app-hosting-compute@hire-hub-fe6c4.iam.gserviceaccount.com:testIamPermissions [none]
[debug] [2026-05-20T06:16:09.208Z] >>> [apiv2][(partial)header] POST https://iam.googleapis.com/v1/projects/hire-hub-fe6c4/serviceAccounts/firebase-app-hosting-compute@hire-hub-fe6c4.iam.gserviceaccount.com:testIamPermissions  x-goog-user-project=hire-hub-fe6c4
[debug] [2026-05-20T06:16:09.208Z] >>> [apiv2][body] POST https://iam.googleapis.com/v1/projects/hire-hub-fe6c4/serviceAccounts/firebase-app-hosting-compute@hire-hub-fe6c4.iam.gserviceaccount.com:testIamPermissions {"permissions":["iam.serviceAccounts.actAs"]}
[debug] [2026-05-20T06:16:10.248Z] <<< [apiv2][status] POST https://iam.googleapis.com/v1/projects/hire-hub-fe6c4/serviceAccounts/firebase-app-hosting-compute@hire-hub-fe6c4.iam.gserviceaccount.com:testIamPermissions 200
[debug] [2026-05-20T06:16:10.249Z] <<< [apiv2][body] POST https://iam.googleapis.com/v1/projects/hire-hub-fe6c4/serviceAccounts/firebase-app-hosting-compute@hire-hub-fe6c4.iam.gserviceaccount.com:testIamPermissions {"permissions":["iam.serviceAccounts.actAs"]}
[debug] [2026-05-20T06:16:10.249Z] Checked if tokens are valid: true, expires at: 1779261348416
[debug] [2026-05-20T06:16:10.249Z] Checked if tokens are valid: true, expires at: 1779261348416
[debug] [2026-05-20T06:16:10.249Z] >>> [apiv2][query] POST https://iam.googleapis.com/v1/projects/hire-hub-fe6c4/serviceAccounts [none]
[debug] [2026-05-20T06:16:10.249Z] >>> [apiv2][body] POST https://iam.googleapis.com/v1/projects/hire-hub-fe6c4/serviceAccounts {"accountId":"firebase-app-hosting-compute","serviceAccount":{"displayName":"Firebase App Hosting compute service account","description":"Default service account used to run builds and deploys for Firebase App Hosting"}}
[debug] [2026-05-20T06:16:10.601Z] <<< [apiv2][status] POST https://iam.googleapis.com/v1/projects/hire-hub-fe6c4/serviceAccounts 409
[debug] [2026-05-20T06:16:10.601Z] <<< [apiv2][body] POST https://iam.googleapis.com/v1/projects/hire-hub-fe6c4/serviceAccounts [omitted]
[debug] [2026-05-20T06:16:10.602Z] Checked if tokens are valid: true, expires at: 1779261348416
[debug] [2026-05-20T06:16:10.602Z] Checked if tokens are valid: true, expires at: 1779261348416
[debug] [2026-05-20T06:16:10.603Z] >>> [apiv2][query] POST https://cloudresourcemanager.googleapis.com/v1/projects/hire-hub-fe6c4:getIamPolicy [none]
[debug] [2026-05-20T06:16:10.898Z] <<< [apiv2][status] POST https://cloudresourcemanager.googleapis.com/v1/projects/hire-hub-fe6c4:getIamPolicy 200
[debug] [2026-05-20T06:16:10.898Z] <<< [apiv2][body] POST https://cloudresourcemanager.googleapis.com/v1/projects/hire-hub-fe6c4:getIamPolicy {"version":1,"etag":"BwZSLpGnXE4=","bindings":[{"role":"roles/artifactregistry.serviceAgent","members":["serviceAccount:service-29257648718@gcp-sa-artifactregistry.iam.gserviceaccount.com"]},{"role":"roles/cloudaicompanion.serviceAgent","members":["serviceAccount:service-29257648718@gcp-sa-cloudaicompanion.iam.gserviceaccount.com"]},{"role":"roles/cloudbuild.builds.builder","members":["serviceAccount:29257648718@cloudbuild.gserviceaccount.com"]},{"role":"roles/cloudbuild.serviceAgent","members":["serviceAccount:service-29257648718@gcp-sa-cloudbuild.iam.gserviceaccount.com"]},{"role":"roles/cloudfunctions.developer","members":["serviceAccount:github-action-1166950914@hire-hub-fe6c4.iam.gserviceaccount.com"]},{"role":"roles/cloudfunctions.serviceAgent","members":["serviceAccount:service-29257648718@gcf-admin-robot.iam.gserviceaccount.com"]},{"role":"roles/cloudscheduler.serviceAgent","members":["serviceAccount:service-29257648718@gcp-sa-cloudscheduler.iam.gserviceaccount.com"]},{"role":"roles/containerregistry.ServiceAgent","members":["serviceAccount:service-29257648718@containerregistry.iam.gserviceaccount.com"]},{"role":"roles/developerconnect.readTokenAccessor","members":["serviceAccount:firebase-app-hosting-compute@hire-hub-fe6c4.iam.gserviceaccount.com"]},{"role":"roles/developerconnect.serviceAgent","members":["serviceAccount:service-29257648718@gcp-sa-devconnect.iam.gserviceaccount.com"]},{"role":"roles/editor","members":["serviceAccount:29257648718-compute@developer.gserviceaccount.com","serviceAccount:29257648718@cloudservices.gserviceaccount.com","serviceAccount:hire-hub-fe6c4@appspot.gserviceaccount.com"]},{"role":"roles/eventarc.eventReceiver","members":["serviceAccount:29257648718-compute@developer.gserviceaccount.com"]},{"role":"roles/eventarc.serviceAgent","members":["serviceAccount:service-29257648718@gcp-sa-eventarc.iam.gserviceaccount.com"]},{"role":"roles/firebase.managementServiceAgent","members":["serviceAccount:service-29257648718@gcp-sa-firebase.iam.gserviceaccount.com"]},{"role":"roles/firebase.sdkAdminServiceAgent","members":["serviceAccount:firebase-adminsdk-fbsvc@hire-hub-fe6c4.iam.gserviceaccount.com","serviceAccount:firebase-app-hosting-compute@hire-hub-fe6c4.iam.gserviceaccount.com"]},{"role":"roles/firebaseappcheck.admin","members":["serviceAccount:firebase-adminsdk-fbsvc@hire-hub-fe6c4.iam.gserviceaccount.com"]},{"role":"roles/firebaseappcheck.serviceAgent","members":["serviceAccount:service-29257648718@gcp-sa-firebaseappcheck.iam.gserviceaccount.com"]},{"role":"roles/firebaseapphosting.computeRunner","members":["serviceAccount:firebase-app-hosting-compute@hire-hub-fe6c4.iam.gserviceaccount.com"]},{"role":"roles/firebaseapphosting.serviceAgent","members":["serviceAccount:service-29257648718@gcp-sa-firebaseapphosting.iam.gserviceaccount.com"]},{"role":"roles/firebaseauth.admin","members":["serviceAccount:github-action-1166950914@hire-hub-fe6c4.iam.gserviceaccount.com"]},{"role":"roles/firebasedatabase.admin","members":["serviceAccount:firebase-adminsdk-fbsvc@hire-hub-fe6c4.iam.gserviceaccount.com"]},{"role":"roles/firebasedataconnect.serviceAgent","members":["serviceAccount:service-29257648718@gcp-sa-firebasedataconnect.iam.gserviceaccount.com"]},{"role":"roles/firebasehosting.admin","members":["serviceAccount:github-action-1166950914@hire-hub-fe6c4.iam.gserviceaccount.com"]},{"role":"roles/firebaseml.serviceAgent","members":["serviceAccount:service-29257648718@gcp-sa-firebasevertexai.iam.gserviceaccount.com"]},{"role":"roles/firebasemods.serviceAgent","members":["serviceAccount:service-29257648718@gcp-sa-firebasemods.iam.gserviceaccount.com"]},{"role":"roles/firebaserules.system","members":["serviceAccount:service-29257648718@firebase-rules.iam.gserviceaccount.com"]},{"role":"roles/firebasestorage.serviceAgent","members":["serviceAccount:service-29257648718@gcp-sa-firebasestorage.iam.gserviceaccount.com"]},{"role":"roles/firestore.serviceAgent","members":["serviceAccount:service-29257648718@gcp-sa-firestore.iam.gserviceaccount.com"]},{"role":"roles/iam.serviceAccountTokenCreator","members":["serviceAccount:firebase-adminsdk-fbsvc@hire-hub-fe6c4.iam.gserviceaccount.com","serviceAccount:service-29257648718@gcp-sa-pubsub.iam.gserviceaccount.com"]},{"role":"roles/owner","members":["user:my.hire.hub@gmail.com"]},{"role":"roles/pubsub.serviceAgent","members":["serviceAccount:service-29257648718@gcp-sa-pubsub.iam.gserviceaccount.com"]},{"role":"roles/run.invoker","members":["serviceAccount:29257648718-compute@developer.gserviceaccount.com"]},{"role":"roles/run.serviceAgent","members":["serviceAccount:service-29257648718@serverless-robot-prod.iam.gserviceaccount.com"]},{"role":"roles/run.viewer","members":["serviceAccount:github-action-1166950914@hire-hub-fe6c4.iam.gserviceaccount.com"]},{"role":"roles/secretmanager.admin_withcond_ef52546024da54ce023b","members":["serviceAccount:service-29257648718@gcp-sa-devconnect.iam.gserviceaccount.com"]},{"role":"roles/serviceusage.apiKeysViewer","members":["serviceAccount:github-action-1166950914@hire-hub-fe6c4.iam.gserviceaccount.com"]},{"role":"roles/serviceusage.serviceUsageConsumer","members":["serviceAccount:github-action-1166950914@hire-hub-fe6c4.iam.gserviceaccount.com"]},{"role":"roles/storage.admin","members":["serviceAccount:firebase-adminsdk-fbsvc@hire-hub-fe6c4.iam.gserviceaccount.com"]},{"role":"roles/storage.objectViewer","members":["serviceAccount:firebase-app-hosting-compute@hire-hub-fe6c4.iam.gserviceaccount.com"]}]}
[debug] [2026-05-20T06:16:10.899Z] Checked if tokens are valid: true, expires at: 1779261348416
[debug] [2026-05-20T06:16:10.899Z] Checked if tokens are valid: true, expires at: 1779261348416
[debug] [2026-05-20T06:16:10.899Z] >>> [apiv2][query] POST https://cloudresourcemanager.googleapis.com/v1/projects/hire-hub-fe6c4:setIamPolicy [none]
[debug] [2026-05-20T06:16:10.899Z] >>> [apiv2][body] POST https://cloudresourcemanager.googleapis.com/v1/projects/hire-hub-fe6c4:setIamPolicy {"policy":{"version":1,"etag":"BwZSLpGnXE4=","bindings":[{"role":"roles/artifactregistry.serviceAgent","members":["serviceAccount:service-29257648718@gcp-sa-artifactregistry.iam.gserviceaccount.com"]},{"role":"roles/cloudaicompanion.serviceAgent","members":["serviceAccount:service-29257648718@gcp-sa-cloudaicompanion.iam.gserviceaccount.com"]},{"role":"roles/cloudbuild.builds.builder","members":["serviceAccount:29257648718@cloudbuild.gserviceaccount.com"]},{"role":"roles/cloudbuild.serviceAgent","members":["serviceAccount:service-29257648718@gcp-sa-cloudbuild.iam.gserviceaccount.com"]},{"role":"roles/cloudfunctions.developer","members":["serviceAccount:github-action-1166950914@hire-hub-fe6c4.iam.gserviceaccount.com"]},{"role":"roles/cloudfunctions.serviceAgent","members":["serviceAccount:service-29257648718@gcf-admin-robot.iam.gserviceaccount.com"]},{"role":"roles/cloudscheduler.serviceAgent","members":["serviceAccount:service-29257648718@gcp-sa-cloudscheduler.iam.gserviceaccount.com"]},{"role":"roles/containerregistry.ServiceAgent","members":["serviceAccount:service-29257648718@containerregistry.iam.gserviceaccount.com"]},{"role":"roles/developerconnect.readTokenAccessor","members":["serviceAccount:firebase-app-hosting-compute@hire-hub-fe6c4.iam.gserviceaccount.com"]},{"role":"roles/developerconnect.serviceAgent","members":["serviceAccount:service-29257648718@gcp-sa-devconnect.iam.gserviceaccount.com"]},{"role":"roles/editor","members":["serviceAccount:29257648718-compute@developer.gserviceaccount.com","serviceAccount:29257648718@cloudservices.gserviceaccount.com","serviceAccount:hire-hub-fe6c4@appspot.gserviceaccount.com"]},{"role":"roles/eventarc.eventReceiver","members":["serviceAccount:29257648718-compute@developer.gserviceaccount.com"]},{"role":"roles/eventarc.serviceAgent","members":["serviceAccount:service-29257648718@gcp-sa-eventarc.iam.gserviceaccount.com"]},{"role":"roles/firebase.managementServiceAgent","members":["serviceAccount:service-29257648718@gcp-sa-firebase.iam.gserviceaccount.com"]},{"role":"roles/firebase.sdkAdminServiceAgent","members":["serviceAccount:firebase-adminsdk-fbsvc@hire-hub-fe6c4.iam.gserviceaccount.com","serviceAccount:firebase-app-hosting-compute@hire-hub-fe6c4.iam.gserviceaccount.com"]},{"role":"roles/firebaseappcheck.admin","members":["serviceAccount:firebase-adminsdk-fbsvc@hire-hub-fe6c4.iam.gserviceaccount.com"]},{"role":"roles/firebaseappcheck.serviceAgent","members":["serviceAccount:service-29257648718@gcp-sa-firebaseappcheck.iam.gserviceaccount.com"]},{"role":"roles/firebaseapphosting.computeRunner","members":["serviceAccount:firebase-app-hosting-compute@hire-hub-fe6c4.iam.gserviceaccount.com"]},{"role":"roles/firebaseapphosting.serviceAgent","members":["serviceAccount:service-29257648718@gcp-sa-firebaseapphosting.iam.gserviceaccount.com"]},{"role":"roles/firebaseauth.admin","members":["serviceAccount:github-action-1166950914@hire-hub-fe6c4.iam.gserviceaccount.com"]},{"role":"roles/firebasedatabase.admin","members":["serviceAccount:firebase-adminsdk-fbsvc@hire-hub-fe6c4.iam.gserviceaccount.com"]},{"role":"roles/firebasedataconnect.serviceAgent","members":["serviceAccount:service-29257648718@gcp-sa-firebasedataconnect.iam.gserviceaccount.com"]},{"role":"roles/firebasehosting.admin","members":["serviceAccount:github-action-1166950914@hire-hub-fe6c4.iam.gserviceaccount.com"]},{"role":"roles/firebaseml.serviceAgent","members":["serviceAccount:service-29257648718@gcp-sa-firebasevertexai.iam.gserviceaccount.com"]},{"role":"roles/firebasemods.serviceAgent","members":["serviceAccount:service-29257648718@gcp-sa-firebasemods.iam.gserviceaccount.com"]},{"role":"roles/firebaserules.system","members":["serviceAccount:service-29257648718@firebase-rules.iam.gserviceaccount.com"]},{"role":"roles/firebasestorage.serviceAgent","members":["serviceAccount:service-29257648718@gcp-sa-firebasestorage.iam.gserviceaccount.com"]},{"role":"roles/firestore.serviceAgent","members":["serviceAccount:service-29257648718@gcp-sa-firestore.iam.gserviceaccount.com"]},{"role":"roles/iam.serviceAccountTokenCreator","members":["serviceAccount:firebase-adminsdk-fbsvc@hire-hub-fe6c4.iam.gserviceaccount.com","serviceAccount:service-29257648718@gcp-sa-pubsub.iam.gserviceaccount.com"]},{"role":"roles/owner","members":["user:my.hire.hub@gmail.com"]},{"role":"roles/pubsub.serviceAgent","members":["serviceAccount:service-29257648718@gcp-sa-pubsub.iam.gserviceaccount.com"]},{"role":"roles/run.invoker","members":["serviceAccount:29257648718-compute@developer.gserviceaccount.com"]},{"role":"roles/run.serviceAgent","members":["serviceAccount:service-29257648718@serverless-robot-prod.iam.gserviceaccount.com"]},{"role":"roles/run.viewer","members":["serviceAccount:github-action-1166950914@hire-hub-fe6c4.iam.gserviceaccount.com"]},{"role":"roles/secretmanager.admin_withcond_ef52546024da54ce023b","members":["serviceAccount:service-29257648718@gcp-sa-devconnect.iam.gserviceaccount.com"]},{"role":"roles/serviceusage.apiKeysViewer","members":["serviceAccount:github-action-1166950914@hire-hub-fe6c4.iam.gserviceaccount.com"]},{"role":"roles/serviceusage.serviceUsageConsumer","members":["serviceAccount:github-action-1166950914@hire-hub-fe6c4.iam.gserviceaccount.com"]},{"role":"roles/storage.admin","members":["serviceAccount:firebase-adminsdk-fbsvc@hire-hub-fe6c4.iam.gserviceaccount.com"]},{"role":"roles/storage.objectViewer","members":["serviceAccount:firebase-app-hosting-compute@hire-hub-fe6c4.iam.gserviceaccount.com"]}]},"updateMask":"bindings"}
[debug] [2026-05-20T06:16:12.296Z] <<< [apiv2][status] POST https://cloudresourcemanager.googleapis.com/v1/projects/hire-hub-fe6c4:setIamPolicy 200
[debug] [2026-05-20T06:16:12.296Z] <<< [apiv2][body] POST https://cloudresourcemanager.googleapis.com/v1/projects/hire-hub-fe6c4:setIamPolicy {"version":1,"etag":"BwZSObt6rt0=","bindings":[{"role":"roles/artifactregistry.serviceAgent","members":["serviceAccount:service-29257648718@gcp-sa-artifactregistry.iam.gserviceaccount.com"]},{"role":"roles/cloudaicompanion.serviceAgent","members":["serviceAccount:service-29257648718@gcp-sa-cloudaicompanion.iam.gserviceaccount.com"]},{"role":"roles/cloudbuild.builds.builder","members":["serviceAccount:29257648718@cloudbuild.gserviceaccount.com"]},{"role":"roles/cloudbuild.serviceAgent","members":["serviceAccount:service-29257648718@gcp-sa-cloudbuild.iam.gserviceaccount.com"]},{"role":"roles/cloudfunctions.developer","members":["serviceAccount:github-action-1166950914@hire-hub-fe6c4.iam.gserviceaccount.com"]},{"role":"roles/cloudfunctions.serviceAgent","members":["serviceAccount:service-29257648718@gcf-admin-robot.iam.gserviceaccount.com"]},{"role":"roles/cloudscheduler.serviceAgent","members":["serviceAccount:service-29257648718@gcp-sa-cloudscheduler.iam.gserviceaccount.com"]},{"role":"roles/containerregistry.ServiceAgent","members":["serviceAccount:service-29257648718@containerregistry.iam.gserviceaccount.com"]},{"role":"roles/developerconnect.readTokenAccessor","members":["serviceAccount:firebase-app-hosting-compute@hire-hub-fe6c4.iam.gserviceaccount.com"]},{"role":"roles/developerconnect.serviceAgent","members":["serviceAccount:service-29257648718@gcp-sa-devconnect.iam.gserviceaccount.com"]},{"role":"roles/editor","members":["serviceAccount:29257648718-compute@developer.gserviceaccount.com","serviceAccount:29257648718@cloudservices.gserviceaccount.com","serviceAccount:hire-hub-fe6c4@appspot.gserviceaccount.com"]},{"role":"roles/eventarc.eventReceiver","members":["serviceAccount:29257648718-compute@developer.gserviceaccount.com"]},{"role":"roles/eventarc.serviceAgent","members":["serviceAccount:service-29257648718@gcp-sa-eventarc.iam.gserviceaccount.com"]},{"role":"roles/firebase.managementServiceAgent","members":["serviceAccount:service-29257648718@gcp-sa-firebase.iam.gserviceaccount.com"]},{"role":"roles/firebase.sdkAdminServiceAgent","members":["serviceAccount:firebase-adminsdk-fbsvc@hire-hub-fe6c4.iam.gserviceaccount.com","serviceAccount:firebase-app-hosting-compute@hire-hub-fe6c4.iam.gserviceaccount.com"]},{"role":"roles/firebaseappcheck.admin","members":["serviceAccount:firebase-adminsdk-fbsvc@hire-hub-fe6c4.iam.gserviceaccount.com"]},{"role":"roles/firebaseappcheck.serviceAgent","members":["serviceAccount:service-29257648718@gcp-sa-firebaseappcheck.iam.gserviceaccount.com"]},{"role":"roles/firebaseapphosting.computeRunner","members":["serviceAccount:firebase-app-hosting-compute@hire-hub-fe6c4.iam.gserviceaccount.com"]},{"role":"roles/firebaseapphosting.serviceAgent","members":["serviceAccount:service-29257648718@gcp-sa-firebaseapphosting.iam.gserviceaccount.com"]},{"role":"roles/firebaseauth.admin","members":["serviceAccount:github-action-1166950914@hire-hub-fe6c4.iam.gserviceaccount.com"]},{"role":"roles/firebasedatabase.admin","members":["serviceAccount:firebase-adminsdk-fbsvc@hire-hub-fe6c4.iam.gserviceaccount.com"]},{"role":"roles/firebasedataconnect.serviceAgent","members":["serviceAccount:service-29257648718@gcp-sa-firebasedataconnect.iam.gserviceaccount.com"]},{"role":"roles/firebasehosting.admin","members":["serviceAccount:github-action-1166950914@hire-hub-fe6c4.iam.gserviceaccount.com"]},{"role":"roles/firebaseml.serviceAgent","members":["serviceAccount:service-29257648718@gcp-sa-firebasevertexai.iam.gserviceaccount.com"]},{"role":"roles/firebasemods.serviceAgent","members":["serviceAccount:service-29257648718@gcp-sa-firebasemods.iam.gserviceaccount.com"]},{"role":"roles/firebaserules.system","members":["serviceAccount:service-29257648718@firebase-rules.iam.gserviceaccount.com"]},{"role":"roles/firebasestorage.serviceAgent","members":["serviceAccount:service-29257648718@gcp-sa-firebasestorage.iam.gserviceaccount.com"]},{"role":"roles/firestore.serviceAgent","members":["serviceAccount:service-29257648718@gcp-sa-firestore.iam.gserviceaccount.com"]},{"role":"roles/iam.serviceAccountTokenCreator","members":["serviceAccount:firebase-adminsdk-fbsvc@hire-hub-fe6c4.iam.gserviceaccount.com","serviceAccount:service-29257648718@gcp-sa-pubsub.iam.gserviceaccount.com"]},{"role":"roles/owner","members":["user:my.hire.hub@gmail.com"]},{"role":"roles/pubsub.serviceAgent","members":["serviceAccount:service-29257648718@gcp-sa-pubsub.iam.gserviceaccount.com"]},{"role":"roles/run.invoker","members":["serviceAccount:29257648718-compute@developer.gserviceaccount.com"]},{"role":"roles/run.serviceAgent","members":["serviceAccount:service-29257648718@serverless-robot-prod.iam.gserviceaccount.com"]},{"role":"roles/run.viewer","members":["serviceAccount:github-action-1166950914@hire-hub-fe6c4.iam.gserviceaccount.com"]},{"role":"roles/secretmanager.admin_withcond_ef52546024da54ce023b","members":["serviceAccount:service-29257648718@gcp-sa-devconnect.iam.gserviceaccount.com"]},{"role":"roles/serviceusage.apiKeysViewer","members":["serviceAccount:github-action-1166950914@hire-hub-fe6c4.iam.gserviceaccount.com"]},{"role":"roles/serviceusage.serviceUsageConsumer","members":["serviceAccount:github-action-1166950914@hire-hub-fe6c4.iam.gserviceaccount.com"]},{"role":"roles/storage.admin","members":["serviceAccount:firebase-adminsdk-fbsvc@hire-hub-fe6c4.iam.gserviceaccount.com"]},{"role":"roles/storage.objectViewer","members":["serviceAccount:firebase-app-hosting-compute@hire-hub-fe6c4.iam.gserviceaccount.com"]}]}
[debug] [2026-05-20T06:16:12.296Z] Checked if tokens are valid: true, expires at: 1779261348416
[debug] [2026-05-20T06:16:12.296Z] Checked if tokens are valid: true, expires at: 1779261348416
[debug] [2026-05-20T06:16:12.297Z] >>> [apiv2][query] GET https://firebaseapphosting.googleapis.com/v1beta/projects/hire-hub-fe6c4/locations/-/backends 
[debug] [2026-05-20T06:16:13.516Z] <<< [apiv2][status] GET https://firebaseapphosting.googleapis.com/v1beta/projects/hire-hub-fe6c4/locations/-/backends 200
[debug] [2026-05-20T06:16:13.517Z] <<< [apiv2][body] GET https://firebaseapphosting.googleapis.com/v1beta/projects/hire-hub-fe6c4/locations/-/backends {"backends":[{"name":"projects/hire-hub-fe6c4/locations/us-central1/backends/hirehub","createTime":"2026-03-30T20:55:10.930682864Z","updateTime":"2026-05-19T18:14:47.829256Z","labels":{"deployment-tool":"cli-firebase"},"uri":"hirehub--hire-hub-fe6c4.us-central1.hosted.app","managedResources":[{"runService":{"service":"projects/29257648718/locations/us-central1/services/hirehub"}}],"codebase":{"repository":"projects/hire-hub-fe6c4/locations/us-central1/connections/apphosting-github-conn-5juwfar/gitRepositoryLinks/hirehub-pro-hiro_website","rootDirectory":"/"},"uid":"b40f8fcd-e197-403b-8cfd-a24204c3b850","etag":"DUW8wMHHjVfAtv9xEW4juyMMwS3xFe5q2aDgVIuC6W8","reconciling":false,"servingLocality":"GLOBAL_ACCESS","serviceAccount":"firebase-app-hosting-compute@hire-hub-fe6c4.iam.gserviceaccount.com","appId":"1:29257648718:web:d1219405f2aff549b8111f"}]}
[info] i  apphosting: Found backend(s) hirehub 
[debug] [2026-05-20T06:16:13.518Z] Checked if tokens are valid: true, expires at: 1779261348416
[debug] [2026-05-20T06:16:13.518Z] Checked if tokens are valid: true, expires at: 1779261348416
[debug] [2026-05-20T06:16:13.518Z] >>> [apiv2][query] GET https://firebase.googleapis.com/v1beta1/projects/hire-hub-fe6c4/webApps pageSize=100
[debug] [2026-05-20T06:16:14.140Z] <<< [apiv2][status] GET https://firebase.googleapis.com/v1beta1/projects/hire-hub-fe6c4/webApps 200
[debug] [2026-05-20T06:16:14.140Z] <<< [apiv2][body] GET https://firebase.googleapis.com/v1beta1/projects/hire-hub-fe6c4/webApps {"apps":[{"name":"projects/hire-hub-fe6c4/webApps/1:29257648718:web:e57961f6d9dc39fab8111f","appId":"1:29257648718:web:e57961f6d9dc39fab8111f","displayName":"hiro","projectId":"hire-hub-fe6c4","webId":"N2I1YzRiN2ItODVhMy00YmM2LWE0ZjctNGM2NzMyYjIwYjEz","apiKeyId":"0b1c70c2-e4d3-4c73-8db4-323f3ffd1a92","state":"ACTIVE","expireTime":"1970-01-01T00:00:00Z","etag":"1_aa900d62-583b-49e9-abff-7d793f889553"}]}
[debug] [2026-05-20T06:16:14.141Z] Checked if tokens are valid: true, expires at: 1779261348416
[debug] [2026-05-20T06:16:14.141Z] Checked if tokens are valid: true, expires at: 1779261348416
[debug] [2026-05-20T06:16:14.141Z] >>> [apiv2][query] GET https://firebaserules.googleapis.com/v1/projects/hire-hub-fe6c4/releases pageSize=10&pageToken=
[debug] [2026-05-20T06:16:14.604Z] <<< [apiv2][status] GET https://firebaserules.googleapis.com/v1/projects/hire-hub-fe6c4/releases 200
[debug] [2026-05-20T06:16:14.604Z] <<< [apiv2][body] GET https://firebaserules.googleapis.com/v1/projects/hire-hub-fe6c4/releases {"releases":[{"name":"projects/hire-hub-fe6c4/releases/cloud.firestore","rulesetName":"projects/hire-hub-fe6c4/rulesets/f2a2fa4d-c4a4-4f66-9ba2-f2afa267905e","createTime":"2026-03-11T13:46:42.270225Z","updateTime":"2026-05-19T18:08:53.445738Z"},{"name":"projects/hire-hub-fe6c4/releases/firebase.storage/hire-hub-fe6c4.firebasestorage.app","rulesetName":"projects/hire-hub-fe6c4/rulesets/de5ed388-4a64-4cdb-b8bc-fe8ab7dfd70e","createTime":"2026-03-06T22:09:43.669832Z","updateTime":"2026-05-19T18:08:52.977572Z"}]}
[debug] [2026-05-20T06:16:14.614Z] Checked if tokens are valid: true, expires at: 1779261348416
[debug] [2026-05-20T06:16:14.615Z] Checked if tokens are valid: true, expires at: 1779261348416
[debug] [2026-05-20T06:16:14.615Z] >>> [apiv2][query] GET https://firebaserules.googleapis.com/v1/projects/hire-hub-fe6c4/rulesets/de5ed388-4a64-4cdb-b8bc-fe8ab7dfd70e [none]
[debug] [2026-05-20T06:16:15.470Z] <<< [apiv2][status] GET https://firebaserules.googleapis.com/v1/projects/hire-hub-fe6c4/rulesets/de5ed388-4a64-4cdb-b8bc-fe8ab7dfd70e 200
[debug] [2026-05-20T06:16:15.470Z] <<< [apiv2][body] GET https://firebaserules.googleapis.com/v1/projects/hire-hub-fe6c4/rulesets/de5ed388-4a64-4cdb-b8bc-fe8ab7dfd70e [omitted]
[info] i  storage: latest version of storage.rules already up to date, skipping upload... 
[debug] [2026-05-20T06:16:15.472Z] Checked if tokens are valid: true, expires at: 1779261348416
[debug] [2026-05-20T06:16:15.472Z] Checked if tokens are valid: true, expires at: 1779261348416
[debug] [2026-05-20T06:16:15.472Z] >>> [apiv2][query] GET https://firebaserules.googleapis.com/v1/projects/hire-hub-fe6c4/releases pageSize=10&pageToken=
[debug] [2026-05-20T06:16:16.289Z] <<< [apiv2][status] GET https://firebaserules.googleapis.com/v1/projects/hire-hub-fe6c4/releases 200
[debug] [2026-05-20T06:16:16.289Z] <<< [apiv2][body] GET https://firebaserules.googleapis.com/v1/projects/hire-hub-fe6c4/releases {"releases":[{"name":"projects/hire-hub-fe6c4/releases/cloud.firestore","rulesetName":"projects/hire-hub-fe6c4/rulesets/f2a2fa4d-c4a4-4f66-9ba2-f2afa267905e","createTime":"2026-03-11T13:46:42.270225Z","updateTime":"2026-05-19T18:08:53.445738Z"},{"name":"projects/hire-hub-fe6c4/releases/firebase.storage/hire-hub-fe6c4.firebasestorage.app","rulesetName":"projects/hire-hub-fe6c4/rulesets/de5ed388-4a64-4cdb-b8bc-fe8ab7dfd70e","createTime":"2026-03-06T22:09:43.669832Z","updateTime":"2026-05-19T18:08:52.977572Z"}]}
[debug] [2026-05-20T06:16:16.289Z] Checked if tokens are valid: true, expires at: 1779261348416
[debug] [2026-05-20T06:16:16.289Z] Checked if tokens are valid: true, expires at: 1779261348416
[debug] [2026-05-20T06:16:16.289Z] >>> [apiv2][query] GET https://firebaserules.googleapis.com/v1/projects/hire-hub-fe6c4/rulesets/f2a2fa4d-c4a4-4f66-9ba2-f2afa267905e [none]
[debug] [2026-05-20T06:16:17.108Z] <<< [apiv2][status] GET https://firebaserules.googleapis.com/v1/projects/hire-hub-fe6c4/rulesets/f2a2fa4d-c4a4-4f66-9ba2-f2afa267905e 200
[debug] [2026-05-20T06:16:17.109Z] <<< [apiv2][body] GET https://firebaserules.googleapis.com/v1/projects/hire-hub-fe6c4/rulesets/f2a2fa4d-c4a4-4f66-9ba2-f2afa267905e [omitted]
[info] i  firestore: latest version of firestore.rules already up to date, skipping upload... 
[info] i  firestore: deploying indexes... 
[debug] [2026-05-20T06:16:17.111Z] Checked if tokens are valid: true, expires at: 1779261348416
[debug] [2026-05-20T06:16:17.111Z] Checked if tokens are valid: true, expires at: 1779261348416
[debug] [2026-05-20T06:16:17.111Z] >>> [apiv2][query] GET https://firestore.googleapis.com/v1/projects/hire-hub-fe6c4/databases/(default)/collectionGroups/-/indexes [none]
[debug] [2026-05-20T06:16:17.378Z] <<< [apiv2][status] GET https://firestore.googleapis.com/v1/projects/hire-hub-fe6c4/databases/(default)/collectionGroups/-/indexes 200
[debug] [2026-05-20T06:16:17.378Z] <<< [apiv2][body] GET https://firestore.googleapis.com/v1/projects/hire-hub-fe6c4/databases/(default)/collectionGroups/-/indexes {"indexes":[{"name":"projects/hire-hub-fe6c4/databases/(default)/collectionGroups/workers/indexes/CICAgJiUsdII","queryScope":"COLLECTION","fields":[{"fieldPath":"professions","arrayConfig":"CONTAINS"},{"fieldPath":"name","order":"ASCENDING"},{"fieldPath":"__name__","order":"ASCENDING"}],"state":"READY","density":"SPARSE_ALL"},{"name":"projects/hire-hub-fe6c4/databases/(default)/collectionGroups/users/indexes/CICAgJjm4YQJ","queryScope":"COLLECTION","fields":[{"fieldPath":"professions","arrayConfig":"CONTAINS"},{"fieldPath":"role","order":"ASCENDING"},{"fieldPath":"name","order":"ASCENDING"},{"fieldPath":"__name__","order":"ASCENDING"}],"state":"READY","density":"SPARSE_ALL"},{"name":"projects/hire-hub-fe6c4/databases/(default)/collectionGroups/chat_rooms/indexes/CICAgJjm-pkJ","queryScope":"COLLECTION","fields":[{"fieldPath":"users","arrayConfig":"CONTAINS"},{"fieldPath":"lastTimestamp","order":"DESCENDING"},{"fieldPath":"__name__","order":"DESCENDING"}],"state":"READY","density":"SPARSE_ALL"},{"name":"projects/hire-hub-fe6c4/databases/(default)/collectionGroups/workers/indexes/CICAgJj7z4EK","queryScope":"COLLECTION","fields":[{"fieldPath":"professions","arrayConfig":"CONTAINS"},{"fieldPath":"avgRating","order":"DESCENDING"},{"fieldPath":"__name__","order":"DESCENDING"}],"state":"READY","density":"SPARSE_ALL"},{"name":"projects/hire-hub-fe6c4/databases/(default)/collectionGroups/blog_posts/indexes/CICAgJjF9oIK","queryScope":"COLLECTION","fields":[{"fieldPath":"isPinned","order":"DESCENDING"},{"fieldPath":"timestamp","order":"DESCENDING"},{"fieldPath":"__name__","order":"DESCENDING"}],"state":"READY","density":"SPARSE_ALL"},{"name":"projects/hire-hub-fe6c4/databases/(default)/collectionGroups/blog_posts/indexes/CICAgNi47oMK","queryScope":"COLLECTION","fields":[{"fieldPath":"category","order":"ASCENDING"},{"fieldPath":"isPinned","order":"DESCENDING"},{"fieldPath":"timestamp","order":"DESCENDING"},{"fieldPath":"__name__","order":"DESCENDING"}],"state":"READY","density":"SPARSE_ALL"},{"name":"projects/hire-hub-fe6c4/databases/(default)/collectionGroups/users/indexes/CICAgJjm4YQK","queryScope":"COLLECTION","fields":[{"fieldPath":"role","order":"ASCENDING"},{"fieldPath":"avgRating","order":"DESCENDING"},{"fieldPath":"__name__","order":"DESCENDING"}],"state":"READY","density":"SPARSE_ALL"},{"name":"projects/hire-hub-fe6c4/databases/(default)/collectionGroups/users/indexes/CICAgOi39IkK","queryScope":"COLLECTION","fields":[{"fieldPath":"role","order":"ASCENDING"},{"fieldPath":"createdAt","order":"DESCENDING"},{"fieldPath":"__name__","order":"DESCENDING"}],"state":"READY","density":"SPARSE_ALL"},{"name":"projects/hire-hub-fe6c4/databases/(default)/collectionGroups/users/indexes/CICAgJiH2JAK","queryScope":"COLLECTION","fields":[{"fieldPath":"professions","arrayConfig":"CONTAINS"},{"fieldPath":"role","order":"ASCENDING"},{"fieldPath":"avgRating","order":"DESCENDING"},{"fieldPath":"__name__","order":"DESCENDING"}],"state":"READY","density":"SPARSE_ALL"},{"name":"projects/hire-hub-fe6c4/databases/(default)/collectionGroups/blog_posts/indexes/CICAgNi4-ZIK","queryScope":"COLLECTION","fields":[{"fieldPath":"isPinned","order":"DESCENDING"},{"fieldPath":"likes","order":"DESCENDING"},{"fieldPath":"__name__","order":"DESCENDING"}],"state":"READY","density":"SPARSE_ALL"},{"name":"projects/hire-hub-fe6c4/databases/(default)/collectionGroups/files/indexes/CICAgOi36pgK","queryScope":"COLLECTION","fields":[{"fieldPath":"date","order":"ASCENDING"},{"fieldPath":"timestamp","order":"ASCENDING"},{"fieldPath":"__name__","order":"ASCENDING"}],"state":"READY","density":"SPARSE_ALL"},{"name":"projects/hire-hub-fe6c4/databases/(default)/collectionGroups/users/indexes/CICAgJjm-pkK","queryScope":"COLLECTION","fields":[{"fieldPath":"isWorker","order":"ASCENDING"},{"fieldPath":"avgRating","order":"DESCENDING"},{"fieldPath":"__name__","order":"DESCENDING"}],"state":"READY","density":"SPARSE_ALL"},{"name":"projects/hire-hub-fe6c4/databases/(default)/collectionGroups/system_announcements/indexes/CICAgJiUsdIK","queryScope":"COLLECTION","fields":[{"fieldPath":"isPopup","order":"ASCENDING"},{"fieldPath":"timestamp","order":"DESCENDING"},{"fieldPath":"__name__","order":"DESCENDING"}],"state":"READY","density":"SPARSE_ALL"},{"name":"projects/hire-hub-fe6c4/databases/(default)/collectionGroups/users/indexes/CICAgJiUsZIL","queryScope":"COLLECTION","fields":[{"fieldPath":"professions","arrayConfig":"CONTAINS"},{"fieldPath":"userType","order":"ASCENDING"},{"fieldPath":"avgRating","order":"DESCENDING"},{"fieldPath":"__name__","order":"DESCENDING"}],"state":"READY","density":"SPARSE_ALL"}]}
[debug] [2026-05-20T06:16:17.378Z] Checked if tokens are valid: true, expires at: 1779261348416
[debug] [2026-05-20T06:16:17.378Z] Checked if tokens are valid: true, expires at: 1779261348416
[debug] [2026-05-20T06:16:17.378Z] >>> [apiv2][query] GET https://firestore.googleapis.com/v1/projects/hire-hub-fe6c4/databases/(default)/collectionGroups/-/fields?filter=indexConfig.usesAncestorConfig=false OR ttlConfig:* [none]
[debug] [2026-05-20T06:16:17.596Z] <<< [apiv2][status] GET https://firestore.googleapis.com/v1/projects/hire-hub-fe6c4/databases/(default)/collectionGroups/-/fields?filter=indexConfig.usesAncestorConfig=false OR ttlConfig:* 200
[debug] [2026-05-20T06:16:17.597Z] <<< [apiv2][body] GET https://firestore.googleapis.com/v1/projects/hire-hub-fe6c4/databases/(default)/collectionGroups/-/fields?filter=indexConfig.usesAncestorConfig=false OR ttlConfig:* {"fields":[{"name":"projects/hire-hub-fe6c4/databases/(default)/collectionGroups/__default__/fields/*","indexConfig":{"indexes":[{"queryScope":"COLLECTION","fields":[{"fieldPath":"*","order":"ASCENDING"}],"state":"READY"},{"queryScope":"COLLECTION","fields":[{"fieldPath":"*","order":"DESCENDING"}],"state":"READY"},{"queryScope":"COLLECTION","fields":[{"fieldPath":"*","arrayConfig":"CONTAINS"}],"state":"READY"}]}}]}
[debug] [2026-05-20T06:16:17.597Z] Checked if tokens are valid: true, expires at: 1779261348416
[debug] [2026-05-20T06:16:17.597Z] Checked if tokens are valid: true, expires at: 1779261348416
[debug] [2026-05-20T06:16:17.597Z] >>> [apiv2][query] GET https://firestore.googleapis.com/v1/projects/hire-hub-fe6c4/databases/(default) [none]
[debug] [2026-05-20T06:16:17.632Z] <<< [apiv2][status] GET https://firestore.googleapis.com/v1/projects/hire-hub-fe6c4/databases/(default) 200
[debug] [2026-05-20T06:16:17.632Z] <<< [apiv2][body] GET https://firestore.googleapis.com/v1/projects/hire-hub-fe6c4/databases/(default) {"name":"projects/hire-hub-fe6c4/databases/(default)","uid":"d3ca2d2e-1985-4056-9485-f95f846c0785","createTime":"2026-03-11T13:46:37.023027Z","updateTime":"2026-03-11T13:46:37.023027Z","locationId":"me-west1","type":"FIRESTORE_NATIVE","concurrencyMode":"PESSIMISTIC","versionRetentionPeriod":"604800s","earliestVersionTime":"2026-05-13T06:17:00Z","appEngineIntegrationMode":"DISABLED","pointInTimeRecoveryEnablement":"POINT_IN_TIME_RECOVERY_ENABLED","deleteProtectionState":"DELETE_PROTECTION_DISABLED","databaseEdition":"STANDARD","freeTier":true,"realtimeUpdatesMode":"REALTIME_UPDATES_MODE_ENABLED","etag":"IObiut6bx5QDMI7Xj5WQ1JMD"}
[info] i  firestore: The following indexes are defined in your project but are not present in your firestore indexes file:
	(blog_posts) -- (isPinned,DESCENDING) (likes,DESCENDING)  -- Density:SPARSE_ALL 
	(files) -- (date,ASCENDING) (timestamp,ASCENDING)  -- Density:SPARSE_ALL  
[debug] [2026-05-20T06:16:20.338Z] Skipping existing index: {"collectionGroup":"blog_posts","queryScope":"COLLECTION","density":"SPARSE_ALL","fields":[{"fieldPath":"category","order":"ASCENDING"},{"fieldPath":"isPinned","order":"DESCENDING"},{"fieldPath":"timestamp","order":"DESCENDING"},{"fieldPath":"__name__","order":"DESCENDING"}]}
[debug] [2026-05-20T06:16:20.338Z] Skipping existing index: {"collectionGroup":"blog_posts","queryScope":"COLLECTION","density":"SPARSE_ALL","fields":[{"fieldPath":"isPinned","order":"DESCENDING"},{"fieldPath":"timestamp","order":"DESCENDING"},{"fieldPath":"__name__","order":"DESCENDING"}]}
[debug] [2026-05-20T06:16:20.338Z] Skipping existing index: {"collectionGroup":"chat_rooms","queryScope":"COLLECTION","density":"SPARSE_ALL","fields":[{"fieldPath":"users","arrayConfig":"CONTAINS"},{"fieldPath":"lastTimestamp","order":"DESCENDING"},{"fieldPath":"__name__","order":"DESCENDING"}]}
[debug] [2026-05-20T06:16:20.338Z] Skipping existing index: {"collectionGroup":"system_announcements","queryScope":"COLLECTION","density":"SPARSE_ALL","fields":[{"fieldPath":"isPopup","order":"ASCENDING"},{"fieldPath":"timestamp","order":"DESCENDING"},{"fieldPath":"__name__","order":"DESCENDING"}]}
[debug] [2026-05-20T06:16:20.338Z] Skipping existing index: {"collectionGroup":"users","queryScope":"COLLECTION","density":"SPARSE_ALL","fields":[{"fieldPath":"isWorker","order":"ASCENDING"},{"fieldPath":"avgRating","order":"DESCENDING"},{"fieldPath":"__name__","order":"DESCENDING"}]}
[debug] [2026-05-20T06:16:20.338Z] Skipping existing index: {"collectionGroup":"users","queryScope":"COLLECTION","density":"SPARSE_ALL","fields":[{"fieldPath":"professions","arrayConfig":"CONTAINS"},{"fieldPath":"role","order":"ASCENDING"},{"fieldPath":"avgRating","order":"DESCENDING"},{"fieldPath":"__name__","order":"DESCENDING"}]}
[debug] [2026-05-20T06:16:20.338Z] Skipping existing index: {"collectionGroup":"users","queryScope":"COLLECTION","density":"SPARSE_ALL","fields":[{"fieldPath":"professions","arrayConfig":"CONTAINS"},{"fieldPath":"role","order":"ASCENDING"},{"fieldPath":"name","order":"ASCENDING"},{"fieldPath":"__name__","order":"ASCENDING"}]}
[debug] [2026-05-20T06:16:20.338Z] Skipping existing index: {"collectionGroup":"users","queryScope":"COLLECTION","density":"SPARSE_ALL","fields":[{"fieldPath":"professions","arrayConfig":"CONTAINS"},{"fieldPath":"userType","order":"ASCENDING"},{"fieldPath":"avgRating","order":"DESCENDING"},{"fieldPath":"__name__","order":"DESCENDING"}]}
[debug] [2026-05-20T06:16:20.338Z] Skipping existing index: {"collectionGroup":"users","queryScope":"COLLECTION","density":"SPARSE_ALL","fields":[{"fieldPath":"role","order":"ASCENDING"},{"fieldPath":"avgRating","order":"DESCENDING"},{"fieldPath":"__name__","order":"DESCENDING"}]}
[debug] [2026-05-20T06:16:20.338Z] Skipping existing index: {"collectionGroup":"users","queryScope":"COLLECTION","density":"SPARSE_ALL","fields":[{"fieldPath":"role","order":"ASCENDING"},{"fieldPath":"createdAt","order":"DESCENDING"},{"fieldPath":"__name__","order":"DESCENDING"}]}
[debug] [2026-05-20T06:16:20.338Z] Skipping existing index: {"collectionGroup":"workers","queryScope":"COLLECTION","density":"SPARSE_ALL","fields":[{"fieldPath":"professions","arrayConfig":"CONTAINS"},{"fieldPath":"avgRating","order":"DESCENDING"},{"fieldPath":"__name__","order":"DESCENDING"}]}
[debug] [2026-05-20T06:16:20.339Z] Skipping existing index: {"collectionGroup":"workers","queryScope":"COLLECTION","density":"SPARSE_ALL","fields":[{"fieldPath":"professions","arrayConfig":"CONTAINS"},{"fieldPath":"name","order":"ASCENDING"},{"fieldPath":"__name__","order":"ASCENDING"}]}
[info] ✔  firestore: deployed indexes in firestore.indexes.json successfully for (default) database 
[debug] [2026-05-20T06:16:20.339Z] Checked if tokens are valid: true, expires at: 1779261348416
[debug] [2026-05-20T06:16:20.339Z] Checked if tokens are valid: true, expires at: 1779261348416
[debug] [2026-05-20T06:16:20.339Z] >>> [apiv2][query] GET https://cloudbilling.googleapis.com/v1/projects/hire-hub-fe6c4/billingInfo [none]
[debug] [2026-05-20T06:16:21.305Z] <<< [apiv2][status] GET https://cloudbilling.googleapis.com/v1/projects/hire-hub-fe6c4/billingInfo 200
[debug] [2026-05-20T06:16:21.306Z] <<< [apiv2][body] GET https://cloudbilling.googleapis.com/v1/projects/hire-hub-fe6c4/billingInfo {"name":"projects/hire-hub-fe6c4/billingInfo","projectId":"hire-hub-fe6c4","billingAccountName":"billingAccounts/01166A-B6B90C-182A11","billingEnabled":true}
[debug] [2026-05-20T06:16:21.307Z] Checked if tokens are valid: true, expires at: 1779261348416
[debug] [2026-05-20T06:16:21.307Z] Checked if tokens are valid: true, expires at: 1779261348416
[debug] [2026-05-20T06:16:21.307Z] >>> [apiv2][query] POST https://cloudfunctions.googleapis.com/v2/projects/hire-hub-fe6c4/locations/us-central1/functions:generateUploadUrl [none]
[debug] [2026-05-20T06:16:22.229Z] <<< [apiv2][status] POST https://cloudfunctions.googleapis.com/v2/projects/hire-hub-fe6c4/locations/us-central1/functions:generateUploadUrl 200
[debug] [2026-05-20T06:16:22.229Z] <<< [apiv2][body] POST https://cloudfunctions.googleapis.com/v2/projects/hire-hub-fe6c4/locations/us-central1/functions:generateUploadUrl {"uploadUrl":"https://storage.googleapis.com/gcf-v2-uploads-29257648718.us-central1.cloudfunctions.appspot.com/9502ee27-6f5a-48c9-8b86-ec35b7678120.zip?GoogleAccessId=service-29257648718@gcf-admin-robot.iam.gserviceaccount.com&Expires=1779259582&Signature=WSgZR9Nw0Fadk9cVd%2BjHwmPsvNw9tKAWlBmzbhODMWEsgKpPF3vtMCEIgX%2Bwz2Rnl9Ex6%2B%2BhNvIbbADPcOpEhv08GCqiJXa4%2FmqlupUrz6ifUBO%2FCz2KvzBTBkgMwBz6XPT0JKniwI%2BlNGBycxLp85DjfVIs5Nbbkm4JznTH1kHL%2BuwQ7CfaL8oIZSDQyeFuvUaNOsmvwblNfH8OfQ3gWMZh%2BHEWqGhU2mQV%2B%2BOoIwzt%2BIyo32%2Fgyi7HdQ3gcDlt3eAi%2FnRrBJEgt7kCYxmLd%2FGmGKPEywYjeVLZwWUaPyolLy8kY89JRTgzbQ%2FLz3tlQyz6bW8s6lf88fmTqGGouw%3D%3D","storageSource":{"bucket":"gcf-v2-uploads-29257648718.us-central1.cloudfunctions.appspot.com","object":"9502ee27-6f5a-48c9-8b86-ec35b7678120.zip"}}
[debug] [2026-05-20T06:16:22.230Z] >>> [apiv2][query] PUT https://storage.googleapis.com/gcf-v2-uploads-29257648718.us-central1.cloudfunctions.appspot.com/9502ee27-6f5a-48c9-8b86-ec35b7678120.zip GoogleAccessId=service-29257648718%40gcf-admin-robot.iam.gserviceaccount.com&Expires=1779259582&Signature=WSgZR9Nw0Fadk9cVd%2BjHwmPsvNw9tKAWlBmzbhODMWEsgKpPF3vtMCEIgX%2Bwz2Rnl9Ex6%2B%2BhNvIbbADPcOpEhv08GCqiJXa4%2FmqlupUrz6ifUBO%2FCz2KvzBTBkgMwBz6XPT0JKniwI%2BlNGBycxLp85DjfVIs5Nbbkm4JznTH1kHL%2BuwQ7CfaL8oIZSDQyeFuvUaNOsmvwblNfH8OfQ3gWMZh%2BHEWqGhU2mQV%2B%2BOoIwzt%2BIyo32%2Fgyi7HdQ3gcDlt3eAi%2FnRrBJEgt7kCYxmLd%2FGmGKPEywYjeVLZwWUaPyolLy8kY89JRTgzbQ%2FLz3tlQyz6bW8s6lf88fmTqGGouw%3D%3D
[debug] [2026-05-20T06:16:22.230Z] >>> [apiv2][body] PUT https://storage.googleapis.com/gcf-v2-uploads-29257648718.us-central1.cloudfunctions.appspot.com/9502ee27-6f5a-48c9-8b86-ec35b7678120.zip [stream]
[debug] [2026-05-20T06:16:23.747Z] <<< [apiv2][status] PUT https://storage.googleapis.com/gcf-v2-uploads-29257648718.us-central1.cloudfunctions.appspot.com/9502ee27-6f5a-48c9-8b86-ec35b7678120.zip 200
[debug] [2026-05-20T06:16:23.747Z] <<< [apiv2][body] PUT https://storage.googleapis.com/gcf-v2-uploads-29257648718.us-central1.cloudfunctions.appspot.com/9502ee27-6f5a-48c9-8b86-ec35b7678120.zip [omitted]
[info] ✔  functions: functions source uploaded successfully 
[debug] [2026-05-20T06:16:23.748Z] Checked if tokens are valid: true, expires at: 1779261348416
[debug] [2026-05-20T06:16:23.748Z] Checked if tokens are valid: true, expires at: 1779261348416
[debug] [2026-05-20T06:16:23.748Z] >>> [apiv2][query] GET https://storage.googleapis.com/storage/v1/b?project=hire-hub-fe6c4 
[debug] [2026-05-20T06:16:24.158Z] <<< [apiv2][status] GET https://storage.googleapis.com/storage/v1/b?project=hire-hub-fe6c4 200
[debug] [2026-05-20T06:16:24.158Z] <<< [apiv2][body] GET https://storage.googleapis.com/storage/v1/b?project=hire-hub-fe6c4 {"kind":"storage#buckets","items":[{"kind":"storage#bucket","selfLink":"https://www.googleapis.com/storage/v1/b/firebaseapphosting-sources-29257648718-us-central1","id":"firebaseapphosting-sources-29257648718-us-central1","name":"firebaseapphosting-sources-29257648718-us-central1","projectNumber":"29257648718","generation":"1774907294617177814","metageneration":"1","location":"US-CENTRAL1","storageClass":"STANDARD","etag":"CAE=","timeCreated":"2026-03-30T21:48:14.758Z","updated":"2026-03-30T21:48:14.758Z","lifecycle":{"rule":[{"action":{"type":"Delete"},"condition":{"age":30}}]},"labels":{"apphosting-source-us-central1":"true"},"softDeletePolicy":{"retentionDurationSeconds":"604800","effectiveTime":"2026-03-30T21:48:14.758Z"},"iamConfiguration":{"bucketPolicyOnly":{"enabled":false},"uniformBucketLevelAccess":{"enabled":false},"publicAccessPrevention":"inherited"},"locationType":"region","satisfiesPZI":true},{"kind":"storage#bucket","selfLink":"https://www.googleapis.com/storage/v1/b/gcf-v2-sources-29257648718-us-central1","id":"gcf-v2-sources-29257648718-us-central1","name":"gcf-v2-sources-29257648718-us-central1","projectNumber":"29257648718","generation":"1775143295278857017","metageneration":"1","location":"US-CENTRAL1","storageClass":"STANDARD","etag":"CAE=","timeCreated":"2026-04-02T15:21:35.452Z","updated":"2026-04-02T15:21:35.452Z","cors":[{"origin":["https://*.cloud.google.com","https://*.corp.google.com","https://*.corp.google.com:*","https://*.cloud.google","https://*.byoid.goog"],"method":["GET"]}],"versioning":{"enabled":true},"lifecycle":{"rule":[{"action":{"type":"Delete"},"condition":{"isLive":false,"numNewerVersions":3}}]},"labels":{"goog-managed-by":"cloudfunctions"},"softDeletePolicy":{"retentionDurationSeconds":"604800","effectiveTime":"2026-04-02T15:21:35.452Z"},"iamConfiguration":{"bucketPolicyOnly":{"enabled":true,"lockedTime":"2026-07-01T15:21:35.452Z"},"uniformBucketLevelAccess":{"enabled":true,"lockedTime":"2026-07-01T15:21:35.452Z"},"publicAccessPrevention":"inherited"},"locationType":"region","satisfiesPZI":true},{"kind":"storage#bucket","selfLink":"https://www.googleapis.com/storage/v1/b/gcf-v2-uploads-29257648718.us-central1.cloudfunctions.appspot.com","id":"gcf-v2-uploads-29257648718.us-central1.cloudfunctions.appspot.com","name":"gcf-v2-uploads-29257648718.us-central1.cloudfunctions.appspot.com","projectNumber":"29257648718","generation":"1775143292968027729","metageneration":"1","location":"US-CENTRAL1","storageClass":"STANDARD","etag":"CAE=","timeCreated":"2026-04-02T15:21:33.372Z","updated":"2026-04-02T15:21:33.372Z","cors":[{"origin":["https://*.cloud.google.com","https://*.corp.google.com","https://*.corp.google.com:*","https://*.cloud.google","https://*.byoid.goog"],"method":["PUT"],"responseHeader":["content-type"]}],"lifecycle":{"rule":[{"action":{"type":"Delete"},"condition":{"age":1}}]},"labels":{"goog-managed-by":"cloudfunctions"},"softDeletePolicy":{"retentionDurationSeconds":"604800","effectiveTime":"2026-04-02T15:21:33.372Z"},"iamConfiguration":{"bucketPolicyOnly":{"enabled":true,"lockedTime":"2026-07-01T15:21:33.372Z"},"uniformBucketLevelAccess":{"enabled":true,"lockedTime":"2026-07-01T15:21:33.372Z"},"publicAccessPrevention":"inherited"},"locationType":"region","satisfiesPZI":true},{"kind":"storage#bucket","selfLink":"https://www.googleapis.com/storage/v1/b/hire-hub-fe6c4.firebasestorage.app","id":"hire-hub-fe6c4.firebasestorage.app","name":"hire-hub-fe6c4.firebasestorage.app","projectNumber":"29257648718","generation":"1772834977135558899","metageneration":"3","location":"US-CENTRAL1","storageClass":"REGIONAL","etag":"CAM=","timeCreated":"2026-03-06T22:09:37.257Z","updated":"2026-05-19T16:20:42.369Z","cors":[{"origin":["https://hiro-service.web.app","https://hiro-service.firebaseapp.com","http://localhost:3000","http://localhost:5000"],"method":["GET","HEAD","OPTIONS"],"responseHeader":["Content-Type","Content-Length","ETag","Cache-Control"],"maxAgeSeconds":3600}],"softDeletePolicy":{"retentionDurationSeconds":"604800","effectiveTime":"2026-03-06T22:09:37.257Z"},"iamConfiguration":{"bucketPolicyOnly":{"enabled":false},"uniformBucketLevelAccess":{"enabled":false},"publicAccessPrevention":"inherited"},"locationType":"region","satisfiesPZI":true}]}
[info] i  apphosting: Zipped source for backend hirehub 
[info] i  apphosting: Uploading source for backend hirehub... 
[debug] [2026-05-20T06:16:24.256Z] Checked if tokens are valid: true, expires at: 1779261348416
[debug] [2026-05-20T06:16:24.256Z] Checked if tokens are valid: true, expires at: 1779261348416
[debug] [2026-05-20T06:16:24.256Z] >>> [apiv2][query] PUT https://storage.googleapis.com/firebaseapphosting-sources-29257648718-us-central1/hirehub--59502-ht4F49o965i7-.zip [none]
[debug] [2026-05-20T06:16:24.256Z] >>> [apiv2][body] PUT https://storage.googleapis.com/firebaseapphosting-sources-29257648718-us-central1/hirehub--59502-ht4F49o965i7-.zip [stream]
[debug] [2026-05-20T06:16:25.914Z] <<< [apiv2][status] PUT https://storage.googleapis.com/firebaseapphosting-sources-29257648718-us-central1/hirehub--59502-ht4F49o965i7-.zip 200
[debug] [2026-05-20T06:16:25.915Z] <<< [apiv2][body] PUT https://storage.googleapis.com/firebaseapphosting-sources-29257648718-us-central1/hirehub--59502-ht4F49o965i7-.zip undefined
[info] i  apphosting: Uploaded at gs://firebaseapphosting-sources-29257648718-us-central1/hirehub--59502-ht4F49o965i7-.zip 
[info] Enabling auth providers: anonymous...
[debug] [2026-05-20T06:16:25.916Z] [provision] Starting Firebase app provisioning...
[debug] [2026-05-20T06:16:25.916Z] [provision] Request: {
  "appNamespace": "1:29257648718:web:e57961f6d9dc39fab8111f",
  "parent": "projects/hire-hub-fe6c4",
  "firebaseAuthInput": {
    "anonymousAuthProviderMode": "PROVIDER_ENABLED"
  },
  "webInput": {}
}
[debug] [2026-05-20T06:16:25.916Z] Checked if tokens are valid: true, expires at: 1779261348416
[debug] [2026-05-20T06:16:25.916Z] Checked if tokens are valid: true, expires at: 1779261348416
[debug] [2026-05-20T06:16:25.917Z] >>> [apiv2][query] POST https://firebase.googleapis.com/v1alpha/firebase:provisionFirebaseApp [none]
[debug] [2026-05-20T06:16:25.917Z] >>> [apiv2][body] POST https://firebase.googleapis.com/v1alpha/firebase:provisionFirebaseApp {"appNamespace":"1:29257648718:web:e57961f6d9dc39fab8111f","parent":"projects/hire-hub-fe6c4","firebaseAuthInput":{"anonymousAuthProviderMode":"PROVIDER_ENABLED"},"webInput":{}}
[debug] [2026-05-20T06:16:27.490Z] <<< [apiv2][status] POST https://firebase.googleapis.com/v1alpha/firebase:provisionFirebaseApp 200
[debug] [2026-05-20T06:16:27.491Z] <<< [apiv2][body] POST https://firebase.googleapis.com/v1alpha/firebase:provisionFirebaseApp {"name":"operations/workflows/ZWEzMTY2NzUtOWVmNi00YjRlLWFmMjctMGU4YjI4Y2ZhMDgz"}
[debug] [2026-05-20T06:16:27.491Z] [provision] Operation started: operations/workflows/ZWEzMTY2NzUtOWVmNi00YjRlLWFmMjctMGU4YjI4Y2ZhMDgz
[debug] [2026-05-20T06:16:27.491Z] [provision] Polling for operation completion...
[debug] [2026-05-20T06:16:27.492Z] Checked if tokens are valid: true, expires at: 1779261348416
[debug] [2026-05-20T06:16:27.492Z] Checked if tokens are valid: true, expires at: 1779261348416
[debug] [2026-05-20T06:16:27.493Z] >>> [apiv2][query] GET https://firebase.googleapis.com/v1beta1/operations/workflows/ZWEzMTY2NzUtOWVmNi00YjRlLWFmMjctMGU4YjI4Y2ZhMDgz [none]
[debug] [2026-05-20T06:16:27.861Z] <<< [apiv2][status] GET https://firebase.googleapis.com/v1beta1/operations/workflows/ZWEzMTY2NzUtOWVmNi00YjRlLWFmMjctMGU4YjI4Y2ZhMDgz 200
[debug] [2026-05-20T06:16:27.861Z] <<< [apiv2][body] GET https://firebase.googleapis.com/v1beta1/operations/workflows/ZWEzMTY2NzUtOWVmNi00YjRlLWFmMjctMGU4YjI4Y2ZhMDgz {"name":"operations/workflows/ZWEzMTY2NzUtOWVmNi00YjRlLWFmMjctMGU4YjI4Y2ZhMDgz"}
[debug] [2026-05-20T06:16:28.063Z] [Provision Firebase App Poller] Retrying task index 0
[debug] [2026-05-20T06:16:28.063Z] Checked if tokens are valid: true, expires at: 1779261348416
[debug] [2026-05-20T06:16:28.063Z] Checked if tokens are valid: true, expires at: 1779261348416
[debug] [2026-05-20T06:16:28.063Z] >>> [apiv2][query] GET https://firebase.googleapis.com/v1beta1/operations/workflows/ZWEzMTY2NzUtOWVmNi00YjRlLWFmMjctMGU4YjI4Y2ZhMDgz [none]
[debug] [2026-05-20T06:16:28.474Z] <<< [apiv2][status] GET https://firebase.googleapis.com/v1beta1/operations/workflows/ZWEzMTY2NzUtOWVmNi00YjRlLWFmMjctMGU4YjI4Y2ZhMDgz 200
[debug] [2026-05-20T06:16:28.474Z] <<< [apiv2][body] GET https://firebase.googleapis.com/v1beta1/operations/workflows/ZWEzMTY2NzUtOWVmNi00YjRlLWFmMjctMGU4YjI4Y2ZhMDgz {"name":"operations/workflows/ZWEzMTY2NzUtOWVmNi00YjRlLWFmMjctMGU4YjI4Y2ZhMDgz"}
[debug] [2026-05-20T06:16:28.876Z] [Provision Firebase App Poller] Retrying task index 0
[debug] [2026-05-20T06:16:28.876Z] Checked if tokens are valid: true, expires at: 1779261348416
[debug] [2026-05-20T06:16:28.876Z] Checked if tokens are valid: true, expires at: 1779261348416
[debug] [2026-05-20T06:16:28.876Z] >>> [apiv2][query] GET https://firebase.googleapis.com/v1beta1/operations/workflows/ZWEzMTY2NzUtOWVmNi00YjRlLWFmMjctMGU4YjI4Y2ZhMDgz [none]
[debug] [2026-05-20T06:16:29.392Z] <<< [apiv2][status] GET https://firebase.googleapis.com/v1beta1/operations/workflows/ZWEzMTY2NzUtOWVmNi00YjRlLWFmMjctMGU4YjI4Y2ZhMDgz 200
[debug] [2026-05-20T06:16:29.392Z] <<< [apiv2][body] GET https://firebase.googleapis.com/v1beta1/operations/workflows/ZWEzMTY2NzUtOWVmNi00YjRlLWFmMjctMGU4YjI4Y2ZhMDgz {"name":"operations/workflows/ZWEzMTY2NzUtOWVmNi00YjRlLWFmMjctMGU4YjI4Y2ZhMDgz"}
[debug] [2026-05-20T06:16:30.194Z] [Provision Firebase App Poller] Retrying task index 0
[debug] [2026-05-20T06:16:30.195Z] Checked if tokens are valid: true, expires at: 1779261348416
[debug] [2026-05-20T06:16:30.195Z] Checked if tokens are valid: true, expires at: 1779261348416
[debug] [2026-05-20T06:16:30.195Z] >>> [apiv2][query] GET https://firebase.googleapis.com/v1beta1/operations/workflows/ZWEzMTY2NzUtOWVmNi00YjRlLWFmMjctMGU4YjI4Y2ZhMDgz [none]
[debug] [2026-05-20T06:16:30.584Z] <<< [apiv2][status] GET https://firebase.googleapis.com/v1beta1/operations/workflows/ZWEzMTY2NzUtOWVmNi00YjRlLWFmMjctMGU4YjI4Y2ZhMDgz 200
[debug] [2026-05-20T06:16:30.584Z] <<< [apiv2][body] GET https://firebase.googleapis.com/v1beta1/operations/workflows/ZWEzMTY2NzUtOWVmNi00YjRlLWFmMjctMGU4YjI4Y2ZhMDgz {"name":"operations/workflows/ZWEzMTY2NzUtOWVmNi00YjRlLWFmMjctMGU4YjI4Y2ZhMDgz"}
[debug] [2026-05-20T06:16:32.185Z] [Provision Firebase App Poller] Retrying task index 0
[debug] [2026-05-20T06:16:32.186Z] Checked if tokens are valid: true, expires at: 1779261348416
[debug] [2026-05-20T06:16:32.186Z] Checked if tokens are valid: true, expires at: 1779261348416
[debug] [2026-05-20T06:16:32.186Z] >>> [apiv2][query] GET https://firebase.googleapis.com/v1beta1/operations/workflows/ZWEzMTY2NzUtOWVmNi00YjRlLWFmMjctMGU4YjI4Y2ZhMDgz [none]
[debug] [2026-05-20T06:16:32.493Z] <<< [apiv2][status] GET https://firebase.googleapis.com/v1beta1/operations/workflows/ZWEzMTY2NzUtOWVmNi00YjRlLWFmMjctMGU4YjI4Y2ZhMDgz 200
[debug] [2026-05-20T06:16:32.493Z] <<< [apiv2][body] GET https://firebase.googleapis.com/v1beta1/operations/workflows/ZWEzMTY2NzUtOWVmNi00YjRlLWFmMjctMGU4YjI4Y2ZhMDgz {"name":"operations/workflows/ZWEzMTY2NzUtOWVmNi00YjRlLWFmMjctMGU4YjI4Y2ZhMDgz"}
[debug] [2026-05-20T06:16:35.694Z] [Provision Firebase App Poller] Retrying task index 0
[debug] [2026-05-20T06:16:35.694Z] Checked if tokens are valid: true, expires at: 1779261348416
[debug] [2026-05-20T06:16:35.694Z] Checked if tokens are valid: true, expires at: 1779261348416
[debug] [2026-05-20T06:16:35.695Z] >>> [apiv2][query] GET https://firebase.googleapis.com/v1beta1/operations/workflows/ZWEzMTY2NzUtOWVmNi00YjRlLWFmMjctMGU4YjI4Y2ZhMDgz [none]
[debug] [2026-05-20T06:16:36.256Z] <<< [apiv2][status] GET https://firebase.googleapis.com/v1beta1/operations/workflows/ZWEzMTY2NzUtOWVmNi00YjRlLWFmMjctMGU4YjI4Y2ZhMDgz 200
[debug] [2026-05-20T06:16:36.256Z] <<< [apiv2][body] GET https://firebase.googleapis.com/v1beta1/operations/workflows/ZWEzMTY2NzUtOWVmNi00YjRlLWFmMjctMGU4YjI4Y2ZhMDgz {"name":"operations/workflows/ZWEzMTY2NzUtOWVmNi00YjRlLWFmMjctMGU4YjI4Y2ZhMDgz"}
[debug] [2026-05-20T06:16:41.258Z] [Provision Firebase App Poller] Retrying task index 0
[debug] [2026-05-20T06:16:41.259Z] Checked if tokens are valid: true, expires at: 1779261348416
[debug] [2026-05-20T06:16:41.259Z] Checked if tokens are valid: true, expires at: 1779261348416
[debug] [2026-05-20T06:16:41.259Z] >>> [apiv2][query] GET https://firebase.googleapis.com/v1beta1/operations/workflows/ZWEzMTY2NzUtOWVmNi00YjRlLWFmMjctMGU4YjI4Y2ZhMDgz [none]
[debug] [2026-05-20T06:16:41.788Z] <<< [apiv2][status] GET https://firebase.googleapis.com/v1beta1/operations/workflows/ZWEzMTY2NzUtOWVmNi00YjRlLWFmMjctMGU4YjI4Y2ZhMDgz 200
[debug] [2026-05-20T06:16:41.788Z] <<< [apiv2][body] GET https://firebase.googleapis.com/v1beta1/operations/workflows/ZWEzMTY2NzUtOWVmNi00YjRlLWFmMjctMGU4YjI4Y2ZhMDgz {"name":"operations/workflows/ZWEzMTY2NzUtOWVmNi00YjRlLWFmMjctMGU4YjI4Y2ZhMDgz","done":true,"response":{"@type":"type.googleapis.com/google.firebase.service.v1alpha.ProvisionFirebaseAppResponse","configMimeType":"application/json","configData":"ewogICJ2ZXJzaW9uIjogIjIiLAogICJwcm9qZWN0TnVtYmVyIjogIjI5MjU3NjQ4NzE4IiwKICAicHJvamVjdElkIjogImhpcmUtaHViLWZlNmM0IiwKICAiYXBwSWQiOiAiMToyOTI1NzY0ODcxODp3ZWI6ZTU3OTYxZjZkOWRjMzlmYWI4MTExZiIsCiAgInJlYWx0aW1lRGF0YWJhc2VJbnN0YW5jZVVyaSI6ICJodHRwczovL2hpcmUtaHViLWZlNmM0LWRlZmF1bHQtcnRkYi5maXJlYmFzZWlvLmNvbSIsCiAgInJlYWx0aW1lRGF0YWJhc2VVcmwiOiAiIiwKICAic3RvcmFnZUJ1Y2tldCI6ICJoaXJlLWh1Yi1mZTZjNC5maXJlYmFzZXN0b3JhZ2UuYXBwIiwKICAibG9jYXRpb25JZCI6ICIiLAogICJhcGlLZXkiOiAiQUl6YVN5Qkw1NWRXT2gyZUlCRG9vWjBFd3pYZWd5QU1FaVdNdU5FIiwKICAiYXV0aERvbWFpbiI6ICJoaXJlLWh1Yi1mZTZjNC5maXJlYmFzZWFwcC5jb20iLAogICJtZXNzYWdpbmdTZW5kZXJJZCI6ICIyOTI1NzY0ODcxOCIsCiAgIm1lYXN1cmVtZW50SWQiOiAiRy1QTkZEVjJaNkRHIgp9","appResource":"projects/hire-hub-fe6c4/apps/1:29257648718:web:e57961f6d9dc39fab8111f"}}
[debug] [2026-05-20T06:16:41.789Z] [provision] Firebase app provisioning completed successfully
[info] ✔  Auth providers enabled: anonymous 
[debug] [2026-05-20T06:16:41.789Z] [rules] releasing firebase.storage/hire-hub-fe6c4.firebasestorage.app with ruleset projects/hire-hub-fe6c4/rulesets/de5ed388-4a64-4cdb-b8bc-fe8ab7dfd70e
[debug] [2026-05-20T06:16:41.789Z] Checked if tokens are valid: true, expires at: 1779261348416
[debug] [2026-05-20T06:16:41.789Z] Checked if tokens are valid: true, expires at: 1779261348416
[debug] [2026-05-20T06:16:41.790Z] >>> [apiv2][query] PATCH https://firebaserules.googleapis.com/v1/projects/hire-hub-fe6c4/releases/firebase.storage/hire-hub-fe6c4.firebasestorage.app [none]
[debug] [2026-05-20T06:16:41.790Z] >>> [apiv2][body] PATCH https://firebaserules.googleapis.com/v1/projects/hire-hub-fe6c4/releases/firebase.storage/hire-hub-fe6c4.firebasestorage.app {"release":{"name":"projects/hire-hub-fe6c4/releases/firebase.storage/hire-hub-fe6c4.firebasestorage.app","rulesetName":"projects/hire-hub-fe6c4/rulesets/de5ed388-4a64-4cdb-b8bc-fe8ab7dfd70e"}}
[debug] [2026-05-20T06:16:42.853Z] <<< [apiv2][status] PATCH https://firebaserules.googleapis.com/v1/projects/hire-hub-fe6c4/releases/firebase.storage/hire-hub-fe6c4.firebasestorage.app 200
[debug] [2026-05-20T06:16:42.853Z] <<< [apiv2][body] PATCH https://firebaserules.googleapis.com/v1/projects/hire-hub-fe6c4/releases/firebase.storage/hire-hub-fe6c4.firebasestorage.app {"name":"projects/hire-hub-fe6c4/releases/firebase.storage/hire-hub-fe6c4.firebasestorage.app","rulesetName":"projects/hire-hub-fe6c4/rulesets/de5ed388-4a64-4cdb-b8bc-fe8ab7dfd70e","createTime":"2026-03-06T22:09:43.669832Z","updateTime":"2026-05-20T06:16:42.840868Z"}
[debug] [2026-05-20T06:16:42.853Z] [rules] updated release projects/hire-hub-fe6c4/releases/firebase.storage/hire-hub-fe6c4.firebasestorage.app
[info] ✔  storage: released rules storage.rules to firebase.storage 
[debug] [2026-05-20T06:16:42.853Z] [rules] releasing cloud.firestore with ruleset projects/hire-hub-fe6c4/rulesets/f2a2fa4d-c4a4-4f66-9ba2-f2afa267905e
[debug] [2026-05-20T06:16:42.853Z] Checked if tokens are valid: true, expires at: 1779261348416
[debug] [2026-05-20T06:16:42.853Z] Checked if tokens are valid: true, expires at: 1779261348416
[debug] [2026-05-20T06:16:42.853Z] >>> [apiv2][query] PATCH https://firebaserules.googleapis.com/v1/projects/hire-hub-fe6c4/releases/cloud.firestore [none]
[debug] [2026-05-20T06:16:42.853Z] >>> [apiv2][body] PATCH https://firebaserules.googleapis.com/v1/projects/hire-hub-fe6c4/releases/cloud.firestore {"release":{"name":"projects/hire-hub-fe6c4/releases/cloud.firestore","rulesetName":"projects/hire-hub-fe6c4/rulesets/f2a2fa4d-c4a4-4f66-9ba2-f2afa267905e"}}
[debug] [2026-05-20T06:16:43.425Z] <<< [apiv2][status] PATCH https://firebaserules.googleapis.com/v1/projects/hire-hub-fe6c4/releases/cloud.firestore 200
[debug] [2026-05-20T06:16:43.425Z] <<< [apiv2][body] PATCH https://firebaserules.googleapis.com/v1/projects/hire-hub-fe6c4/releases/cloud.firestore {"name":"projects/hire-hub-fe6c4/releases/cloud.firestore","rulesetName":"projects/hire-hub-fe6c4/rulesets/f2a2fa4d-c4a4-4f66-9ba2-f2afa267905e","createTime":"2026-03-11T13:46:42.270225Z","updateTime":"2026-05-20T06:16:43.390824Z"}
[debug] [2026-05-20T06:16:43.425Z] [rules] updated release projects/hire-hub-fe6c4/releases/cloud.firestore
[info] ✔  firestore: released rules firestore.rules to cloud.firestore 
[info] i  functions: Skipping the deploy of unchanged functions. 
[info] 
The following functions are found in your project but do not exist in your local source code:
	cleanupSubscriptionNotificationEvents(us-central1)
	createMessageNotification(us-central1)
	handleAppStoreServerNotification(us-central1)
	handleGooglePlaySubscriptionNotification(us-central1)
	syncWorkerSubscriptionLifecycle(us-central1)
	verifySubscriptionPurchase(us-central1)

If you are renaming a function or changing its region, it is recommended that you create the new function first before deleting the old one to prevent event loss. For more info, visit https://firebase.google.com/docs/functions/manage-functions#modify

[info] ✔  functions[sendNotificationPush(us-central1)] Skipped (No changes detected) 
[debug] [2026-05-20T06:16:45.559Z] Total Function Deployment time: 0
[debug] [2026-05-20T06:16:45.559Z] 0 Functions Deployed
[debug] [2026-05-20T06:16:45.559Z] 0 Functions Errored
[debug] [2026-05-20T06:16:45.559Z] 0 Function Deployments Aborted
[debug] [2026-05-20T06:16:45.559Z] Average Function Deployment time: NaN
[debug] [2026-05-20T06:16:45.754Z] Checked if tokens are valid: true, expires at: 1779261348416
[debug] [2026-05-20T06:16:45.754Z] Checked if tokens are valid: true, expires at: 1779261348416
[debug] [2026-05-20T06:16:45.755Z] >>> [apiv2][query] GET https://artifactregistry.googleapis.com/v1/projects/hire-hub-fe6c4/locations/us-central1/repositories/gcf-artifacts [none]
[debug] [2026-05-20T06:16:46.841Z] <<< [apiv2][status] GET https://artifactregistry.googleapis.com/v1/projects/hire-hub-fe6c4/locations/us-central1/repositories/gcf-artifacts 200
[debug] [2026-05-20T06:16:46.841Z] <<< [apiv2][body] GET https://artifactregistry.googleapis.com/v1/projects/hire-hub-fe6c4/locations/us-central1/repositories/gcf-artifacts {"name":"projects/hire-hub-fe6c4/locations/us-central1/repositories/gcf-artifacts","format":"DOCKER","description":"This repository is created and used by Cloud Functions for storing function docker images.","labels":{"goog-managed-by":"cloudfunctions"},"createTime":"2026-04-02T15:23:30.667915Z","updateTime":"2026-05-17T13:15:52.696744Z","mode":"STANDARD_REPOSITORY","cleanupPolicies":{"firebase-functions-cleanup":{"id":"firebase-functions-cleanup","action":"DELETE","condition":{"tagState":"ANY","olderThan":"604800s"}}},"sizeBytes":"87466452","vulnerabilityScanningConfig":{"lastEnableTime":"2026-04-02T15:23:29.972824386Z","enablementState":"SCANNING_DISABLED","enablementStateReason":"API containerscanning.googleapis.com is not enabled."},"satisfiesPzi":true,"registryUri":"us-central1-docker.pkg.dev/hire-hub-fe6c4/gcf-artifacts"}
[debug] [2026-05-20T06:16:46.843Z] Checked if tokens are valid: true, expires at: 1779261348416
[debug] [2026-05-20T06:16:46.843Z] Checked if tokens are valid: true, expires at: 1779261348416
[debug] [2026-05-20T06:16:46.843Z] Checked if tokens are valid: true, expires at: 1779261348416
[debug] [2026-05-20T06:16:46.843Z] Checked if tokens are valid: true, expires at: 1779261348416
[info] i  apphosting: You may also track the rollout(s) at:
	https://console.firebase.google.com/project/hire-hub-fe6c4/apphosting 
[debug] [2026-05-20T06:16:46.846Z] >>> [apiv2][query] GET https://firebaseapphosting.googleapis.com/v1beta/projects/hire-hub-fe6c4/locations/us-central1/backends/hirehub/rollouts 
[debug] [2026-05-20T06:16:46.847Z] >>> [apiv2][query] GET https://firebaseapphosting.googleapis.com/v1beta/projects/hire-hub-fe6c4/locations/us-central1/backends/hirehub/builds 
[debug] [2026-05-20T06:16:47.829Z] <<< [apiv2][status] GET https://firebaseapphosting.googleapis.com/v1beta/projects/hire-hub-fe6c4/locations/us-central1/backends/hirehub/rollouts 200
[debug] [2026-05-20T06:16:47.829Z] <<< [apiv2][body] GET https://firebaseapphosting.googleapis.com/v1beta/projects/hire-hub-fe6c4/locations/us-central1/backends/hirehub/rollouts {"rollouts":[{"name":"projects/hire-hub-fe6c4/locations/us-central1/backends/hirehub/rollouts/build-2026-04-01-002","createTime":"2026-04-01T12:59:56.319083321Z","updateTime":"2026-04-01T13:03:29.377188Z","state":"SUCCEEDED","build":"projects/hire-hub-fe6c4/locations/us-central1/backends/hirehub/builds/build-2026-04-01-002","labels":{"deployment-tool":"cli-firebase"},"uid":"0d1de356-cf95-40ba-803c-54a3b12559ab","etag":"LRh-AuUEOxzvPUNkQQk8m_BRY0cSHwenacKPNvbaG3Y","reconciling":false},{"name":"projects/hire-hub-fe6c4/locations/us-central1/backends/hirehub/rollouts/build-2026-04-01-001","createTime":"2026-04-01T10:58:02.166314889Z","updateTime":"2026-04-01T11:02:20.903980Z","state":"SUCCEEDED","build":"projects/hire-hub-fe6c4/locations/us-central1/backends/hirehub/builds/build-2026-04-01-001","labels":{"deployment-tool":"cli-firebase"},"uid":"d677bb6b-c987-4711-8d98-88d7b1c8675d","etag":"TW0i-qfsww7spCgbyd09a82H2OCleIRq9CjxqnC6hd4","reconciling":false},{"name":"projects/hire-hub-fe6c4/locations/us-central1/backends/hirehub/rollouts/build-2026-05-04-001","createTime":"2026-05-04T09:52:08.054322241Z","updateTime":"2026-05-04T09:55:15.775083Z","state":"SUCCEEDED","build":"projects/hire-hub-fe6c4/locations/us-central1/backends/hirehub/builds/build-2026-05-04-001","labels":{"deployment-tool":"cli-firebase"},"uid":"f58374ad-5374-426f-8181-057cb2a8ee0e","etag":"7IC-okHv4_obThFswFQ1bFeWq45Wr9ig7cZtuBiUZi8","reconciling":false},{"name":"projects/hire-hub-fe6c4/locations/us-central1/backends/hirehub/rollouts/build-2026-05-04-002","createTime":"2026-05-04T19:13:36.517680171Z","updateTime":"2026-05-04T19:17:14.514564Z","state":"SUCCEEDED","build":"projects/hire-hub-fe6c4/locations/us-central1/backends/hirehub/builds/build-2026-05-04-002","labels":{"deployment-tool":"cli-firebase"},"uid":"e6632baf-b869-4f9f-96bb-00351c6e9511","etag":"5R7xvcijD-HCg4AVDs30e2zYXj6MjjSV5TU0VvjIpVU","reconciling":false},{"name":"projects/hire-hub-fe6c4/locations/us-central1/backends/hirehub/rollouts/build-2026-04-28-001","createTime":"2026-04-28T16:02:47.912979908Z","updateTime":"2026-04-28T16:05:04.980924Z","state":"SUCCEEDED","build":"projects/hire-hub-fe6c4/locations/us-central1/backends/hirehub/builds/build-2026-04-28-001","labels":{"deployment-tool":"cli-firebase"},"uid":"3595f11a-a609-4e52-a210-27436255bd01","etag":"KbyKXu68fbWUBT-BMTAcMJaMWOUzJ7qPF3Zm18uBZbA","reconciling":false},{"name":"projects/hire-hub-fe6c4/locations/us-central1/backends/hirehub/rollouts/build-2026-05-18-003","createTime":"2026-05-18T17:13:37.631968079Z","updateTime":"2026-05-18T17:16:04.865652Z","state":"SUCCEEDED","build":"projects/hire-hub-fe6c4/locations/us-central1/backends/hirehub/builds/build-2026-05-18-003","labels":{"deployment-tool":"cli-firebase"},"uid":"1628d793-5fd9-4603-b5c3-ac6498284f50","etag":"7sSK6Hfsru-owMe-ZqB5lL3ltkeqeHHtyfYW-gpAa9c","reconciling":false},{"name":"projects/hire-hub-fe6c4/locations/us-central1/backends/hirehub/rollouts/build-2026-05-18-001","createTime":"2026-05-18T11:07:15.611706596Z","updateTime":"2026-05-18T11:10:43.579744Z","state":"SUCCEEDED","build":"projects/hire-hub-fe6c4/locations/us-central1/backends/hirehub/builds/build-2026-05-18-001","labels":{"deployment-tool":"cli-firebase"},"uid":"79293d4c-3329-4b09-bff4-7438d519e322","etag":"HpO8bENFp8n3i3RBm0FPjkV-b12Yft01-Ij5NV2eAfQ","reconciling":false},{"name":"projects/hire-hub-fe6c4/locations/us-central1/backends/hirehub/rollouts/build-2026-03-31-002","createTime":"2026-03-31T00:28:47.139838350Z","updateTime":"2026-03-31T00:32:20.237515Z","state":"SUCCEEDED","build":"projects/hire-hub-fe6c4/locations/us-central1/backends/hirehub/builds/build-2026-03-31-002","labels":{"deployment-tool":"cli-firebase"},"uid":"8b09c38f-7569-4204-8243-feeafce99e70","etag":"IdP_rPKqjcepJLVGqH3ty7FfyQZNe4yehXl_IUxd-d8","reconciling":false},{"name":"projects/hire-hub-fe6c4/locations/us-central1/backends/hirehub/rollouts/build-2026-03-31-003","createTime":"2026-03-31T11:36:06.740323114Z","updateTime":"2026-03-31T11:39:34.698461Z","state":"SUCCEEDED","build":"projects/hire-hub-fe6c4/locations/us-central1/backends/hirehub/builds/build-2026-03-31-003","labels":{"deployment-tool":"cli-firebase"},"uid":"c845a4a6-accd-4a76-b301-cf089b2821cd","etag":"AL7y4Jce9uFfHIGm11sIJBpgfY4lTxWYMbVRS0zDztk","reconciling":false},{"name":"projects/hire-hub-fe6c4/locations/us-central1/backends/hirehub/rollouts/build-2026-03-31-001","createTime":"2026-03-31T00:18:27.776893704Z","updateTime":"2026-03-31T00:22:00.672493Z","state":"SUCCEEDED","build":"projects/hire-hub-fe6c4/locations/us-central1/backends/hirehub/builds/build-2026-03-31-001","labels":{"deployment-tool":"cli-firebase"},"uid":"ea943a9c-4922-4ca9-a933-a12badcb9eb1","etag":"rMiV2K7352wEokVrwxr9MZ7debEZT5a-xw1pN7JcSjc","reconciling":false},{"name":"projects/hire-hub-fe6c4/locations/us-central1/backends/hirehub/rollouts/build-2026-03-31-006","createTime":"2026-03-31T21:45:15.411644574Z","updateTime":"2026-03-31T21:49:23.835810Z","state":"SUCCEEDED","build":"projects/hire-hub-fe6c4/locations/us-central1/backends/hirehub/builds/build-2026-03-31-006","labels":{"deployment-tool":"cli-firebase"},"uid":"98bc5c92-093a-464b-be0c-8a2593de6512","etag":"vtj_HfVW6k0HthmtrK82LbxsGPZY021lHd_bGfdC8sk","reconciling":false},{"name":"projects/hire-hub-fe6c4/locations/us-central1/backends/hirehub/rollouts/build-2026-03-31-004","createTime":"2026-03-31T13:27:08.607086766Z","updateTime":"2026-03-31T13:31:37.269461Z","state":"SUCCEEDED","build":"projects/hire-hub-fe6c4/locations/us-central1/backends/hirehub/builds/build-2026-03-31-004","labels":{"deployment-tool":"cli-firebase"},"uid":"e5238916-ed2d-4f55-8b76-085ca05ba5bc","etag":"mxtuRGIhKEwm2YM4jiaBWlubNipeq35Zi--DyIS5KuI","reconciling":false},{"name":"projects/hire-hub-fe6c4/locations/us-central1/backends/hirehub/rollouts/build-2026-03-31-005","createTime":"2026-03-31T16:06:32.333605825Z","updateTime":"2026-03-31T16:11:21.381648Z","state":"SUCCEEDED","build":"projects/hire-hub-fe6c4/locations/us-central1/backends/hirehub/builds/build-2026-03-31-005","labels":{"deployment-tool":"cli-firebase"},"uid":"9ef9be68-144a-4577-8557-6bb91216a53a","etag":"C6PF9ABYvylmyYrm7SWrU8GjCztyBTGGBazra7v9fiU","reconciling":false},{"name":"projects/hire-hub-fe6c4/locations/us-central1/backends/hirehub/rollouts/rollout-2026-05-18-000","createTime":"2026-05-18T14:57:53.707852322Z","updateTime":"2026-05-18T15:01:26.739733Z","state":"SUCCEEDED","build":"projects/hire-hub-fe6c4/locations/us-central1/backends/hirehub/builds/build-2026-05-18-002","uid":"8a824d6a-7e15-4f82-b02a-d36bb6ee0951","etag":"k4-b-nqbnxD3uAPSDOZI4zcgvIA_sxo1UFIIKcakh5U","reconciling":false},{"name":"projects/hire-hub-fe6c4/locations/us-central1/backends/hirehub/rollouts/build-2026-04-24-004","createTime":"2026-04-24T17:19:06.776734039Z","updateTime":"2026-04-24T17:22:14.408701Z","state":"SUCCEEDED","build":"projects/hire-hub-fe6c4/locations/us-central1/backends/hirehub/builds/build-2026-04-24-004","labels":{"deployment-tool":"cli-firebase"},"uid":"d988705a-7346-400f-aa1e-9f38dbb27594","etag":"MnhSEG8g-yZgRdTqLLF-DF9D8GxeG7tEBIgU7M85Ajs","reconciling":false},{"name":"projects/hire-hub-fe6c4/locations/us-central1/backends/hirehub/rollouts/build-2026-04-24-001","createTime":"2026-04-24T13:32:16.783650848Z","updateTime":"2026-04-24T13:35:34.613292Z","state":"SUCCEEDED","build":"projects/hire-hub-fe6c4/locations/us-central1/backends/hirehub/builds/build-2026-04-24-001","labels":{"deployment-tool":"cli-firebase"},"uid":"eec09022-00a7-4506-868f-240b11b9f083","etag":"qnmoVOT-O4kvBPOxeEGxtcPypHfs8_B_lxA5kkSYgDM","reconciling":false},{"name":"projects/hire-hub-fe6c4/locations/us-central1/backends/hirehub/rollouts/build-2026-04-24-003","createTime":"2026-04-24T14:25:11.163256606Z","updateTime":"2026-04-24T14:28:28.928212Z","state":"SUCCEEDED","build":"projects/hire-hub-fe6c4/locations/us-central1/backends/hirehub/builds/build-2026-04-24-003","labels":{"deployment-tool":"cli-firebase"},"uid":"fb905be6-b425-4ad1-9405-349487b6b3a4","etag":"Zg5pnNJ2WGBj4Q3WmlWdDuygOMDbdkRXfyReG9lEUnY","reconciling":false},{"name":"projects/hire-hub-fe6c4/locations/us-central1/backends/hirehub/rollouts/build-2026-04-24-002","createTime":"2026-04-24T13:37:47.885392129Z","updateTime":"2026-04-24T13:40:40.105959Z","state":"SUCCEEDED","build":"projects/hire-hub-fe6c4/locations/us-central1/backends/hirehub/builds/build-2026-04-24-002","labels":{"deployment-tool":"cli-firebase"},"uid":"cc5df06c-ec31-43ef-9abc-03d68b1cc96a","etag":"Ne0CGVJmj_XfTxiDHpG33N0yATK9bFljAq6kF2xGO58","reconciling":false},{"name":"projects/hire-hub-fe6c4/locations/us-central1/backends/hirehub/rollouts/build-2026-03-30-001","createTime":"2026-03-30T21:48:19.408928940Z","updateTime":"2026-03-30T21:53:23.660091Z","state":"SUCCEEDED","build":"projects/hire-hub-fe6c4/locations/us-central1/backends/hirehub/builds/build-2026-03-30-001","labels":{"deployment-tool":"cli-firebase"},"uid":"d79b7dc1-eb7a-446b-86fb-b5efe214d725","etag":"RZd85CKFNjIL6JIV4crQc-5tnq22aGH01CDQpl5RKZs","reconciling":false},{"name":"projects/hire-hub-fe6c4/locations/us-central1/backends/hirehub/rollouts/build-2026-05-05-001","createTime":"2026-05-05T09:10:28.161907237Z","updateTime":"2026-05-05T09:13:35.889650Z","state":"SUCCEEDED","build":"projects/hire-hub-fe6c4/locations/us-central1/backends/hirehub/builds/build-2026-05-05-001","labels":{"deployment-tool":"cli-firebase"},"uid":"f9c078a8-768f-43c1-a71a-77d466d2c313","etag":"eYjQpRCTQmJLWQfh6G_ZMbHbRMVwuYMriVkRnWQz3LA","reconciling":false},{"name":"projects/hire-hub-fe6c4/locations/us-central1/backends/hirehub/rollouts/build-2026-05-05-002","createTime":"2026-05-05T09:36:24.960878700Z","updateTime":"2026-05-05T09:39:42.745109Z","state":"SUCCEEDED","build":"projects/hire-hub-fe6c4/locations/us-central1/backends/hirehub/builds/build-2026-05-05-002","labels":{"deployment-tool":"cli-firebase"},"uid":"60a3b7d3-de24-472a-981c-8a88fb80501e","etag":"ABM6SVQr8uhMpCf2FE72VbCmUDjt_qjLuGG-r4WWQek","reconciling":false},{"name":"projects/hire-hub-fe6c4/locations/us-central1/backends/hirehub/rollouts/build-2026-05-19-002","createTime":"2026-05-19T11:32:45.922319507Z","updateTime":"2026-05-19T11:36:03.719716Z","state":"SUCCEEDED","build":"projects/hire-hub-fe6c4/locations/us-central1/backends/hirehub/builds/build-2026-05-19-002","labels":{"deployment-tool":"cli-firebase"},"uid":"a9866034-6597-4139-9f1d-565ccc65798a","etag":"VkEHGzExwUh3AtUaYC7Z5ZYBD2IOcruvUz64LyRe9gA","reconciling":false},{"name":"projects/hire-hub-fe6c4/locations/us-central1/backends/hirehub/rollouts/build-2026-05-19-003","createTime":"2026-05-19T18:11:55.648288311Z","updateTime":"2026-05-19T18:14:53.293463Z","state":"SUCCEEDED","build":"projects/hire-hub-fe6c4/locations/us-central1/backends/hirehub/builds/build-2026-05-19-003","labels":{"deployment-tool":"cli-firebase"},"uid":"27e53a9a-91cc-44ef-a2ee-fb334564743e","etag":"RVgRlHNWKkZL4MOEgiyrMyhOJ1tqj426vLFRwe5EvLc","reconciling":false},{"name":"projects/hire-hub-fe6c4/locations/us-central1/backends/hirehub/rollouts/build-2026-05-19-001","createTime":"2026-05-19T08:05:41.269134913Z","updateTime":"2026-05-19T08:08:59.125424Z","state":"SUCCEEDED","build":"projects/hire-hub-fe6c4/locations/us-central1/backends/hirehub/builds/build-2026-05-19-001","labels":{"deployment-tool":"cli-firebase"},"uid":"9114f108-858c-4c79-80e5-2b8d138464ff","etag":"7dEFAPqOoyEzgCWxlC09G0kB4ZXjr0dbQTJHFXs_8Ps","reconciling":false}]}
[debug] [2026-05-20T06:16:47.830Z] <<< [apiv2][status] GET https://firebaseapphosting.googleapis.com/v1beta/projects/hire-hub-fe6c4/locations/us-central1/backends/hirehub/builds 200
[debug] [2026-05-20T06:16:47.830Z] <<< [apiv2][body] GET https://firebaseapphosting.googleapis.com/v1beta/projects/hire-hub-fe6c4/locations/us-central1/backends/hirehub/builds {"builds":[{"name":"projects/hire-hub-fe6c4/locations/us-central1/backends/hirehub/builds/build-2026-04-01-002","state":"EXPIRED","image":"us-central1-docker.pkg.dev/hire-hub-fe6c4/firebaseapphosting-images/hirehub:build-2026-04-01-002","config":{"runConfig":{},"env":[{"variable":"NEXT_PUBLIC_FIREBASE_API_KEY","value":"AIzaSyBL55dWOh2eIBDooZ0EwzXegyAMEiWMuNE","availability":["BUILD","RUNTIME"]},{"variable":"NEXT_PUBLIC_FIREBASE_AUTH_DOMAIN","value":"hire-hub-fe6c4.firebaseapp.com","availability":["BUILD","RUNTIME"]},{"variable":"NEXT_PUBLIC_FIREBASE_DATABASE_URL","value":"https://hire-hub-fe6c4-default-rtdb.firebaseio.com","availability":["BUILD","RUNTIME"]},{"variable":"NEXT_PUBLIC_FIREBASE_PROJECT_ID","value":"hire-hub-fe6c4","availability":["BUILD","RUNTIME"]},{"variable":"NEXT_PUBLIC_FIREBASE_STORAGE_BUCKET","value":"hire-hub-fe6c4.firebasestorage.app","availability":["BUILD","RUNTIME"]},{"variable":"NEXT_PUBLIC_FIREBASE_MESSAGING_SENDER_ID","value":"29257648718","availability":["BUILD","RUNTIME"]},{"variable":"NEXT_PUBLIC_FIREBASE_APP_ID","value":"1:29257648718:web:d94f398576623fbdb8111f","availability":["BUILD","RUNTIME"]},{"variable":"NEXT_PUBLIC_FIREBASE_MEASUREMENT_ID","value":"G-5YF7DTLCNM","availability":["BUILD","RUNTIME"]},{"variable":"FIREBASE_CONFIG","value":"{\"databaseURL\":\"https://hire-hub-fe6c4-default-rtdb.firebaseio.com\",\"projectId\":\"hire-hub-fe6c4\",\"storageBucket\":\"hire-hub-fe6c4.firebasestorage.app\"}","availability":["BUILD","RUNTIME"]},{"variable":"FIREBASE_WEBAPP_CONFIG","value":"{\"apiKey\":\"AIzaSyBL55dWOh2eIBDooZ0EwzXegyAMEiWMuNE\",\"appId\":\"1:29257648718:web:d1219405f2aff549b8111f\",\"authDomain\":\"hire-hub-fe6c4.firebaseapp.com\",\"databaseURL\":\"https://hire-hub-fe6c4-default-rtdb.firebaseio.com\",\"messagingSenderId\":\"29257648718\",\"projectId\":\"hire-hub-fe6c4\",\"storageBucket\":\"hire-hub-fe6c4.firebasestorage.app\"}","availability":["BUILD"]}],"effectiveEnv":[{"variable":"NEXT_PUBLIC_FIREBASE_API_KEY","value":"AIzaSyBL55dWOh2eIBDooZ0EwzXegyAMEiWMuNE","availability":["BUILD","RUNTIME"],"origin":"APPHOSTING_YAML","originFileName":"apphosting.yaml"},{"variable":"NEXT_PUBLIC_FIREBASE_AUTH_DOMAIN","value":"hire-hub-fe6c4.firebaseapp.com","availability":["BUILD","RUNTIME"],"origin":"APPHOSTING_YAML","originFileName":"apphosting.yaml"},{"variable":"NEXT_PUBLIC_FIREBASE_DATABASE_URL","value":"https://hire-hub-fe6c4-default-rtdb.firebaseio.com","availability":["BUILD","RUNTIME"],"origin":"APPHOSTING_YAML","originFileName":"apphosting.yaml"},{"variable":"NEXT_PUBLIC_FIREBASE_PROJECT_ID","value":"hire-hub-fe6c4","availability":["BUILD","RUNTIME"],"origin":"APPHOSTING_YAML","originFileName":"apphosting.yaml"},{"variable":"NEXT_PUBLIC_FIREBASE_STORAGE_BUCKET","value":"hire-hub-fe6c4.firebasestorage.app","availability":["BUILD","RUNTIME"],"origin":"APPHOSTING_YAML","originFileName":"apphosting.yaml"},{"variable":"NEXT_PUBLIC_FIREBASE_MESSAGING_SENDER_ID","value":"29257648718","availability":["BUILD","RUNTIME"],"origin":"APPHOSTING_YAML","originFileName":"apphosting.yaml"},{"variable":"NEXT_PUBLIC_FIREBASE_APP_ID","value":"1:29257648718:web:d94f398576623fbdb8111f","availability":["BUILD","RUNTIME"],"origin":"APPHOSTING_YAML","originFileName":"apphosting.yaml"},{"variable":"NEXT_PUBLIC_FIREBASE_MEASUREMENT_ID","value":"G-5YF7DTLCNM","availability":["BUILD","RUNTIME"],"origin":"APPHOSTING_YAML","originFileName":"apphosting.yaml"},{"variable":"FIREBASE_CONFIG","value":"{\"databaseURL\":\"https://hire-hub-fe6c4-default-rtdb.firebaseio.com\",\"projectId\":\"hire-hub-fe6c4\",\"storageBucket\":\"hire-hub-fe6c4.firebasestorage.app\"}","availability":["BUILD","RUNTIME"],"origin":"FIREBASE_SYSTEM"},{"variable":"FIREBASE_WEBAPP_CONFIG","value":"{\"apiKey\":\"AIzaSyBL55dWOh2eIBDooZ0EwzXegyAMEiWMuNE\",\"appId\":\"1:29257648718:web:d1219405f2aff549b8111f\",\"authDomain\":\"hire-hub-fe6c4.firebaseapp.com\",\"databaseURL\":\"https://hire-hub-fe6c4-default-rtdb.firebaseio.com\",\"messagingSenderId\":\"29257648718\",\"projectId\":\"hire-hub-fe6c4\",\"storageBucket\":\"hire-hub-fe6c4.firebasestorage.app\"}","availability":["BUILD"],"origin":"FIREBASE_SYSTEM"}]},"source":{"archive":{"rootDirectory":"/","userStorageUri":"gs://firebaseapphosting-sources-29257648718-us-central1/hirehub--2832-3gDcDhtLvyVr-.zip"}},"buildLogsUri":"https://console.cloud.google.com/cloud-build/builds;region=us-central1/7d98c600-1cca-4fac-b5b1-a30f426886ac?project=29257648718","createTime":"2026-04-01T12:59:55.336586862Z","updateTime":"2026-05-11T17:38:40.254847Z","labels":{"deployment-tool":"cli-firebase"},"uid":"5c30b2c0-2f6e-470f-8a7c-50f4fbebb173","etag":"uVzw9BKRHdtzfNXAPZT6AyVx_LCP8RE38FqX7OWMPHg","reconciling":false},{"name":"projects/hire-hub-fe6c4/locations/us-central1/backends/hirehub/builds/build-2026-04-01-001","state":"EXPIRED","image":"us-central1-docker.pkg.dev/hire-hub-fe6c4/firebaseapphosting-images/hirehub:build-2026-04-01-001","config":{"runConfig":{},"env":[{"variable":"NEXT_PUBLIC_FIREBASE_API_KEY","value":"AIzaSyBL55dWOh2eIBDooZ0EwzXegyAMEiWMuNE","availability":["BUILD","RUNTIME"]},{"variable":"NEXT_PUBLIC_FIREBASE_AUTH_DOMAIN","value":"hire-hub-fe6c4.firebaseapp.com","availability":["BUILD","RUNTIME"]},{"variable":"NEXT_PUBLIC_FIREBASE_DATABASE_URL","value":"https://hire-hub-fe6c4-default-rtdb.firebaseio.com","availability":["BUILD","RUNTIME"]},{"variable":"NEXT_PUBLIC_FIREBASE_PROJECT_ID","value":"hire-hub-fe6c4","availability":["BUILD","RUNTIME"]},{"variable":"NEXT_PUBLIC_FIREBASE_STORAGE_BUCKET","value":"hire-hub-fe6c4.firebasestorage.app","availability":["BUILD","RUNTIME"]},{"variable":"NEXT_PUBLIC_FIREBASE_MESSAGING_SENDER_ID","value":"29257648718","availability":["BUILD","RUNTIME"]},{"variable":"NEXT_PUBLIC_FIREBASE_APP_ID","value":"1:29257648718:web:d94f398576623fbdb8111f","availability":["BUILD","RUNTIME"]},{"variable":"NEXT_PUBLIC_FIREBASE_MEASUREMENT_ID","value":"G-5YF7DTLCNM","availability":["BUILD","RUNTIME"]},{"variable":"FIREBASE_CONFIG","value":"{\"databaseURL\":\"https://hire-hub-fe6c4-default-rtdb.firebaseio.com\",\"projectId\":\"hire-hub-fe6c4\",\"storageBucket\":\"hire-hub-fe6c4.firebasestorage.app\"}","availability":["BUILD","RUNTIME"]},{"variable":"FIREBASE_WEBAPP_CONFIG","value":"{\"apiKey\":\"AIzaSyBL55dWOh2eIBDooZ0EwzXegyAMEiWMuNE\",\"appId\":\"1:29257648718:web:d1219405f2aff549b8111f\",\"authDomain\":\"hire-hub-fe6c4.firebaseapp.com\",\"databaseURL\":\"https://hire-hub-fe6c4-default-rtdb.firebaseio.com\",\"messagingSenderId\":\"29257648718\",\"projectId\":\"hire-hub-fe6c4\",\"storageBucket\":\"hire-hub-fe6c4.firebasestorage.app\"}","availability":["BUILD"]}],"effectiveEnv":[{"variable":"NEXT_PUBLIC_FIREBASE_API_KEY","value":"AIzaSyBL55dWOh2eIBDooZ0EwzXegyAMEiWMuNE","availability":["BUILD","RUNTIME"],"origin":"APPHOSTING_YAML","originFileName":"apphosting.yaml"},{"variable":"NEXT_PUBLIC_FIREBASE_AUTH_DOMAIN","value":"hire-hub-fe6c4.firebaseapp.com","availability":["BUILD","RUNTIME"],"origin":"APPHOSTING_YAML","originFileName":"apphosting.yaml"},{"variable":"NEXT_PUBLIC_FIREBASE_DATABASE_URL","value":"https://hire-hub-fe6c4-default-rtdb.firebaseio.com","availability":["BUILD","RUNTIME"],"origin":"APPHOSTING_YAML","originFileName":"apphosting.yaml"},{"variable":"NEXT_PUBLIC_FIREBASE_PROJECT_ID","value":"hire-hub-fe6c4","availability":["BUILD","RUNTIME"],"origin":"APPHOSTING_YAML","originFileName":"apphosting.yaml"},{"variable":"NEXT_PUBLIC_FIREBASE_STORAGE_BUCKET","value":"hire-hub-fe6c4.firebasestorage.app","availability":["BUILD","RUNTIME"],"origin":"APPHOSTING_YAML","originFileName":"apphosting.yaml"},{"variable":"NEXT_PUBLIC_FIREBASE_MESSAGING_SENDER_ID","value":"29257648718","availability":["BUILD","RUNTIME"],"origin":"APPHOSTING_YAML","originFileName":"apphosting.yaml"},{"variable":"NEXT_PUBLIC_FIREBASE_APP_ID","value":"1:29257648718:web:d94f398576623fbdb8111f","availability":["BUILD","RUNTIME"],"origin":"APPHOSTING_YAML","originFileName":"apphosting.yaml"},{"variable":"NEXT_PUBLIC_FIREBASE_MEASUREMENT_ID","value":"G-5YF7DTLCNM","availability":["BUILD","RUNTIME"],"origin":"APPHOSTING_YAML","originFileName":"apphosting.yaml"},{"variable":"FIREBASE_CONFIG","value":"{\"databaseURL\":\"https://hire-hub-fe6c4-default-rtdb.firebaseio.com\",\"projectId\":\"hire-hub-fe6c4\",\"storageBucket\":\"hire-hub-fe6c4.firebasestorage.app\"}","availability":["BUILD","RUNTIME"],"origin":"FIREBASE_SYSTEM"},{"variable":"FIREBASE_WEBAPP_CONFIG","value":"{\"apiKey\":\"AIzaSyBL55dWOh2eIBDooZ0EwzXegyAMEiWMuNE\",\"appId\":\"1:29257648718:web:d1219405f2aff549b8111f\",\"authDomain\":\"hire-hub-fe6c4.firebaseapp.com\",\"databaseURL\":\"https://hire-hub-fe6c4-default-rtdb.firebaseio.com\",\"messagingSenderId\":\"29257648718\",\"projectId\":\"hire-hub-fe6c4\",\"storageBucket\":\"hire-hub-fe6c4.firebasestorage.app\"}","availability":["BUILD"],"origin":"FIREBASE_SYSTEM"}]},"source":{"archive":{"rootDirectory":"/","userStorageUri":"gs://firebaseapphosting-sources-29257648718-us-central1/hirehub--12652-Fbt6cn1L7MWv-.zip"}},"buildLogsUri":"https://console.cloud.google.com/cloud-build/builds;region=us-central1/917421df-e398-4f09-8398-53c336cb34be?project=29257648718","createTime":"2026-04-01T10:58:00.634648577Z","updateTime":"2026-05-11T17:38:40.254847Z","labels":{"deployment-tool":"cli-firebase"},"uid":"ade9d752-ab07-4a32-92fc-0ad4f34ce8f2","etag":"9cAig_XIMxQiEW7HBWK8lnJu-LhVqzbnAFz7zrdZ50c","reconciling":false},{"name":"projects/hire-hub-fe6c4/locations/us-central1/backends/hirehub/builds/build-2026-05-04-001","state":"READY","image":"us-central1-docker.pkg.dev/hire-hub-fe6c4/firebaseapphosting-images/hirehub:build-2026-05-04-001","config":{"runConfig":{},"env":[{"variable":"NEXT_PUBLIC_FIREBASE_API_KEY","value":"AIzaSyBL55dWOh2eIBDooZ0EwzXegyAMEiWMuNE","availability":["BUILD","RUNTIME"]},{"variable":"NEXT_PUBLIC_FIREBASE_AUTH_DOMAIN","value":"hire-hub-fe6c4.firebaseapp.com","availability":["BUILD","RUNTIME"]},{"variable":"NEXT_PUBLIC_FIREBASE_DATABASE_URL","value":"https://hire-hub-fe6c4-default-rtdb.firebaseio.com","availability":["BUILD","RUNTIME"]},{"variable":"NEXT_PUBLIC_FIREBASE_PROJECT_ID","value":"hire-hub-fe6c4","availability":["BUILD","RUNTIME"]},{"variable":"NEXT_PUBLIC_FIREBASE_STORAGE_BUCKET","value":"hire-hub-fe6c4.firebasestorage.app","availability":["BUILD","RUNTIME"]},{"variable":"NEXT_PUBLIC_FIREBASE_MESSAGING_SENDER_ID","value":"29257648718","availability":["BUILD","RUNTIME"]},{"variable":"NEXT_PUBLIC_FIREBASE_APP_ID","value":"1:29257648718:web:e57961f6d9dc39fab8111f","availability":["BUILD","RUNTIME"]},{"variable":"NEXT_PUBLIC_FIREBASE_MEASUREMENT_ID","value":"G-PNFDV2Z6DG","availability":["BUILD","RUNTIME"]},{"variable":"FIREBASE_CONFIG","value":"{\"databaseURL\":\"https://hire-hub-fe6c4-default-rtdb.firebaseio.com\",\"projectId\":\"hire-hub-fe6c4\",\"storageBucket\":\"hire-hub-fe6c4.firebasestorage.app\"}","availability":["BUILD","RUNTIME"]},{"variable":"FIREBASE_WEBAPP_CONFIG","value":"{\"apiKey\":\"AIzaSyBL55dWOh2eIBDooZ0EwzXegyAMEiWMuNE\",\"appId\":\"1:29257648718:web:d1219405f2aff549b8111f\",\"authDomain\":\"hire-hub-fe6c4.firebaseapp.com\",\"databaseURL\":\"https://hire-hub-fe6c4-default-rtdb.firebaseio.com\",\"messagingSenderId\":\"29257648718\",\"projectId\":\"hire-hub-fe6c4\",\"storageBucket\":\"hire-hub-fe6c4.firebasestorage.app\"}","availability":["BUILD"]}],"effectiveEnv":[{"variable":"NEXT_PUBLIC_FIREBASE_API_KEY","value":"AIzaSyBL55dWOh2eIBDooZ0EwzXegyAMEiWMuNE","availability":["BUILD","RUNTIME"],"origin":"APPHOSTING_YAML","originFileName":"apphosting.yaml"},{"variable":"NEXT_PUBLIC_FIREBASE_AUTH_DOMAIN","value":"hire-hub-fe6c4.firebaseapp.com","availability":["BUILD","RUNTIME"],"origin":"APPHOSTING_YAML","originFileName":"apphosting.yaml"},{"variable":"NEXT_PUBLIC_FIREBASE_DATABASE_URL","value":"https://hire-hub-fe6c4-default-rtdb.firebaseio.com","availability":["BUILD","RUNTIME"],"origin":"APPHOSTING_YAML","originFileName":"apphosting.yaml"},{"variable":"NEXT_PUBLIC_FIREBASE_PROJECT_ID","value":"hire-hub-fe6c4","availability":["BUILD","RUNTIME"],"origin":"APPHOSTING_YAML","originFileName":"apphosting.yaml"},{"variable":"NEXT_PUBLIC_FIREBASE_STORAGE_BUCKET","value":"hire-hub-fe6c4.firebasestorage.app","availability":["BUILD","RUNTIME"],"origin":"APPHOSTING_YAML","originFileName":"apphosting.yaml"},{"variable":"NEXT_PUBLIC_FIREBASE_MESSAGING_SENDER_ID","value":"29257648718","availability":["BUILD","RUNTIME"],"origin":"APPHOSTING_YAML","originFileName":"apphosting.yaml"},{"variable":"NEXT_PUBLIC_FIREBASE_APP_ID","value":"1:29257648718:web:e57961f6d9dc39fab8111f","availability":["BUILD","RUNTIME"],"origin":"APPHOSTING_YAML","originFileName":"apphosting.yaml"},{"variable":"NEXT_PUBLIC_FIREBASE_MEASUREMENT_ID","value":"G-PNFDV2Z6DG","availability":["BUILD","RUNTIME"],"origin":"APPHOSTING_YAML","originFileName":"apphosting.yaml"},{"variable":"FIREBASE_CONFIG","value":"{\"databaseURL\":\"https://hire-hub-fe6c4-default-rtdb.firebaseio.com\",\"projectId\":\"hire-hub-fe6c4\",\"storageBucket\":\"hire-hub-fe6c4.firebasestorage.app\"}","availability":["BUILD","RUNTIME"],"origin":"FIREBASE_SYSTEM"},{"variable":"FIREBASE_WEBAPP_CONFIG","value":"{\"apiKey\":\"AIzaSyBL55dWOh2eIBDooZ0EwzXegyAMEiWMuNE\",\"appId\":\"1:29257648718:web:d1219405f2aff549b8111f\",\"authDomain\":\"hire-hub-fe6c4.firebaseapp.com\",\"databaseURL\":\"https://hire-hub-fe6c4-default-rtdb.firebaseio.com\",\"messagingSenderId\":\"29257648718\",\"projectId\":\"hire-hub-fe6c4\",\"storageBucket\":\"hire-hub-fe6c4.firebasestorage.app\"}","availability":["BUILD"],"origin":"FIREBASE_SYSTEM"}]},"source":{"archive":{"rootDirectory":"/","userStorageUri":"gs://firebaseapphosting-sources-29257648718-us-central1/hirehub--84266-uVgLuvmz25kS-.zip"}},"buildLogsUri":"https://console.cloud.google.com/cloud-build/builds;region=us-central1/cb672c63-fb37-4039-b288-a11a8cbaae69?project=29257648718","createTime":"2026-05-04T09:52:06.868878659Z","updateTime":"2026-05-04T09:55:08.929199Z","labels":{"deployment-tool":"cli-firebase"},"uid":"223ba563-928e-4698-97ed-ef7927081f29","etag":"oxX7RXwprOkSEwkqHRhaXOSMP9RgkbDokMgy4RUG-bc","reconciling":false},{"name":"projects/hire-hub-fe6c4/locations/us-central1/backends/hirehub/builds/build-2026-05-04-002","state":"READY","image":"us-central1-docker.pkg.dev/hire-hub-fe6c4/firebaseapphosting-images/hirehub:build-2026-05-04-002","config":{"runConfig":{},"env":[{"variable":"NEXT_PUBLIC_FIREBASE_API_KEY","value":"AIzaSyBL55dWOh2eIBDooZ0EwzXegyAMEiWMuNE","availability":["BUILD","RUNTIME"]},{"variable":"NEXT_PUBLIC_FIREBASE_AUTH_DOMAIN","value":"hire-hub-fe6c4.firebaseapp.com","availability":["BUILD","RUNTIME"]},{"variable":"NEXT_PUBLIC_FIREBASE_DATABASE_URL","value":"https://hire-hub-fe6c4-default-rtdb.firebaseio.com","availability":["BUILD","RUNTIME"]},{"variable":"NEXT_PUBLIC_FIREBASE_PROJECT_ID","value":"hire-hub-fe6c4","availability":["BUILD","RUNTIME"]},{"variable":"NEXT_PUBLIC_FIREBASE_STORAGE_BUCKET","value":"hire-hub-fe6c4.firebasestorage.app","availability":["BUILD","RUNTIME"]},{"variable":"NEXT_PUBLIC_FIREBASE_MESSAGING_SENDER_ID","value":"29257648718","availability":["BUILD","RUNTIME"]},{"variable":"NEXT_PUBLIC_FIREBASE_APP_ID","value":"1:29257648718:web:e57961f6d9dc39fab8111f","availability":["BUILD","RUNTIME"]},{"variable":"NEXT_PUBLIC_FIREBASE_MEASUREMENT_ID","value":"G-PNFDV2Z6DG","availability":["BUILD","RUNTIME"]},{"variable":"FIREBASE_CONFIG","value":"{\"databaseURL\":\"https://hire-hub-fe6c4-default-rtdb.firebaseio.com\",\"projectId\":\"hire-hub-fe6c4\",\"storageBucket\":\"hire-hub-fe6c4.firebasestorage.app\"}","availability":["BUILD","RUNTIME"]},{"variable":"FIREBASE_WEBAPP_CONFIG","value":"{\"apiKey\":\"AIzaSyBL55dWOh2eIBDooZ0EwzXegyAMEiWMuNE\",\"appId\":\"1:29257648718:web:d1219405f2aff549b8111f\",\"authDomain\":\"hire-hub-fe6c4.firebaseapp.com\",\"databaseURL\":\"https://hire-hub-fe6c4-default-rtdb.firebaseio.com\",\"messagingSenderId\":\"29257648718\",\"projectId\":\"hire-hub-fe6c4\",\"storageBucket\":\"hire-hub-fe6c4.firebasestorage.app\"}","availability":["BUILD"]}],"effectiveEnv":[{"variable":"NEXT_PUBLIC_FIREBASE_API_KEY","value":"AIzaSyBL55dWOh2eIBDooZ0EwzXegyAMEiWMuNE","availability":["BUILD","RUNTIME"],"origin":"APPHOSTING_YAML","originFileName":"apphosting.yaml"},{"variable":"NEXT_PUBLIC_FIREBASE_AUTH_DOMAIN","value":"hire-hub-fe6c4.firebaseapp.com","availability":["BUILD","RUNTIME"],"origin":"APPHOSTING_YAML","originFileName":"apphosting.yaml"},{"variable":"NEXT_PUBLIC_FIREBASE_DATABASE_URL","value":"https://hire-hub-fe6c4-default-rtdb.firebaseio.com","availability":["BUILD","RUNTIME"],"origin":"APPHOSTING_YAML","originFileName":"apphosting.yaml"},{"variable":"NEXT_PUBLIC_FIREBASE_PROJECT_ID","value":"hire-hub-fe6c4","availability":["BUILD","RUNTIME"],"origin":"APPHOSTING_YAML","originFileName":"apphosting.yaml"},{"variable":"NEXT_PUBLIC_FIREBASE_STORAGE_BUCKET","value":"hire-hub-fe6c4.firebasestorage.app","availability":["BUILD","RUNTIME"],"origin":"APPHOSTING_YAML","originFileName":"apphosting.yaml"},{"variable":"NEXT_PUBLIC_FIREBASE_MESSAGING_SENDER_ID","value":"29257648718","availability":["BUILD","RUNTIME"],"origin":"APPHOSTING_YAML","originFileName":"apphosting.yaml"},{"variable":"NEXT_PUBLIC_FIREBASE_APP_ID","value":"1:29257648718:web:e57961f6d9dc39fab8111f","availability":["BUILD","RUNTIME"],"origin":"APPHOSTING_YAML","originFileName":"apphosting.yaml"},{"variable":"NEXT_PUBLIC_FIREBASE_MEASUREMENT_ID","value":"G-PNFDV2Z6DG","availability":["BUILD","RUNTIME"],"origin":"APPHOSTING_YAML","originFileName":"apphosting.yaml"},{"variable":"FIREBASE_CONFIG","value":"{\"databaseURL\":\"https://hire-hub-fe6c4-default-rtdb.firebaseio.com\",\"projectId\":\"hire-hub-fe6c4\",\"storageBucket\":\"hire-hub-fe6c4.firebasestorage.app\"}","availability":["BUILD","RUNTIME"],"origin":"FIREBASE_SYSTEM"},{"variable":"FIREBASE_WEBAPP_CONFIG","value":"{\"apiKey\":\"AIzaSyBL55dWOh2eIBDooZ0EwzXegyAMEiWMuNE\",\"appId\":\"1:29257648718:web:d1219405f2aff549b8111f\",\"authDomain\":\"hire-hub-fe6c4.firebaseapp.com\",\"databaseURL\":\"https://hire-hub-fe6c4-default-rtdb.firebaseio.com\",\"messagingSenderId\":\"29257648718\",\"projectId\":\"hire-hub-fe6c4\",\"storageBucket\":\"hire-hub-fe6c4.firebasestorage.app\"}","availability":["BUILD"],"origin":"FIREBASE_SYSTEM"}]},"source":{"archive":{"rootDirectory":"/","userStorageUri":"gs://firebaseapphosting-sources-29257648718-us-central1/hirehub--19336-y2LAl36GbXAo-.zip"}},"buildLogsUri":"https://console.cloud.google.com/cloud-build/builds;region=us-central1/fc9bb0a2-95e0-4060-8e4d-99ead44bb2ea?project=29257648718","createTime":"2026-05-04T19:13:34.891017821Z","updateTime":"2026-05-04T19:17:07.449598Z","labels":{"deployment-tool":"cli-firebase"},"uid":"50971cc0-4d6e-4a51-9769-fa8537a4e804","etag":"ROQCwEoNUuE96IqOrXV2L8UGdQOFHQnDnEgfaKq3B7o","reconciling":false},{"name":"projects/hire-hub-fe6c4/locations/us-central1/backends/hirehub/builds/build-2026-04-28-001","state":"READY","image":"us-central1-docker.pkg.dev/hire-hub-fe6c4/firebaseapphosting-images/hirehub:build-2026-04-28-001","config":{"runConfig":{},"env":[{"variable":"NEXT_PUBLIC_FIREBASE_API_KEY","value":"AIzaSyBL55dWOh2eIBDooZ0EwzXegyAMEiWMuNE","availability":["BUILD","RUNTIME"]},{"variable":"NEXT_PUBLIC_FIREBASE_AUTH_DOMAIN","value":"hire-hub-fe6c4.firebaseapp.com","availability":["BUILD","RUNTIME"]},{"variable":"NEXT_PUBLIC_FIREBASE_DATABASE_URL","value":"https://hire-hub-fe6c4-default-rtdb.firebaseio.com","availability":["BUILD","RUNTIME"]},{"variable":"NEXT_PUBLIC_FIREBASE_PROJECT_ID","value":"hire-hub-fe6c4","availability":["BUILD","RUNTIME"]},{"variable":"NEXT_PUBLIC_FIREBASE_STORAGE_BUCKET","value":"hire-hub-fe6c4.firebasestorage.app","availability":["BUILD","RUNTIME"]},{"variable":"NEXT_PUBLIC_FIREBASE_MESSAGING_SENDER_ID","value":"29257648718","availability":["BUILD","RUNTIME"]},{"variable":"NEXT_PUBLIC_FIREBASE_APP_ID","value":"1:29257648718:web:e57961f6d9dc39fab8111f","availability":["BUILD","RUNTIME"]},{"variable":"NEXT_PUBLIC_FIREBASE_MEASUREMENT_ID","value":"G-PNFDV2Z6DG","availability":["BUILD","RUNTIME"]},{"variable":"FIREBASE_CONFIG","value":"{\"databaseURL\":\"https://hire-hub-fe6c4-default-rtdb.firebaseio.com\",\"projectId\":\"hire-hub-fe6c4\",\"storageBucket\":\"hire-hub-fe6c4.firebasestorage.app\"}","availability":["BUILD","RUNTIME"]},{"variable":"FIREBASE_WEBAPP_CONFIG","value":"{\"apiKey\":\"AIzaSyBL55dWOh2eIBDooZ0EwzXegyAMEiWMuNE\",\"appId\":\"1:29257648718:web:d1219405f2aff549b8111f\",\"authDomain\":\"hire-hub-fe6c4.firebaseapp.com\",\"databaseURL\":\"https://hire-hub-fe6c4-default-rtdb.firebaseio.com\",\"messagingSenderId\":\"29257648718\",\"projectId\":\"hire-hub-fe6c4\",\"storageBucket\":\"hire-hub-fe6c4.firebasestorage.app\"}","availability":["BUILD"]}],"effectiveEnv":[{"variable":"NEXT_PUBLIC_FIREBASE_API_KEY","value":"AIzaSyBL55dWOh2eIBDooZ0EwzXegyAMEiWMuNE","availability":["BUILD","RUNTIME"],"origin":"APPHOSTING_YAML","originFileName":"apphosting.yaml"},{"variable":"NEXT_PUBLIC_FIREBASE_AUTH_DOMAIN","value":"hire-hub-fe6c4.firebaseapp.com","availability":["BUILD","RUNTIME"],"origin":"APPHOSTING_YAML","originFileName":"apphosting.yaml"},{"variable":"NEXT_PUBLIC_FIREBASE_DATABASE_URL","value":"https://hire-hub-fe6c4-default-rtdb.firebaseio.com","availability":["BUILD","RUNTIME"],"origin":"APPHOSTING_YAML","originFileName":"apphosting.yaml"},{"variable":"NEXT_PUBLIC_FIREBASE_PROJECT_ID","value":"hire-hub-fe6c4","availability":["BUILD","RUNTIME"],"origin":"APPHOSTING_YAML","originFileName":"apphosting.yaml"},{"variable":"NEXT_PUBLIC_FIREBASE_STORAGE_BUCKET","value":"hire-hub-fe6c4.firebasestorage.app","availability":["BUILD","RUNTIME"],"origin":"APPHOSTING_YAML","originFileName":"apphosting.yaml"},{"variable":"NEXT_PUBLIC_FIREBASE_MESSAGING_SENDER_ID","value":"29257648718","availability":["BUILD","RUNTIME"],"origin":"APPHOSTING_YAML","originFileName":"apphosting.yaml"},{"variable":"NEXT_PUBLIC_FIREBASE_APP_ID","value":"1:29257648718:web:e57961f6d9dc39fab8111f","availability":["BUILD","RUNTIME"],"origin":"APPHOSTING_YAML","originFileName":"apphosting.yaml"},{"variable":"NEXT_PUBLIC_FIREBASE_MEASUREMENT_ID","value":"G-PNFDV2Z6DG","availability":["BUILD","RUNTIME"],"origin":"APPHOSTING_YAML","originFileName":"apphosting.yaml"},{"variable":"FIREBASE_CONFIG","value":"{\"databaseURL\":\"https://hire-hub-fe6c4-default-rtdb.firebaseio.com\",\"projectId\":\"hire-hub-fe6c4\",\"storageBucket\":\"hire-hub-fe6c4.firebasestorage.app\"}","availability":["BUILD","RUNTIME"],"origin":"FIREBASE_SYSTEM"},{"variable":"FIREBASE_WEBAPP_CONFIG","value":"{\"apiKey\":\"AIzaSyBL55dWOh2eIBDooZ0EwzXegyAMEiWMuNE\",\"appId\":\"1:29257648718:web:d1219405f2aff549b8111f\",\"authDomain\":\"hire-hub-fe6c4.firebaseapp.com\",\"databaseURL\":\"https://hire-hub-fe6c4-default-rtdb.firebaseio.com\",\"messagingSenderId\":\"29257648718\",\"projectId\":\"hire-hub-fe6c4\",\"storageBucket\":\"hire-hub-fe6c4.firebasestorage.app\"}","availability":["BUILD"],"origin":"FIREBASE_SYSTEM"}]},"source":{"archive":{"rootDirectory":"/","userStorageUri":"gs://firebaseapphosting-sources-29257648718-us-central1/hirehub--57144-LJM6IQF4HRXt-.zip"}},"buildLogsUri":"https://console.cloud.google.com/cloud-build/builds;region=us-central1/c0143d4b-8f5e-4c12-94c6-b90d63fa22cc?project=29257648718","createTime":"2026-04-28T16:02:46.354440613Z","updateTime":"2026-04-28T16:04:57.955044Z","labels":{"deployment-tool":"cli-firebase"},"uid":"89bc7723-7144-414f-bff4-128d4a621ca6","etag":"9_37veO6ttJKDgQldazpEJ-SFOFPef3sVvHvX9JPli4","reconciling":false},{"name":"projects/hire-hub-fe6c4/locations/us-central1/backends/hirehub/builds/build-2026-05-18-003","state":"READY","image":"us-central1-docker.pkg.dev/hire-hub-fe6c4/firebaseapphosting-images/hirehub:build-2026-05-18-003","config":{"runConfig":{},"env":[{"variable":"NEXT_PUBLIC_FIREBASE_API_KEY","value":"AIzaSyBL55dWOh2eIBDooZ0EwzXegyAMEiWMuNE","availability":["BUILD","RUNTIME"]},{"variable":"NEXT_PUBLIC_FIREBASE_AUTH_DOMAIN","value":"hire-hub-fe6c4.firebaseapp.com","availability":["BUILD","RUNTIME"]},{"variable":"NEXT_PUBLIC_FIREBASE_DATABASE_URL","value":"https://hire-hub-fe6c4-default-rtdb.firebaseio.com","availability":["BUILD","RUNTIME"]},{"variable":"NEXT_PUBLIC_FIREBASE_PROJECT_ID","value":"hire-hub-fe6c4","availability":["BUILD","RUNTIME"]},{"variable":"NEXT_PUBLIC_FIREBASE_STORAGE_BUCKET","value":"hire-hub-fe6c4.firebasestorage.app","availability":["BUILD","RUNTIME"]},{"variable":"NEXT_PUBLIC_FIREBASE_MESSAGING_SENDER_ID","value":"29257648718","availability":["BUILD","RUNTIME"]},{"variable":"NEXT_PUBLIC_FIREBASE_APP_ID","value":"1:29257648718:web:e57961f6d9dc39fab8111f","availability":["BUILD","RUNTIME"]},{"variable":"NEXT_PUBLIC_FIREBASE_MEASUREMENT_ID","value":"G-PNFDV2Z6DG","availability":["BUILD","RUNTIME"]},{"variable":"FIREBASE_CONFIG","value":"{\"databaseURL\":\"https://hire-hub-fe6c4-default-rtdb.firebaseio.com\",\"projectId\":\"hire-hub-fe6c4\",\"storageBucket\":\"hire-hub-fe6c4.firebasestorage.app\"}","availability":["BUILD","RUNTIME"]},{"variable":"FIREBASE_WEBAPP_CONFIG","value":"{\"apiKey\":\"AIzaSyBL55dWOh2eIBDooZ0EwzXegyAMEiWMuNE\",\"appId\":\"1:29257648718:web:d1219405f2aff549b8111f\",\"authDomain\":\"hire-hub-fe6c4.firebaseapp.com\",\"databaseURL\":\"https://hire-hub-fe6c4-default-rtdb.firebaseio.com\",\"messagingSenderId\":\"29257648718\",\"projectId\":\"hire-hub-fe6c4\",\"storageBucket\":\"hire-hub-fe6c4.firebasestorage.app\"}","availability":["BUILD"]}],"effectiveEnv":[{"variable":"NEXT_PUBLIC_FIREBASE_API_KEY","value":"AIzaSyBL55dWOh2eIBDooZ0EwzXegyAMEiWMuNE","availability":["BUILD","RUNTIME"],"origin":"APPHOSTING_YAML","originFileName":"apphosting.yaml"},{"variable":"NEXT_PUBLIC_FIREBASE_AUTH_DOMAIN","value":"hire-hub-fe6c4.firebaseapp.com","availability":["BUILD","RUNTIME"],"origin":"APPHOSTING_YAML","originFileName":"apphosting.yaml"},{"variable":"NEXT_PUBLIC_FIREBASE_DATABASE_URL","value":"https://hire-hub-fe6c4-default-rtdb.firebaseio.com","availability":["BUILD","RUNTIME"],"origin":"APPHOSTING_YAML","originFileName":"apphosting.yaml"},{"variable":"NEXT_PUBLIC_FIREBASE_PROJECT_ID","value":"hire-hub-fe6c4","availability":["BUILD","RUNTIME"],"origin":"APPHOSTING_YAML","originFileName":"apphosting.yaml"},{"variable":"NEXT_PUBLIC_FIREBASE_STORAGE_BUCKET","value":"hire-hub-fe6c4.firebasestorage.app","availability":["BUILD","RUNTIME"],"origin":"APPHOSTING_YAML","originFileName":"apphosting.yaml"},{"variable":"NEXT_PUBLIC_FIREBASE_MESSAGING_SENDER_ID","value":"29257648718","availability":["BUILD","RUNTIME"],"origin":"APPHOSTING_YAML","originFileName":"apphosting.yaml"},{"variable":"NEXT_PUBLIC_FIREBASE_APP_ID","value":"1:29257648718:web:e57961f6d9dc39fab8111f","availability":["BUILD","RUNTIME"],"origin":"APPHOSTING_YAML","originFileName":"apphosting.yaml"},{"variable":"NEXT_PUBLIC_FIREBASE_MEASUREMENT_ID","value":"G-PNFDV2Z6DG","availability":["BUILD","RUNTIME"],"origin":"APPHOSTING_YAML","originFileName":"apphosting.yaml"},{"variable":"FIREBASE_CONFIG","value":"{\"databaseURL\":\"https://hire-hub-fe6c4-default-rtdb.firebaseio.com\",\"projectId\":\"hire-hub-fe6c4\",\"storageBucket\":\"hire-hub-fe6c4.firebasestorage.app\"}","availability":["BUILD","RUNTIME"],"origin":"FIREBASE_SYSTEM"},{"variable":"FIREBASE_WEBAPP_CONFIG","value":"{\"apiKey\":\"AIzaSyBL55dWOh2eIBDooZ0EwzXegyAMEiWMuNE\",\"appId\":\"1:29257648718:web:d1219405f2aff549b8111f\",\"authDomain\":\"hire-hub-fe6c4.firebaseapp.com\",\"databaseURL\":\"https://hire-hub-fe6c4-default-rtdb.firebaseio.com\",\"messagingSenderId\":\"29257648718\",\"projectId\":\"hire-hub-fe6c4\",\"storageBucket\":\"hire-hub-fe6c4.firebasestorage.app\"}","availability":["BUILD"],"origin":"FIREBASE_SYSTEM"}]},"source":{"archive":{"rootDirectory":"/","userStorageUri":"gs://firebaseapphosting-sources-29257648718-us-central1/hirehub--78779-K1NyGwJNDOkZ-.zip"}},"buildLogsUri":"https://console.cloud.google.com/cloud-build/builds;region=us-central1/9b562101-bcb4-4a53-afa4-94d5840da0d8?project=29257648718","createTime":"2026-05-18T17:13:35.754425514Z","updateTime":"2026-05-18T17:15:57.500438Z","labels":{"deployment-tool":"cli-firebase"},"uid":"05a3030e-c6ec-40e1-b3a4-2752ea49d078","etag":"POkiF3p5gYP6EycNcsef4tD0R2hn5V4H6ct52o7HzN8","reconciling":false},{"name":"projects/hire-hub-fe6c4/locations/us-central1/backends/hirehub/builds/build-2026-05-18-002","state":"READY","image":"us-central1-docker.pkg.dev/hire-hub-fe6c4/firebaseapphosting-images/hirehub:build-2026-05-18-002","config":{"runConfig":{},"env":[{"variable":"NEXT_PUBLIC_FIREBASE_API_KEY","value":"AIzaSyBL55dWOh2eIBDooZ0EwzXegyAMEiWMuNE","availability":["BUILD","RUNTIME"]},{"variable":"NEXT_PUBLIC_FIREBASE_AUTH_DOMAIN","value":"hire-hub-fe6c4.firebaseapp.com","availability":["BUILD","RUNTIME"]},{"variable":"NEXT_PUBLIC_FIREBASE_DATABASE_URL","value":"https://hire-hub-fe6c4-default-rtdb.firebaseio.com","availability":["BUILD","RUNTIME"]},{"variable":"NEXT_PUBLIC_FIREBASE_PROJECT_ID","value":"hire-hub-fe6c4","availability":["BUILD","RUNTIME"]},{"variable":"NEXT_PUBLIC_FIREBASE_STORAGE_BUCKET","value":"hire-hub-fe6c4.firebasestorage.app","availability":["BUILD","RUNTIME"]},{"variable":"NEXT_PUBLIC_FIREBASE_MESSAGING_SENDER_ID","value":"29257648718","availability":["BUILD","RUNTIME"]},{"variable":"NEXT_PUBLIC_FIREBASE_APP_ID","value":"1:29257648718:web:e57961f6d9dc39fab8111f","availability":["BUILD","RUNTIME"]},{"variable":"NEXT_PUBLIC_FIREBASE_MEASUREMENT_ID","value":"G-PNFDV2Z6DG","availability":["BUILD","RUNTIME"]},{"variable":"FIREBASE_CONFIG","value":"{\"databaseURL\":\"https://hire-hub-fe6c4-default-rtdb.firebaseio.com\",\"projectId\":\"hire-hub-fe6c4\",\"storageBucket\":\"hire-hub-fe6c4.firebasestorage.app\"}","availability":["BUILD","RUNTIME"]},{"variable":"FIREBASE_WEBAPP_CONFIG","value":"{\"apiKey\":\"AIzaSyBL55dWOh2eIBDooZ0EwzXegyAMEiWMuNE\",\"appId\":\"1:29257648718:web:d1219405f2aff549b8111f\",\"authDomain\":\"hire-hub-fe6c4.firebaseapp.com\",\"databaseURL\":\"https://hire-hub-fe6c4-default-rtdb.firebaseio.com\",\"messagingSenderId\":\"29257648718\",\"projectId\":\"hire-hub-fe6c4\",\"storageBucket\":\"hire-hub-fe6c4.firebasestorage.app\"}","availability":["BUILD"]}],"effectiveEnv":[{"variable":"NEXT_PUBLIC_FIREBASE_API_KEY","value":"AIzaSyBL55dWOh2eIBDooZ0EwzXegyAMEiWMuNE","availability":["BUILD","RUNTIME"],"origin":"APPHOSTING_YAML","originFileName":"apphosting.yaml"},{"variable":"NEXT_PUBLIC_FIREBASE_AUTH_DOMAIN","value":"hire-hub-fe6c4.firebaseapp.com","availability":["BUILD","RUNTIME"],"origin":"APPHOSTING_YAML","originFileName":"apphosting.yaml"},{"variable":"NEXT_PUBLIC_FIREBASE_DATABASE_URL","value":"https://hire-hub-fe6c4-default-rtdb.firebaseio.com","availability":["BUILD","RUNTIME"],"origin":"APPHOSTING_YAML","originFileName":"apphosting.yaml"},{"variable":"NEXT_PUBLIC_FIREBASE_PROJECT_ID","value":"hire-hub-fe6c4","availability":["BUILD","RUNTIME"],"origin":"APPHOSTING_YAML","originFileName":"apphosting.yaml"},{"variable":"NEXT_PUBLIC_FIREBASE_STORAGE_BUCKET","value":"hire-hub-fe6c4.firebasestorage.app","availability":["BUILD","RUNTIME"],"origin":"APPHOSTING_YAML","originFileName":"apphosting.yaml"},{"variable":"NEXT_PUBLIC_FIREBASE_MESSAGING_SENDER_ID","value":"29257648718","availability":["BUILD","RUNTIME"],"origin":"APPHOSTING_YAML","originFileName":"apphosting.yaml"},{"variable":"NEXT_PUBLIC_FIREBASE_APP_ID","value":"1:29257648718:web:e57961f6d9dc39fab8111f","availability":["BUILD","RUNTIME"],"origin":"APPHOSTING_YAML","originFileName":"apphosting.yaml"},{"variable":"NEXT_PUBLIC_FIREBASE_MEASUREMENT_ID","value":"G-PNFDV2Z6DG","availability":["BUILD","RUNTIME"],"origin":"APPHOSTING_YAML","originFileName":"apphosting.yaml"},{"variable":"FIREBASE_CONFIG","value":"{\"databaseURL\":\"https://hire-hub-fe6c4-default-rtdb.firebaseio.com\",\"projectId\":\"hire-hub-fe6c4\",\"storageBucket\":\"hire-hub-fe6c4.firebasestorage.app\"}","availability":["BUILD","RUNTIME"],"origin":"FIREBASE_SYSTEM"},{"variable":"FIREBASE_WEBAPP_CONFIG","value":"{\"apiKey\":\"AIzaSyBL55dWOh2eIBDooZ0EwzXegyAMEiWMuNE\",\"appId\":\"1:29257648718:web:d1219405f2aff549b8111f\",\"authDomain\":\"hire-hub-fe6c4.firebaseapp.com\",\"databaseURL\":\"https://hire-hub-fe6c4-default-rtdb.firebaseio.com\",\"messagingSenderId\":\"29257648718\",\"projectId\":\"hire-hub-fe6c4\",\"storageBucket\":\"hire-hub-fe6c4.firebasestorage.app\"}","availability":["BUILD"],"origin":"FIREBASE_SYSTEM"}]},"source":{"codebase":{"branch":"main","displayName":"0b0b3d700d18fd6c5c21f0f2ad98fd3e39eb97a0","hash":"0b0b3d700d18fd6c5c21f0f2ad98fd3e39eb97a0","commitMessage":".","uri":"https://github.com/hirehub-pro/hiro_website/commit/0b0b3d700d18fd6c5c21f0f2ad98fd3e39eb97a0","author":{"displayName":"raslaner115","email":"rassdhhl@gmail.com"},"commitTime":"2026-05-17T17:11:45Z"}},"buildLogsUri":"https://console.cloud.google.com/cloud-build/builds;region=us-central1/e7f7c9b0-defa-429c-8e47-c4ef9fe08f81?project=29257648718","createTime":"2026-05-18T14:57:50.473879178Z","updateTime":"2026-05-18T15:01:03.361025Z","uid":"26fb0c47-f122-4d78-bcf3-007f427f725b","etag":"AjJKIkDa-lzwyC5O8ejX8xlKCVtVfs8KFgV0WIrkCvs","reconciling":false},{"name":"projects/hire-hub-fe6c4/locations/us-central1/backends/hirehub/builds/build-2026-05-18-001","state":"READY","image":"us-central1-docker.pkg.dev/hire-hub-fe6c4/firebaseapphosting-images/hirehub:build-2026-05-18-001","config":{"runConfig":{},"env":[{"variable":"NEXT_PUBLIC_FIREBASE_API_KEY","value":"AIzaSyBL55dWOh2eIBDooZ0EwzXegyAMEiWMuNE","availability":["BUILD","RUNTIME"]},{"variable":"NEXT_PUBLIC_FIREBASE_AUTH_DOMAIN","value":"hire-hub-fe6c4.firebaseapp.com","availability":["BUILD","RUNTIME"]},{"variable":"NEXT_PUBLIC_FIREBASE_DATABASE_URL","value":"https://hire-hub-fe6c4-default-rtdb.firebaseio.com","availability":["BUILD","RUNTIME"]},{"variable":"NEXT_PUBLIC_FIREBASE_PROJECT_ID","value":"hire-hub-fe6c4","availability":["BUILD","RUNTIME"]},{"variable":"NEXT_PUBLIC_FIREBASE_STORAGE_BUCKET","value":"hire-hub-fe6c4.firebasestorage.app","availability":["BUILD","RUNTIME"]},{"variable":"NEXT_PUBLIC_FIREBASE_MESSAGING_SENDER_ID","value":"29257648718","availability":["BUILD","RUNTIME"]},{"variable":"NEXT_PUBLIC_FIREBASE_APP_ID","value":"1:29257648718:web:e57961f6d9dc39fab8111f","availability":["BUILD","RUNTIME"]},{"variable":"NEXT_PUBLIC_FIREBASE_MEASUREMENT_ID","value":"G-PNFDV2Z6DG","availability":["BUILD","RUNTIME"]},{"variable":"FIREBASE_CONFIG","value":"{\"databaseURL\":\"https://hire-hub-fe6c4-default-rtdb.firebaseio.com\",\"projectId\":\"hire-hub-fe6c4\",\"storageBucket\":\"hire-hub-fe6c4.firebasestorage.app\"}","availability":["BUILD","RUNTIME"]},{"variable":"FIREBASE_WEBAPP_CONFIG","value":"{\"apiKey\":\"AIzaSyBL55dWOh2eIBDooZ0EwzXegyAMEiWMuNE\",\"appId\":\"1:29257648718:web:d1219405f2aff549b8111f\",\"authDomain\":\"hire-hub-fe6c4.firebaseapp.com\",\"databaseURL\":\"https://hire-hub-fe6c4-default-rtdb.firebaseio.com\",\"messagingSenderId\":\"29257648718\",\"projectId\":\"hire-hub-fe6c4\",\"storageBucket\":\"hire-hub-fe6c4.firebasestorage.app\"}","availability":["BUILD"]}],"effectiveEnv":[{"variable":"NEXT_PUBLIC_FIREBASE_API_KEY","value":"AIzaSyBL55dWOh2eIBDooZ0EwzXegyAMEiWMuNE","availability":["BUILD","RUNTIME"],"origin":"APPHOSTING_YAML","originFileName":"apphosting.yaml"},{"variable":"NEXT_PUBLIC_FIREBASE_AUTH_DOMAIN","value":"hire-hub-fe6c4.firebaseapp.com","availability":["BUILD","RUNTIME"],"origin":"APPHOSTING_YAML","originFileName":"apphosting.yaml"},{"variable":"NEXT_PUBLIC_FIREBASE_DATABASE_URL","value":"https://hire-hub-fe6c4-default-rtdb.firebaseio.com","availability":["BUILD","RUNTIME"],"origin":"APPHOSTING_YAML","originFileName":"apphosting.yaml"},{"variable":"NEXT_PUBLIC_FIREBASE_PROJECT_ID","value":"hire-hub-fe6c4","availability":["BUILD","RUNTIME"],"origin":"APPHOSTING_YAML","originFileName":"apphosting.yaml"},{"variable":"NEXT_PUBLIC_FIREBASE_STORAGE_BUCKET","value":"hire-hub-fe6c4.firebasestorage.app","availability":["BUILD","RUNTIME"],"origin":"APPHOSTING_YAML","originFileName":"apphosting.yaml"},{"variable":"NEXT_PUBLIC_FIREBASE_MESSAGING_SENDER_ID","value":"29257648718","availability":["BUILD","RUNTIME"],"origin":"APPHOSTING_YAML","originFileName":"apphosting.yaml"},{"variable":"NEXT_PUBLIC_FIREBASE_APP_ID","value":"1:29257648718:web:e57961f6d9dc39fab8111f","availability":["BUILD","RUNTIME"],"origin":"APPHOSTING_YAML","originFileName":"apphosting.yaml"},{"variable":"NEXT_PUBLIC_FIREBASE_MEASUREMENT_ID","value":"G-PNFDV2Z6DG","availability":["BUILD","RUNTIME"],"origin":"APPHOSTING_YAML","originFileName":"apphosting.yaml"},{"variable":"FIREBASE_CONFIG","value":"{\"databaseURL\":\"https://hire-hub-fe6c4-default-rtdb.firebaseio.com\",\"projectId\":\"hire-hub-fe6c4\",\"storageBucket\":\"hire-hub-fe6c4.firebasestorage.app\"}","availability":["BUILD","RUNTIME"],"origin":"FIREBASE_SYSTEM"},{"variable":"FIREBASE_WEBAPP_CONFIG","value":"{\"apiKey\":\"AIzaSyBL55dWOh2eIBDooZ0EwzXegyAMEiWMuNE\",\"appId\":\"1:29257648718:web:d1219405f2aff549b8111f\",\"authDomain\":\"hire-hub-fe6c4.firebaseapp.com\",\"databaseURL\":\"https://hire-hub-fe6c4-default-rtdb.firebaseio.com\",\"messagingSenderId\":\"29257648718\",\"projectId\":\"hire-hub-fe6c4\",\"storageBucket\":\"hire-hub-fe6c4.firebasestorage.app\"}","availability":["BUILD"],"origin":"FIREBASE_SYSTEM"}]},"source":{"archive":{"rootDirectory":"/","userStorageUri":"gs://firebaseapphosting-sources-29257648718-us-central1/hirehub--60283-l87H09q7hq9v-.zip"}},"buildLogsUri":"https://console.cloud.google.com/cloud-build/builds;region=us-central1/7d96e8bc-44c3-4f84-8300-b72add87890e?project=29257648718","createTime":"2026-05-18T11:07:14.188653006Z","updateTime":"2026-05-18T11:10:36.639351Z","labels":{"deployment-tool":"cli-firebase"},"uid":"557dfe19-9cc5-45c5-9edd-129ce4e2324b","etag":"sZ7iHGjjNEQ_0Yz2XdGrwxH7z8Q4WcKFxRdHToID-uQ","reconciling":false},{"name":"projects/hire-hub-fe6c4/locations/us-central1/backends/hirehub/builds/build-2026-03-31-002","state":"EXPIRED","image":"us-central1-docker.pkg.dev/hire-hub-fe6c4/firebaseapphosting-images/hirehub:build-2026-03-31-002","config":{"runConfig":{},"env":[{"variable":"NEXT_PUBLIC_FIREBASE_API_KEY","value":"AIzaSyBL55dWOh2eIBDooZ0EwzXegyAMEiWMuNE","availability":["BUILD","RUNTIME"]},{"variable":"NEXT_PUBLIC_FIREBASE_AUTH_DOMAIN","value":"hire-hub-fe6c4.firebaseapp.com","availability":["BUILD","RUNTIME"]},{"variable":"NEXT_PUBLIC_FIREBASE_DATABASE_URL","value":"https://hire-hub-fe6c4-default-rtdb.firebaseio.com","availability":["BUILD","RUNTIME"]},{"variable":"NEXT_PUBLIC_FIREBASE_PROJECT_ID","value":"hire-hub-fe6c4","availability":["BUILD","RUNTIME"]},{"variable":"NEXT_PUBLIC_FIREBASE_STORAGE_BUCKET","value":"hire-hub-fe6c4.firebasestorage.app","availability":["BUILD","RUNTIME"]},{"variable":"NEXT_PUBLIC_FIREBASE_MESSAGING_SENDER_ID","value":"29257648718","availability":["BUILD","RUNTIME"]},{"variable":"NEXT_PUBLIC_FIREBASE_APP_ID","value":"1:29257648718:web:d94f398576623fbdb8111f","availability":["BUILD","RUNTIME"]},{"variable":"NEXT_PUBLIC_FIREBASE_MEASUREMENT_ID","value":"G-5YF7DTLCNM","availability":["BUILD","RUNTIME"]},{"variable":"FIREBASE_CONFIG","value":"{\"databaseURL\":\"https://hire-hub-fe6c4-default-rtdb.firebaseio.com\",\"projectId\":\"hire-hub-fe6c4\",\"storageBucket\":\"hire-hub-fe6c4.firebasestorage.app\"}","availability":["BUILD","RUNTIME"]},{"variable":"FIREBASE_WEBAPP_CONFIG","value":"{\"apiKey\":\"AIzaSyBL55dWOh2eIBDooZ0EwzXegyAMEiWMuNE\",\"appId\":\"1:29257648718:web:d1219405f2aff549b8111f\",\"authDomain\":\"hire-hub-fe6c4.firebaseapp.com\",\"databaseURL\":\"https://hire-hub-fe6c4-default-rtdb.firebaseio.com\",\"messagingSenderId\":\"29257648718\",\"projectId\":\"hire-hub-fe6c4\",\"storageBucket\":\"hire-hub-fe6c4.firebasestorage.app\"}","availability":["BUILD"]}],"effectiveEnv":[{"variable":"NEXT_PUBLIC_FIREBASE_API_KEY","value":"AIzaSyBL55dWOh2eIBDooZ0EwzXegyAMEiWMuNE","availability":["BUILD","RUNTIME"],"origin":"APPHOSTING_YAML","originFileName":"apphosting.yaml"},{"variable":"NEXT_PUBLIC_FIREBASE_AUTH_DOMAIN","value":"hire-hub-fe6c4.firebaseapp.com","availability":["BUILD","RUNTIME"],"origin":"APPHOSTING_YAML","originFileName":"apphosting.yaml"},{"variable":"NEXT_PUBLIC_FIREBASE_DATABASE_URL","value":"https://hire-hub-fe6c4-default-rtdb.firebaseio.com","availability":["BUILD","RUNTIME"],"origin":"APPHOSTING_YAML","originFileName":"apphosting.yaml"},{"variable":"NEXT_PUBLIC_FIREBASE_PROJECT_ID","value":"hire-hub-fe6c4","availability":["BUILD","RUNTIME"],"origin":"APPHOSTING_YAML","originFileName":"apphosting.yaml"},{"variable":"NEXT_PUBLIC_FIREBASE_STORAGE_BUCKET","value":"hire-hub-fe6c4.firebasestorage.app","availability":["BUILD","RUNTIME"],"origin":"APPHOSTING_YAML","originFileName":"apphosting.yaml"},{"variable":"NEXT_PUBLIC_FIREBASE_MESSAGING_SENDER_ID","value":"29257648718","availability":["BUILD","RUNTIME"],"origin":"APPHOSTING_YAML","originFileName":"apphosting.yaml"},{"variable":"NEXT_PUBLIC_FIREBASE_APP_ID","value":"1:29257648718:web:d94f398576623fbdb8111f","availability":["BUILD","RUNTIME"],"origin":"APPHOSTING_YAML","originFileName":"apphosting.yaml"},{"variable":"NEXT_PUBLIC_FIREBASE_MEASUREMENT_ID","value":"G-5YF7DTLCNM","availability":["BUILD","RUNTIME"],"origin":"APPHOSTING_YAML","originFileName":"apphosting.yaml"},{"variable":"FIREBASE_CONFIG","value":"{\"databaseURL\":\"https://hire-hub-fe6c4-default-rtdb.firebaseio.com\",\"projectId\":\"hire-hub-fe6c4\",\"storageBucket\":\"hire-hub-fe6c4.firebasestorage.app\"}","availability":["BUILD","RUNTIME"],"origin":"FIREBASE_SYSTEM"},{"variable":"FIREBASE_WEBAPP_CONFIG","value":"{\"apiKey\":\"AIzaSyBL55dWOh2eIBDooZ0EwzXegyAMEiWMuNE\",\"appId\":\"1:29257648718:web:d1219405f2aff549b8111f\",\"authDomain\":\"hire-hub-fe6c4.firebaseapp.com\",\"databaseURL\":\"https://hire-hub-fe6c4-default-rtdb.firebaseio.com\",\"messagingSenderId\":\"29257648718\",\"projectId\":\"hire-hub-fe6c4\",\"storageBucket\":\"hire-hub-fe6c4.firebasestorage.app\"}","availability":["BUILD"],"origin":"FIREBASE_SYSTEM"}]},"source":{"archive":{"rootDirectory":"/","userStorageUri":"gs://firebaseapphosting-sources-29257648718-us-central1/hirehub--28884-c9raXO26jklD-.zip"}},"buildLogsUri":"https://console.cloud.google.com/cloud-build/builds;region=us-central1/4723c91f-929e-4ba0-b4c7-f5494152a582?project=29257648718","createTime":"2026-03-31T00:28:45.605256954Z","updateTime":"2026-05-11T17:38:40.254847Z","labels":{"deployment-tool":"cli-firebase"},"uid":"0ef2bc04-7516-43b4-9cb9-c524658123da","etag":"fq0ZIIO5JrpcZ1gyRoao9Lb-EoFuI8UCOQhgTxebDBA","reconciling":false},{"name":"projects/hire-hub-fe6c4/locations/us-central1/backends/hirehub/builds/build-2026-03-31-003","state":"EXPIRED","image":"us-central1-docker.pkg.dev/hire-hub-fe6c4/firebaseapphosting-images/hirehub:build-2026-03-31-003","config":{"runConfig":{},"env":[{"variable":"NEXT_PUBLIC_FIREBASE_API_KEY","value":"AIzaSyBL55dWOh2eIBDooZ0EwzXegyAMEiWMuNE","availability":["BUILD","RUNTIME"]},{"variable":"NEXT_PUBLIC_FIREBASE_AUTH_DOMAIN","value":"hire-hub-fe6c4.firebaseapp.com","availability":["BUILD","RUNTIME"]},{"variable":"NEXT_PUBLIC_FIREBASE_DATABASE_URL","value":"https://hire-hub-fe6c4-default-rtdb.firebaseio.com","availability":["BUILD","RUNTIME"]},{"variable":"NEXT_PUBLIC_FIREBASE_PROJECT_ID","value":"hire-hub-fe6c4","availability":["BUILD","RUNTIME"]},{"variable":"NEXT_PUBLIC_FIREBASE_STORAGE_BUCKET","value":"hire-hub-fe6c4.firebasestorage.app","availability":["BUILD","RUNTIME"]},{"variable":"NEXT_PUBLIC_FIREBASE_MESSAGING_SENDER_ID","value":"29257648718","availability":["BUILD","RUNTIME"]},{"variable":"NEXT_PUBLIC_FIREBASE_APP_ID","value":"1:29257648718:web:d94f398576623fbdb8111f","availability":["BUILD","RUNTIME"]},{"variable":"NEXT_PUBLIC_FIREBASE_MEASUREMENT_ID","value":"G-5YF7DTLCNM","availability":["BUILD","RUNTIME"]},{"variable":"FIREBASE_CONFIG","value":"{\"databaseURL\":\"https://hire-hub-fe6c4-default-rtdb.firebaseio.com\",\"projectId\":\"hire-hub-fe6c4\",\"storageBucket\":\"hire-hub-fe6c4.firebasestorage.app\"}","availability":["BUILD","RUNTIME"]},{"variable":"FIREBASE_WEBAPP_CONFIG","value":"{\"apiKey\":\"AIzaSyBL55dWOh2eIBDooZ0EwzXegyAMEiWMuNE\",\"appId\":\"1:29257648718:web:d1219405f2aff549b8111f\",\"authDomain\":\"hire-hub-fe6c4.firebaseapp.com\",\"databaseURL\":\"https://hire-hub-fe6c4-default-rtdb.firebaseio.com\",\"messagingSenderId\":\"29257648718\",\"projectId\":\"hire-hub-fe6c4\",\"storageBucket\":\"hire-hub-fe6c4.firebasestorage.app\"}","availability":["BUILD"]}],"effectiveEnv":[{"variable":"NEXT_PUBLIC_FIREBASE_API_KEY","value":"AIzaSyBL55dWOh2eIBDooZ0EwzXegyAMEiWMuNE","availability":["BUILD","RUNTIME"],"origin":"APPHOSTING_YAML","originFileName":"apphosting.yaml"},{"variable":"NEXT_PUBLIC_FIREBASE_AUTH_DOMAIN","value":"hire-hub-fe6c4.firebaseapp.com","availability":["BUILD","RUNTIME"],"origin":"APPHOSTING_YAML","originFileName":"apphosting.yaml"},{"variable":"NEXT_PUBLIC_FIREBASE_DATABASE_URL","value":"https://hire-hub-fe6c4-default-rtdb.firebaseio.com","availability":["BUILD","RUNTIME"],"origin":"APPHOSTING_YAML","originFileName":"apphosting.yaml"},{"variable":"NEXT_PUBLIC_FIREBASE_PROJECT_ID","value":"hire-hub-fe6c4","availability":["BUILD","RUNTIME"],"origin":"APPHOSTING_YAML","originFileName":"apphosting.yaml"},{"variable":"NEXT_PUBLIC_FIREBASE_STORAGE_BUCKET","value":"hire-hub-fe6c4.firebasestorage.app","availability":["BUILD","RUNTIME"],"origin":"APPHOSTING_YAML","originFileName":"apphosting.yaml"},{"variable":"NEXT_PUBLIC_FIREBASE_MESSAGING_SENDER_ID","value":"29257648718","availability":["BUILD","RUNTIME"],"origin":"APPHOSTING_YAML","originFileName":"apphosting.yaml"},{"variable":"NEXT_PUBLIC_FIREBASE_APP_ID","value":"1:29257648718:web:d94f398576623fbdb8111f","availability":["BUILD","RUNTIME"],"origin":"APPHOSTING_YAML","originFileName":"apphosting.yaml"},{"variable":"NEXT_PUBLIC_FIREBASE_MEASUREMENT_ID","value":"G-5YF7DTLCNM","availability":["BUILD","RUNTIME"],"origin":"APPHOSTING_YAML","originFileName":"apphosting.yaml"},{"variable":"FIREBASE_CONFIG","value":"{\"databaseURL\":\"https://hire-hub-fe6c4-default-rtdb.firebaseio.com\",\"projectId\":\"hire-hub-fe6c4\",\"storageBucket\":\"hire-hub-fe6c4.firebasestorage.app\"}","availability":["BUILD","RUNTIME"],"origin":"FIREBASE_SYSTEM"},{"variable":"FIREBASE_WEBAPP_CONFIG","value":"{\"apiKey\":\"AIzaSyBL55dWOh2eIBDooZ0EwzXegyAMEiWMuNE\",\"appId\":\"1:29257648718:web:d1219405f2aff549b8111f\",\"authDomain\":\"hire-hub-fe6c4.firebaseapp.com\",\"databaseURL\":\"https://hire-hub-fe6c4-default-rtdb.firebaseio.com\",\"messagingSenderId\":\"29257648718\",\"projectId\":\"hire-hub-fe6c4\",\"storageBucket\":\"hire-hub-fe6c4.firebasestorage.app\"}","availability":["BUILD"],"origin":"FIREBASE_SYSTEM"}]},"source":{"archive":{"rootDirectory":"/","userStorageUri":"gs://firebaseapphosting-sources-29257648718-us-central1/hirehub--41120-J4lFOmO7Tkkp-.zip"}},"buildLogsUri":"https://console.cloud.google.com/cloud-build/builds;region=us-central1/689fb340-5f23-474e-b6fc-9667fd13a6b3?project=29257648718","createTime":"2026-03-31T11:36:05.116311508Z","updateTime":"2026-05-11T17:38:40.254847Z","labels":{"deployment-tool":"cli-firebase"},"uid":"e4324509-eca5-4086-8ac1-64f33fa9df1f","etag":"wS1X2uwmHHcOkr2KPgno4n1JiexsJJBpjGFY6ZtZcXk","reconciling":false},{"name":"projects/hire-hub-fe6c4/locations/us-central1/backends/hirehub/builds/build-2026-03-31-001","state":"EXPIRED","image":"us-central1-docker.pkg.dev/hire-hub-fe6c4/firebaseapphosting-images/hirehub:build-2026-03-31-001","config":{"runConfig":{},"env":[{"variable":"NEXT_PUBLIC_FIREBASE_API_KEY","value":"AIzaSyBL55dWOh2eIBDooZ0EwzXegyAMEiWMuNE","availability":["BUILD","RUNTIME"]},{"variable":"NEXT_PUBLIC_FIREBASE_AUTH_DOMAIN","value":"hire-hub-fe6c4.firebaseapp.com","availability":["BUILD","RUNTIME"]},{"variable":"NEXT_PUBLIC_FIREBASE_DATABASE_URL","value":"https://hire-hub-fe6c4-default-rtdb.firebaseio.com","availability":["BUILD","RUNTIME"]},{"variable":"NEXT_PUBLIC_FIREBASE_PROJECT_ID","value":"hire-hub-fe6c4","availability":["BUILD","RUNTIME"]},{"variable":"NEXT_PUBLIC_FIREBASE_STORAGE_BUCKET","value":"hire-hub-fe6c4.firebasestorage.app","availability":["BUILD","RUNTIME"]},{"variable":"NEXT_PUBLIC_FIREBASE_MESSAGING_SENDER_ID","value":"29257648718","availability":["BUILD","RUNTIME"]},{"variable":"NEXT_PUBLIC_FIREBASE_APP_ID","value":"1:29257648718:web:d94f398576623fbdb8111f","availability":["BUILD","RUNTIME"]},{"variable":"NEXT_PUBLIC_FIREBASE_MEASUREMENT_ID","value":"G-5YF7DTLCNM","availability":["BUILD","RUNTIME"]},{"variable":"FIREBASE_CONFIG","value":"{\"databaseURL\":\"https://hire-hub-fe6c4-default-rtdb.firebaseio.com\",\"projectId\":\"hire-hub-fe6c4\",\"storageBucket\":\"hire-hub-fe6c4.firebasestorage.app\"}","availability":["BUILD","RUNTIME"]},{"variable":"FIREBASE_WEBAPP_CONFIG","value":"{\"apiKey\":\"AIzaSyBL55dWOh2eIBDooZ0EwzXegyAMEiWMuNE\",\"appId\":\"1:29257648718:web:d1219405f2aff549b8111f\",\"authDomain\":\"hire-hub-fe6c4.firebaseapp.com\",\"databaseURL\":\"https://hire-hub-fe6c4-default-rtdb.firebaseio.com\",\"messagingSenderId\":\"29257648718\",\"projectId\":\"hire-hub-fe6c4\",\"storageBucket\":\"hire-hub-fe6c4.firebasestorage.app\"}","availability":["BUILD"]}],"effectiveEnv":[{"variable":"NEXT_PUBLIC_FIREBASE_API_KEY","value":"AIzaSyBL55dWOh2eIBDooZ0EwzXegyAMEiWMuNE","availability":["BUILD","RUNTIME"],"origin":"APPHOSTING_YAML","originFileName":"apphosting.yaml"},{"variable":"NEXT_PUBLIC_FIREBASE_AUTH_DOMAIN","value":"hire-hub-fe6c4.firebaseapp.com","availability":["BUILD","RUNTIME"],"origin":"APPHOSTING_YAML","originFileName":"apphosting.yaml"},{"variable":"NEXT_PUBLIC_FIREBASE_DATABASE_URL","value":"https://hire-hub-fe6c4-default-rtdb.firebaseio.com","availability":["BUILD","RUNTIME"],"origin":"APPHOSTING_YAML","originFileName":"apphosting.yaml"},{"variable":"NEXT_PUBLIC_FIREBASE_PROJECT_ID","value":"hire-hub-fe6c4","availability":["BUILD","RUNTIME"],"origin":"APPHOSTING_YAML","originFileName":"apphosting.yaml"},{"variable":"NEXT_PUBLIC_FIREBASE_STORAGE_BUCKET","value":"hire-hub-fe6c4.firebasestorage.app","availability":["BUILD","RUNTIME"],"origin":"APPHOSTING_YAML","originFileName":"apphosting.yaml"},{"variable":"NEXT_PUBLIC_FIREBASE_MESSAGING_SENDER_ID","value":"29257648718","availability":["BUILD","RUNTIME"],"origin":"APPHOSTING_YAML","originFileName":"apphosting.yaml"},{"variable":"NEXT_PUBLIC_FIREBASE_APP_ID","value":"1:29257648718:web:d94f398576623fbdb8111f","availability":["BUILD","RUNTIME"],"origin":"APPHOSTING_YAML","originFileName":"apphosting.yaml"},{"variable":"NEXT_PUBLIC_FIREBASE_MEASUREMENT_ID","value":"G-5YF7DTLCNM","availability":["BUILD","RUNTIME"],"origin":"APPHOSTING_YAML","originFileName":"apphosting.yaml"},{"variable":"FIREBASE_CONFIG","value":"{\"databaseURL\":\"https://hire-hub-fe6c4-default-rtdb.firebaseio.com\",\"projectId\":\"hire-hub-fe6c4\",\"storageBucket\":\"hire-hub-fe6c4.firebasestorage.app\"}","availability":["BUILD","RUNTIME"],"origin":"FIREBASE_SYSTEM"},{"variable":"FIREBASE_WEBAPP_CONFIG","value":"{\"apiKey\":\"AIzaSyBL55dWOh2eIBDooZ0EwzXegyAMEiWMuNE\",\"appId\":\"1:29257648718:web:d1219405f2aff549b8111f\",\"authDomain\":\"hire-hub-fe6c4.firebaseapp.com\",\"databaseURL\":\"https://hire-hub-fe6c4-default-rtdb.firebaseio.com\",\"messagingSenderId\":\"29257648718\",\"projectId\":\"hire-hub-fe6c4\",\"storageBucket\":\"hire-hub-fe6c4.firebasestorage.app\"}","availability":["BUILD"],"origin":"FIREBASE_SYSTEM"}]},"source":{"archive":{"rootDirectory":"/","userStorageUri":"gs://firebaseapphosting-sources-29257648718-us-central1/hirehub--17572-wL02zT0KOlxI-.zip"}},"buildLogsUri":"https://console.cloud.google.com/cloud-build/builds;region=us-central1/4c1e4289-fb3f-4653-b6b8-c2341e53d137?project=29257648718","createTime":"2026-03-31T00:18:26.276223659Z","updateTime":"2026-05-11T17:38:40.254847Z","labels":{"deployment-tool":"cli-firebase"},"uid":"b97dedf9-17eb-4c82-a769-74c827ada14e","etag":"MoHgxs1q7nBUrGLg1DdWHHwfY6JwV5Ul9RGbcJYqLpE","reconciling":false},{"name":"projects/hire-hub-fe6c4/locations/us-central1/backends/hirehub/builds/build-2026-03-31-006","state":"EXPIRED","image":"us-central1-docker.pkg.dev/hire-hub-fe6c4/firebaseapphosting-images/hirehub:build-2026-03-31-006","config":{"runConfig":{},"env":[{"variable":"NEXT_PUBLIC_FIREBASE_API_KEY","value":"AIzaSyBL55dWOh2eIBDooZ0EwzXegyAMEiWMuNE","availability":["BUILD","RUNTIME"]},{"variable":"NEXT_PUBLIC_FIREBASE_AUTH_DOMAIN","value":"hire-hub-fe6c4.firebaseapp.com","availability":["BUILD","RUNTIME"]},{"variable":"NEXT_PUBLIC_FIREBASE_DATABASE_URL","value":"https://hire-hub-fe6c4-default-rtdb.firebaseio.com","availability":["BUILD","RUNTIME"]},{"variable":"NEXT_PUBLIC_FIREBASE_PROJECT_ID","value":"hire-hub-fe6c4","availability":["BUILD","RUNTIME"]},{"variable":"NEXT_PUBLIC_FIREBASE_STORAGE_BUCKET","value":"hire-hub-fe6c4.firebasestorage.app","availability":["BUILD","RUNTIME"]},{"variable":"NEXT_PUBLIC_FIREBASE_MESSAGING_SENDER_ID","value":"29257648718","availability":["BUILD","RUNTIME"]},{"variable":"NEXT_PUBLIC_FIREBASE_APP_ID","value":"1:29257648718:web:d94f398576623fbdb8111f","availability":["BUILD","RUNTIME"]},{"variable":"NEXT_PUBLIC_FIREBASE_MEASUREMENT_ID","value":"G-5YF7DTLCNM","availability":["BUILD","RUNTIME"]},{"variable":"FIREBASE_CONFIG","value":"{\"databaseURL\":\"https://hire-hub-fe6c4-default-rtdb.firebaseio.com\",\"projectId\":\"hire-hub-fe6c4\",\"storageBucket\":\"hire-hub-fe6c4.firebasestorage.app\"}","availability":["BUILD","RUNTIME"]},{"variable":"FIREBASE_WEBAPP_CONFIG","value":"{\"apiKey\":\"AIzaSyBL55dWOh2eIBDooZ0EwzXegyAMEiWMuNE\",\"appId\":\"1:29257648718:web:d1219405f2aff549b8111f\",\"authDomain\":\"hire-hub-fe6c4.firebaseapp.com\",\"databaseURL\":\"https://hire-hub-fe6c4-default-rtdb.firebaseio.com\",\"messagingSenderId\":\"29257648718\",\"projectId\":\"hire-hub-fe6c4\",\"storageBucket\":\"hire-hub-fe6c4.firebasestorage.app\"}","availability":["BUILD"]}],"effectiveEnv":[{"variable":"NEXT_PUBLIC_FIREBASE_API_KEY","value":"AIzaSyBL55dWOh2eIBDooZ0EwzXegyAMEiWMuNE","availability":["BUILD","RUNTIME"],"origin":"APPHOSTING_YAML","originFileName":"apphosting.yaml"},{"variable":"NEXT_PUBLIC_FIREBASE_AUTH_DOMAIN","value":"hire-hub-fe6c4.firebaseapp.com","availability":["BUILD","RUNTIME"],"origin":"APPHOSTING_YAML","originFileName":"apphosting.yaml"},{"variable":"NEXT_PUBLIC_FIREBASE_DATABASE_URL","value":"https://hire-hub-fe6c4-default-rtdb.firebaseio.com","availability":["BUILD","RUNTIME"],"origin":"APPHOSTING_YAML","originFileName":"apphosting.yaml"},{"variable":"NEXT_PUBLIC_FIREBASE_PROJECT_ID","value":"hire-hub-fe6c4","availability":["BUILD","RUNTIME"],"origin":"APPHOSTING_YAML","originFileName":"apphosting.yaml"},{"variable":"NEXT_PUBLIC_FIREBASE_STORAGE_BUCKET","value":"hire-hub-fe6c4.firebasestorage.app","availability":["BUILD","RUNTIME"],"origin":"APPHOSTING_YAML","originFileName":"apphosting.yaml"},{"variable":"NEXT_PUBLIC_FIREBASE_MESSAGING_SENDER_ID","value":"29257648718","availability":["BUILD","RUNTIME"],"origin":"APPHOSTING_YAML","originFileName":"apphosting.yaml"},{"variable":"NEXT_PUBLIC_FIREBASE_APP_ID","value":"1:29257648718:web:d94f398576623fbdb8111f","availability":["BUILD","RUNTIME"],"origin":"APPHOSTING_YAML","originFileName":"apphosting.yaml"},{"variable":"NEXT_PUBLIC_FIREBASE_MEASUREMENT_ID","value":"G-5YF7DTLCNM","availability":["BUILD","RUNTIME"],"origin":"APPHOSTING_YAML","originFileName":"apphosting.yaml"},{"variable":"FIREBASE_CONFIG","value":"{\"databaseURL\":\"https://hire-hub-fe6c4-default-rtdb.firebaseio.com\",\"projectId\":\"hire-hub-fe6c4\",\"storageBucket\":\"hire-hub-fe6c4.firebasestorage.app\"}","availability":["BUILD","RUNTIME"],"origin":"FIREBASE_SYSTEM"},{"variable":"FIREBASE_WEBAPP_CONFIG","value":"{\"apiKey\":\"AIzaSyBL55dWOh2eIBDooZ0EwzXegyAMEiWMuNE\",\"appId\":\"1:29257648718:web:d1219405f2aff549b8111f\",\"authDomain\":\"hire-hub-fe6c4.firebaseapp.com\",\"databaseURL\":\"https://hire-hub-fe6c4-default-rtdb.firebaseio.com\",\"messagingSenderId\":\"29257648718\",\"projectId\":\"hire-hub-fe6c4\",\"storageBucket\":\"hire-hub-fe6c4.firebasestorage.app\"}","availability":["BUILD"],"origin":"FIREBASE_SYSTEM"}]},"source":{"archive":{"rootDirectory":"/","userStorageUri":"gs://firebaseapphosting-sources-29257648718-us-central1/hirehub--41640-903y26fnpeAJ-.zip"}},"buildLogsUri":"https://console.cloud.google.com/cloud-build/builds;region=us-central1/d03e2c37-a203-4469-891c-0516574359c1?project=29257648718","createTime":"2026-03-31T21:45:13.824055912Z","updateTime":"2026-05-11T17:38:40.254847Z","labels":{"deployment-tool":"cli-firebase"},"uid":"c31a6342-4892-4db1-93e2-c5ac9d2f294d","etag":"fB6TLtFeBo3YfS4qOfyUFWorc2U_9FvvwE1BvXhGVpk","reconciling":false},{"name":"projects/hire-hub-fe6c4/locations/us-central1/backends/hirehub/builds/build-2026-03-31-004","state":"EXPIRED","image":"us-central1-docker.pkg.dev/hire-hub-fe6c4/firebaseapphosting-images/hirehub:build-2026-03-31-004","config":{"runConfig":{},"env":[{"variable":"NEXT_PUBLIC_FIREBASE_API_KEY","value":"AIzaSyBL55dWOh2eIBDooZ0EwzXegyAMEiWMuNE","availability":["BUILD","RUNTIME"]},{"variable":"NEXT_PUBLIC_FIREBASE_AUTH_DOMAIN","value":"hire-hub-fe6c4.firebaseapp.com","availability":["BUILD","RUNTIME"]},{"variable":"NEXT_PUBLIC_FIREBASE_DATABASE_URL","value":"https://hire-hub-fe6c4-default-rtdb.firebaseio.com","availability":["BUILD","RUNTIME"]},{"variable":"NEXT_PUBLIC_FIREBASE_PROJECT_ID","value":"hire-hub-fe6c4","availability":["BUILD","RUNTIME"]},{"variable":"NEXT_PUBLIC_FIREBASE_STORAGE_BUCKET","value":"hire-hub-fe6c4.firebasestorage.app","availability":["BUILD","RUNTIME"]},{"variable":"NEXT_PUBLIC_FIREBASE_MESSAGING_SENDER_ID","value":"29257648718","availability":["BUILD","RUNTIME"]},{"variable":"NEXT_PUBLIC_FIREBASE_APP_ID","value":"1:29257648718:web:d94f398576623fbdb8111f","availability":["BUILD","RUNTIME"]},{"variable":"NEXT_PUBLIC_FIREBASE_MEASUREMENT_ID","value":"G-5YF7DTLCNM","availability":["BUILD","RUNTIME"]},{"variable":"FIREBASE_CONFIG","value":"{\"databaseURL\":\"https://hire-hub-fe6c4-default-rtdb.firebaseio.com\",\"projectId\":\"hire-hub-fe6c4\",\"storageBucket\":\"hire-hub-fe6c4.firebasestorage.app\"}","availability":["BUILD","RUNTIME"]},{"variable":"FIREBASE_WEBAPP_CONFIG","value":"{\"apiKey\":\"AIzaSyBL55dWOh2eIBDooZ0EwzXegyAMEiWMuNE\",\"appId\":\"1:29257648718:web:d1219405f2aff549b8111f\",\"authDomain\":\"hire-hub-fe6c4.firebaseapp.com\",\"databaseURL\":\"https://hire-hub-fe6c4-default-rtdb.firebaseio.com\",\"messagingSenderId\":\"29257648718\",\"projectId\":\"hire-hub-fe6c4\",\"storageBucket\":\"hire-hub-fe6c4.firebasestorage.app\"}","availability":["BUILD"]}],"effectiveEnv":[{"variable":"NEXT_PUBLIC_FIREBASE_API_KEY","value":"AIzaSyBL55dWOh2eIBDooZ0EwzXegyAMEiWMuNE","availability":["BUILD","RUNTIME"],"origin":"APPHOSTING_YAML","originFileName":"apphosting.yaml"},{"variable":"NEXT_PUBLIC_FIREBASE_AUTH_DOMAIN","value":"hire-hub-fe6c4.firebaseapp.com","availability":["BUILD","RUNTIME"],"origin":"APPHOSTING_YAML","originFileName":"apphosting.yaml"},{"variable":"NEXT_PUBLIC_FIREBASE_DATABASE_URL","value":"https://hire-hub-fe6c4-default-rtdb.firebaseio.com","availability":["BUILD","RUNTIME"],"origin":"APPHOSTING_YAML","originFileName":"apphosting.yaml"},{"variable":"NEXT_PUBLIC_FIREBASE_PROJECT_ID","value":"hire-hub-fe6c4","availability":["BUILD","RUNTIME"],"origin":"APPHOSTING_YAML","originFileName":"apphosting.yaml"},{"variable":"NEXT_PUBLIC_FIREBASE_STORAGE_BUCKET","value":"hire-hub-fe6c4.firebasestorage.app","availability":["BUILD","RUNTIME"],"origin":"APPHOSTING_YAML","originFileName":"apphosting.yaml"},{"variable":"NEXT_PUBLIC_FIREBASE_MESSAGING_SENDER_ID","value":"29257648718","availability":["BUILD","RUNTIME"],"origin":"APPHOSTING_YAML","originFileName":"apphosting.yaml"},{"variable":"NEXT_PUBLIC_FIREBASE_APP_ID","value":"1:29257648718:web:d94f398576623fbdb8111f","availability":["BUILD","RUNTIME"],"origin":"APPHOSTING_YAML","originFileName":"apphosting.yaml"},{"variable":"NEXT_PUBLIC_FIREBASE_MEASUREMENT_ID","value":"G-5YF7DTLCNM","availability":["BUILD","RUNTIME"],"origin":"APPHOSTING_YAML","originFileName":"apphosting.yaml"},{"variable":"FIREBASE_CONFIG","value":"{\"databaseURL\":\"https://hire-hub-fe6c4-default-rtdb.firebaseio.com\",\"projectId\":\"hire-hub-fe6c4\",\"storageBucket\":\"hire-hub-fe6c4.firebasestorage.app\"}","availability":["BUILD","RUNTIME"],"origin":"FIREBASE_SYSTEM"},{"variable":"FIREBASE_WEBAPP_CONFIG","value":"{\"apiKey\":\"AIzaSyBL55dWOh2eIBDooZ0EwzXegyAMEiWMuNE\",\"appId\":\"1:29257648718:web:d1219405f2aff549b8111f\",\"authDomain\":\"hire-hub-fe6c4.firebaseapp.com\",\"databaseURL\":\"https://hire-hub-fe6c4-default-rtdb.firebaseio.com\",\"messagingSenderId\":\"29257648718\",\"projectId\":\"hire-hub-fe6c4\",\"storageBucket\":\"hire-hub-fe6c4.firebasestorage.app\"}","availability":["BUILD"],"origin":"FIREBASE_SYSTEM"}]},"source":{"archive":{"rootDirectory":"/","userStorageUri":"gs://firebaseapphosting-sources-29257648718-us-central1/hirehub--37248-WOWmcLhgGbv6-.zip"}},"buildLogsUri":"https://console.cloud.google.com/cloud-build/builds;region=us-central1/53e1bd4c-1464-4168-9ed3-17eba9d57009?project=29257648718","createTime":"2026-03-31T13:27:07.227873824Z","updateTime":"2026-05-11T17:38:40.254847Z","labels":{"deployment-tool":"cli-firebase"},"uid":"c4ceeca0-e8ff-48bd-b6cb-6a4f3330a316","etag":"3DO5kx2fsxcPTnK53iY0oGGE_p2Zw4paro1cm_MZELA","reconciling":false},{"name":"projects/hire-hub-fe6c4/locations/us-central1/backends/hirehub/builds/build-2026-03-31-005","state":"EXPIRED","image":"us-central1-docker.pkg.dev/hire-hub-fe6c4/firebaseapphosting-images/hirehub:build-2026-03-31-005","config":{"runConfig":{},"env":[{"variable":"NEXT_PUBLIC_FIREBASE_API_KEY","value":"AIzaSyBL55dWOh2eIBDooZ0EwzXegyAMEiWMuNE","availability":["BUILD","RUNTIME"]},{"variable":"NEXT_PUBLIC_FIREBASE_AUTH_DOMAIN","value":"hire-hub-fe6c4.firebaseapp.com","availability":["BUILD","RUNTIME"]},{"variable":"NEXT_PUBLIC_FIREBASE_DATABASE_URL","value":"https://hire-hub-fe6c4-default-rtdb.firebaseio.com","availability":["BUILD","RUNTIME"]},{"variable":"NEXT_PUBLIC_FIREBASE_PROJECT_ID","value":"hire-hub-fe6c4","availability":["BUILD","RUNTIME"]},{"variable":"NEXT_PUBLIC_FIREBASE_STORAGE_BUCKET","value":"hire-hub-fe6c4.firebasestorage.app","availability":["BUILD","RUNTIME"]},{"variable":"NEXT_PUBLIC_FIREBASE_MESSAGING_SENDER_ID","value":"29257648718","availability":["BUILD","RUNTIME"]},{"variable":"NEXT_PUBLIC_FIREBASE_APP_ID","value":"1:29257648718:web:d94f398576623fbdb8111f","availability":["BUILD","RUNTIME"]},{"variable":"NEXT_PUBLIC_FIREBASE_MEASUREMENT_ID","value":"G-5YF7DTLCNM","availability":["BUILD","RUNTIME"]},{"variable":"FIREBASE_CONFIG","value":"{\"databaseURL\":\"https://hire-hub-fe6c4-default-rtdb.firebaseio.com\",\"projectId\":\"hire-hub-fe6c4\",\"storageBucket\":\"hire-hub-fe6c4.firebasestorage.app\"}","availability":["BUILD","RUNTIME"]},{"variable":"FIREBASE_WEBAPP_CONFIG","value":"{\"apiKey\":\"AIzaSyBL55dWOh2eIBDooZ0EwzXegyAMEiWMuNE\",\"appId\":\"1:29257648718:web:d1219405f2aff549b8111f\",\"authDomain\":\"hire-hub-fe6c4.firebaseapp.com\",\"databaseURL\":\"https://hire-hub-fe6c4-default-rtdb.firebaseio.com\",\"messagingSenderId\":\"29257648718\",\"projectId\":\"hire-hub-fe6c4\",\"storageBucket\":\"hire-hub-fe6c4.firebasestorage.app\"}","availability":["BUILD"]}],"effectiveEnv":[{"variable":"NEXT_PUBLIC_FIREBASE_API_KEY","value":"AIzaSyBL55dWOh2eIBDooZ0EwzXegyAMEiWMuNE","availability":["BUILD","RUNTIME"],"origin":"APPHOSTING_YAML","originFileName":"apphosting.yaml"},{"variable":"NEXT_PUBLIC_FIREBASE_AUTH_DOMAIN","value":"hire-hub-fe6c4.firebaseapp.com","availability":["BUILD","RUNTIME"],"origin":"APPHOSTING_YAML","originFileName":"apphosting.yaml"},{"variable":"NEXT_PUBLIC_FIREBASE_DATABASE_URL","value":"https://hire-hub-fe6c4-default-rtdb.firebaseio.com","availability":["BUILD","RUNTIME"],"origin":"APPHOSTING_YAML","originFileName":"apphosting.yaml"},{"variable":"NEXT_PUBLIC_FIREBASE_PROJECT_ID","value":"hire-hub-fe6c4","availability":["BUILD","RUNTIME"],"origin":"APPHOSTING_YAML","originFileName":"apphosting.yaml"},{"variable":"NEXT_PUBLIC_FIREBASE_STORAGE_BUCKET","value":"hire-hub-fe6c4.firebasestorage.app","availability":["BUILD","RUNTIME"],"origin":"APPHOSTING_YAML","originFileName":"apphosting.yaml"},{"variable":"NEXT_PUBLIC_FIREBASE_MESSAGING_SENDER_ID","value":"29257648718","availability":["BUILD","RUNTIME"],"origin":"APPHOSTING_YAML","originFileName":"apphosting.yaml"},{"variable":"NEXT_PUBLIC_FIREBASE_APP_ID","value":"1:29257648718:web:d94f398576623fbdb8111f","availability":["BUILD","RUNTIME"],"origin":"APPHOSTING_YAML","originFileName":"apphosting.yaml"},{"variable":"NEXT_PUBLIC_FIREBASE_MEASUREMENT_ID","value":"G-5YF7DTLCNM","availability":["BUILD","RUNTIME"],"origin":"APPHOSTING_YAML","originFileName":"apphosting.yaml"},{"variable":"FIREBASE_CONFIG","value":"{\"databaseURL\":\"https://hire-hub-fe6c4-default-rtdb.firebaseio.com\",\"projectId\":\"hire-hub-fe6c4\",\"storageBucket\":\"hire-hub-fe6c4.firebasestorage.app\"}","availability":["BUILD","RUNTIME"],"origin":"FIREBASE_SYSTEM"},{"variable":"FIREBASE_WEBAPP_CONFIG","value":"{\"apiKey\":\"AIzaSyBL55dWOh2eIBDooZ0EwzXegyAMEiWMuNE\",\"appId\":\"1:29257648718:web:d1219405f2aff549b8111f\",\"authDomain\":\"hire-hub-fe6c4.firebaseapp.com\",\"databaseURL\":\"https://hire-hub-fe6c4-default-rtdb.firebaseio.com\",\"messagingSenderId\":\"29257648718\",\"projectId\":\"hire-hub-fe6c4\",\"storageBucket\":\"hire-hub-fe6c4.firebasestorage.app\"}","availability":["BUILD"],"origin":"FIREBASE_SYSTEM"}]},"source":{"archive":{"rootDirectory":"/","userStorageUri":"gs://firebaseapphosting-sources-29257648718-us-central1/hirehub--41316-S2uG3O63ogkW-.zip"}},"buildLogsUri":"https://console.cloud.google.com/cloud-build/builds;region=us-central1/601bce04-3258-4a33-94f3-c8c280ecf8c4?project=29257648718","createTime":"2026-03-31T16:06:31.634649896Z","updateTime":"2026-05-11T17:38:40.254847Z","labels":{"deployment-tool":"cli-firebase"},"uid":"df9e0cb3-de7c-4ce7-811f-b61d1263020a","etag":"gFnHtyjIYCLzNjIA_rLi-yC3ijcCzwjv0qaGy-8PDcA","reconciling":false},{"name":"projects/hire-hub-fe6c4/locations/us-central1/backends/hirehub/builds/build-2026-04-24-004","state":"EXPIRED","image":"us-central1-docker.pkg.dev/hire-hub-fe6c4/firebaseapphosting-images/hirehub:build-2026-04-24-004","config":{"runConfig":{},"env":[{"variable":"NEXT_PUBLIC_FIREBASE_API_KEY","value":"AIzaSyBL55dWOh2eIBDooZ0EwzXegyAMEiWMuNE","availability":["BUILD","RUNTIME"]},{"variable":"NEXT_PUBLIC_FIREBASE_AUTH_DOMAIN","value":"hire-hub-fe6c4.firebaseapp.com","availability":["BUILD","RUNTIME"]},{"variable":"NEXT_PUBLIC_FIREBASE_DATABASE_URL","value":"https://hire-hub-fe6c4-default-rtdb.firebaseio.com","availability":["BUILD","RUNTIME"]},{"variable":"NEXT_PUBLIC_FIREBASE_PROJECT_ID","value":"hire-hub-fe6c4","availability":["BUILD","RUNTIME"]},{"variable":"NEXT_PUBLIC_FIREBASE_STORAGE_BUCKET","value":"hire-hub-fe6c4.firebasestorage.app","availability":["BUILD","RUNTIME"]},{"variable":"NEXT_PUBLIC_FIREBASE_MESSAGING_SENDER_ID","value":"29257648718","availability":["BUILD","RUNTIME"]},{"variable":"NEXT_PUBLIC_FIREBASE_APP_ID","value":"1:29257648718:web:e57961f6d9dc39fab8111f","availability":["BUILD","RUNTIME"]},{"variable":"NEXT_PUBLIC_FIREBASE_MEASUREMENT_ID","value":"G-PNFDV2Z6DG","availability":["BUILD","RUNTIME"]},{"variable":"FIREBASE_CONFIG","value":"{\"databaseURL\":\"https://hire-hub-fe6c4-default-rtdb.firebaseio.com\",\"projectId\":\"hire-hub-fe6c4\",\"storageBucket\":\"hire-hub-fe6c4.firebasestorage.app\"}","availability":["BUILD","RUNTIME"]},{"variable":"FIREBASE_WEBAPP_CONFIG","value":"{\"apiKey\":\"AIzaSyBL55dWOh2eIBDooZ0EwzXegyAMEiWMuNE\",\"appId\":\"1:29257648718:web:d1219405f2aff549b8111f\",\"authDomain\":\"hire-hub-fe6c4.firebaseapp.com\",\"databaseURL\":\"https://hire-hub-fe6c4-default-rtdb.firebaseio.com\",\"messagingSenderId\":\"29257648718\",\"projectId\":\"hire-hub-fe6c4\",\"storageBucket\":\"hire-hub-fe6c4.firebasestorage.app\"}","availability":["BUILD"]}],"effectiveEnv":[{"variable":"NEXT_PUBLIC_FIREBASE_API_KEY","value":"AIzaSyBL55dWOh2eIBDooZ0EwzXegyAMEiWMuNE","availability":["BUILD","RUNTIME"],"origin":"APPHOSTING_YAML","originFileName":"apphosting.yaml"},{"variable":"NEXT_PUBLIC_FIREBASE_AUTH_DOMAIN","value":"hire-hub-fe6c4.firebaseapp.com","availability":["BUILD","RUNTIME"],"origin":"APPHOSTING_YAML","originFileName":"apphosting.yaml"},{"variable":"NEXT_PUBLIC_FIREBASE_DATABASE_URL","value":"https://hire-hub-fe6c4-default-rtdb.firebaseio.com","availability":["BUILD","RUNTIME"],"origin":"APPHOSTING_YAML","originFileName":"apphosting.yaml"},{"variable":"NEXT_PUBLIC_FIREBASE_PROJECT_ID","value":"hire-hub-fe6c4","availability":["BUILD","RUNTIME"],"origin":"APPHOSTING_YAML","originFileName":"apphosting.yaml"},{"variable":"NEXT_PUBLIC_FIREBASE_STORAGE_BUCKET","value":"hire-hub-fe6c4.firebasestorage.app","availability":["BUILD","RUNTIME"],"origin":"APPHOSTING_YAML","originFileName":"apphosting.yaml"},{"variable":"NEXT_PUBLIC_FIREBASE_MESSAGING_SENDER_ID","value":"29257648718","availability":["BUILD","RUNTIME"],"origin":"APPHOSTING_YAML","originFileName":"apphosting.yaml"},{"variable":"NEXT_PUBLIC_FIREBASE_APP_ID","value":"1:29257648718:web:e57961f6d9dc39fab8111f","availability":["BUILD","RUNTIME"],"origin":"APPHOSTING_YAML","originFileName":"apphosting.yaml"},{"variable":"NEXT_PUBLIC_FIREBASE_MEASUREMENT_ID","value":"G-PNFDV2Z6DG","availability":["BUILD","RUNTIME"],"origin":"APPHOSTING_YAML","originFileName":"apphosting.yaml"},{"variable":"FIREBASE_CONFIG","value":"{\"databaseURL\":\"https://hire-hub-fe6c4-default-rtdb.firebaseio.com\",\"projectId\":\"hire-hub-fe6c4\",\"storageBucket\":\"hire-hub-fe6c4.firebasestorage.app\"}","availability":["BUILD","RUNTIME"],"origin":"FIREBASE_SYSTEM"},{"variable":"FIREBASE_WEBAPP_CONFIG","value":"{\"apiKey\":\"AIzaSyBL55dWOh2eIBDooZ0EwzXegyAMEiWMuNE\",\"appId\":\"1:29257648718:web:d1219405f2aff549b8111f\",\"authDomain\":\"hire-hub-fe6c4.firebaseapp.com\",\"databaseURL\":\"https://hire-hub-fe6c4-default-rtdb.firebaseio.com\",\"messagingSenderId\":\"29257648718\",\"projectId\":\"hire-hub-fe6c4\",\"storageBucket\":\"hire-hub-fe6c4.firebasestorage.app\"}","availability":["BUILD"],"origin":"FIREBASE_SYSTEM"}]},"source":{"archive":{"rootDirectory":"/","userStorageUri":"gs://firebaseapphosting-sources-29257648718-us-central1/hirehub--94633-qrMVcAOSH38t-.zip"}},"buildLogsUri":"https://console.cloud.google.com/cloud-build/builds;region=us-central1/46c3e54a-9b0a-4160-8411-508f3afb32e9?project=29257648718","createTime":"2026-04-24T17:19:05.119474907Z","updateTime":"2026-05-11T17:38:40.254847Z","labels":{"deployment-tool":"cli-firebase"},"uid":"debd38e7-c3ab-4088-ba45-9bb6aba80f16","etag":"1PvQd9-f7fDShu3svmq2Ibn3c0JCRNVMp8krxGAl2O4","reconciling":false},{"name":"projects/hire-hub-fe6c4/locations/us-central1/backends/hirehub/builds/build-2026-04-24-001","state":"EXPIRED","image":"us-central1-docker.pkg.dev/hire-hub-fe6c4/firebaseapphosting-images/hirehub:build-2026-04-24-001","config":{"runConfig":{},"env":[{"variable":"NEXT_PUBLIC_FIREBASE_API_KEY","value":"AIzaSyBL55dWOh2eIBDooZ0EwzXegyAMEiWMuNE","availability":["BUILD","RUNTIME"]},{"variable":"NEXT_PUBLIC_FIREBASE_AUTH_DOMAIN","value":"hire-hub-fe6c4.firebaseapp.com","availability":["BUILD","RUNTIME"]},{"variable":"NEXT_PUBLIC_FIREBASE_DATABASE_URL","value":"https://hire-hub-fe6c4-default-rtdb.firebaseio.com","availability":["BUILD","RUNTIME"]},{"variable":"NEXT_PUBLIC_FIREBASE_PROJECT_ID","value":"hire-hub-fe6c4","availability":["BUILD","RUNTIME"]},{"variable":"NEXT_PUBLIC_FIREBASE_STORAGE_BUCKET","value":"hire-hub-fe6c4.firebasestorage.app","availability":["BUILD","RUNTIME"]},{"variable":"NEXT_PUBLIC_FIREBASE_MESSAGING_SENDER_ID","value":"29257648718","availability":["BUILD","RUNTIME"]},{"variable":"NEXT_PUBLIC_FIREBASE_APP_ID","value":"1:29257648718:web:d94f398576623fbdb8111f","availability":["BUILD","RUNTIME"]},{"variable":"NEXT_PUBLIC_FIREBASE_MEASUREMENT_ID","value":"G-5YF7DTLCNM","availability":["BUILD","RUNTIME"]},{"variable":"FIREBASE_CONFIG","value":"{\"databaseURL\":\"https://hire-hub-fe6c4-default-rtdb.firebaseio.com\",\"projectId\":\"hire-hub-fe6c4\",\"storageBucket\":\"hire-hub-fe6c4.firebasestorage.app\"}","availability":["BUILD","RUNTIME"]},{"variable":"FIREBASE_WEBAPP_CONFIG","value":"{\"apiKey\":\"AIzaSyBL55dWOh2eIBDooZ0EwzXegyAMEiWMuNE\",\"appId\":\"1:29257648718:web:d1219405f2aff549b8111f\",\"authDomain\":\"hire-hub-fe6c4.firebaseapp.com\",\"databaseURL\":\"https://hire-hub-fe6c4-default-rtdb.firebaseio.com\",\"messagingSenderId\":\"29257648718\",\"projectId\":\"hire-hub-fe6c4\",\"storageBucket\":\"hire-hub-fe6c4.firebasestorage.app\"}","availability":["BUILD"]}],"effectiveEnv":[{"variable":"NEXT_PUBLIC_FIREBASE_API_KEY","value":"AIzaSyBL55dWOh2eIBDooZ0EwzXegyAMEiWMuNE","availability":["BUILD","RUNTIME"],"origin":"APPHOSTING_YAML","originFileName":"apphosting.yaml"},{"variable":"NEXT_PUBLIC_FIREBASE_AUTH_DOMAIN","value":"hire-hub-fe6c4.firebaseapp.com","availability":["BUILD","RUNTIME"],"origin":"APPHOSTING_YAML","originFileName":"apphosting.yaml"},{"variable":"NEXT_PUBLIC_FIREBASE_DATABASE_URL","value":"https://hire-hub-fe6c4-default-rtdb.firebaseio.com","availability":["BUILD","RUNTIME"],"origin":"APPHOSTING_YAML","originFileName":"apphosting.yaml"},{"variable":"NEXT_PUBLIC_FIREBASE_PROJECT_ID","value":"hire-hub-fe6c4","availability":["BUILD","RUNTIME"],"origin":"APPHOSTING_YAML","originFileName":"apphosting.yaml"},{"variable":"NEXT_PUBLIC_FIREBASE_STORAGE_BUCKET","value":"hire-hub-fe6c4.firebasestorage.app","availability":["BUILD","RUNTIME"],"origin":"APPHOSTING_YAML","originFileName":"apphosting.yaml"},{"variable":"NEXT_PUBLIC_FIREBASE_MESSAGING_SENDER_ID","value":"29257648718","availability":["BUILD","RUNTIME"],"origin":"APPHOSTING_YAML","originFileName":"apphosting.yaml"},{"variable":"NEXT_PUBLIC_FIREBASE_APP_ID","value":"1:29257648718:web:d94f398576623fbdb8111f","availability":["BUILD","RUNTIME"],"origin":"APPHOSTING_YAML","originFileName":"apphosting.yaml"},{"variable":"NEXT_PUBLIC_FIREBASE_MEASUREMENT_ID","value":"G-5YF7DTLCNM","availability":["BUILD","RUNTIME"],"origin":"APPHOSTING_YAML","originFileName":"apphosting.yaml"},{"variable":"FIREBASE_CONFIG","value":"{\"databaseURL\":\"https://hire-hub-fe6c4-default-rtdb.firebaseio.com\",\"projectId\":\"hire-hub-fe6c4\",\"storageBucket\":\"hire-hub-fe6c4.firebasestorage.app\"}","availability":["BUILD","RUNTIME"],"origin":"FIREBASE_SYSTEM"},{"variable":"FIREBASE_WEBAPP_CONFIG","value":"{\"apiKey\":\"AIzaSyBL55dWOh2eIBDooZ0EwzXegyAMEiWMuNE\",\"appId\":\"1:29257648718:web:d1219405f2aff549b8111f\",\"authDomain\":\"hire-hub-fe6c4.firebaseapp.com\",\"databaseURL\":\"https://hire-hub-fe6c4-default-rtdb.firebaseio.com\",\"messagingSenderId\":\"29257648718\",\"projectId\":\"hire-hub-fe6c4\",\"storageBucket\":\"hire-hub-fe6c4.firebasestorage.app\"}","availability":["BUILD"],"origin":"FIREBASE_SYSTEM"}]},"source":{"archive":{"rootDirectory":"/","userStorageUri":"gs://firebaseapphosting-sources-29257648718-us-central1/hirehub--66044-JeJARZ9nzcue-.zip"}},"buildLogsUri":"https://console.cloud.google.com/cloud-build/builds;region=us-central1/c82ed510-a2ed-482d-b911-abb022fd3c91?project=29257648718","createTime":"2026-04-24T13:32:15.605902249Z","updateTime":"2026-05-11T17:38:40.254847Z","labels":{"deployment-tool":"cli-firebase"},"uid":"be173864-4055-4833-aaaf-e4cfb6e4aad0","etag":"R1r9T63kUuMgpli9g3kbscX0Y3h6uKc-xBRO-6Xj8IQ","reconciling":false},{"name":"projects/hire-hub-fe6c4/locations/us-central1/backends/hirehub/builds/build-2026-04-24-003","state":"EXPIRED","image":"us-central1-docker.pkg.dev/hire-hub-fe6c4/firebaseapphosting-images/hirehub:build-2026-04-24-003","config":{"runConfig":{},"env":[{"variable":"NEXT_PUBLIC_FIREBASE_API_KEY","value":"AIzaSyBL55dWOh2eIBDooZ0EwzXegyAMEiWMuNE","availability":["BUILD","RUNTIME"]},{"variable":"NEXT_PUBLIC_FIREBASE_AUTH_DOMAIN","value":"hire-hub-fe6c4.firebaseapp.com","availability":["BUILD","RUNTIME"]},{"variable":"NEXT_PUBLIC_FIREBASE_DATABASE_URL","value":"https://hire-hub-fe6c4-default-rtdb.firebaseio.com","availability":["BUILD","RUNTIME"]},{"variable":"NEXT_PUBLIC_FIREBASE_PROJECT_ID","value":"hire-hub-fe6c4","availability":["BUILD","RUNTIME"]},{"variable":"NEXT_PUBLIC_FIREBASE_STORAGE_BUCKET","value":"hire-hub-fe6c4.firebasestorage.app","availability":["BUILD","RUNTIME"]},{"variable":"NEXT_PUBLIC_FIREBASE_MESSAGING_SENDER_ID","value":"29257648718","availability":["BUILD","RUNTIME"]},{"variable":"NEXT_PUBLIC_FIREBASE_APP_ID","value":"1:29257648718:web:e57961f6d9dc39fab8111f","availability":["BUILD","RUNTIME"]},{"variable":"NEXT_PUBLIC_FIREBASE_MEASUREMENT_ID","value":"G-PNFDV2Z6DG","availability":["BUILD","RUNTIME"]},{"variable":"FIREBASE_CONFIG","value":"{\"databaseURL\":\"https://hire-hub-fe6c4-default-rtdb.firebaseio.com\",\"projectId\":\"hire-hub-fe6c4\",\"storageBucket\":\"hire-hub-fe6c4.firebasestorage.app\"}","availability":["BUILD","RUNTIME"]},{"variable":"FIREBASE_WEBAPP_CONFIG","value":"{\"apiKey\":\"AIzaSyBL55dWOh2eIBDooZ0EwzXegyAMEiWMuNE\",\"appId\":\"1:29257648718:web:d1219405f2aff549b8111f\",\"authDomain\":\"hire-hub-fe6c4.firebaseapp.com\",\"databaseURL\":\"https://hire-hub-fe6c4-default-rtdb.firebaseio.com\",\"messagingSenderId\":\"29257648718\",\"projectId\":\"hire-hub-fe6c4\",\"storageBucket\":\"hire-hub-fe6c4.firebasestorage.app\"}","availability":["BUILD"]}],"effectiveEnv":[{"variable":"NEXT_PUBLIC_FIREBASE_API_KEY","value":"AIzaSyBL55dWOh2eIBDooZ0EwzXegyAMEiWMuNE","availability":["BUILD","RUNTIME"],"origin":"APPHOSTING_YAML","originFileName":"apphosting.yaml"},{"variable":"NEXT_PUBLIC_FIREBASE_AUTH_DOMAIN","value":"hire-hub-fe6c4.firebaseapp.com","availability":["BUILD","RUNTIME"],"origin":"APPHOSTING_YAML","originFileName":"apphosting.yaml"},{"variable":"NEXT_PUBLIC_FIREBASE_DATABASE_URL","value":"https://hire-hub-fe6c4-default-rtdb.firebaseio.com","availability":["BUILD","RUNTIME"],"origin":"APPHOSTING_YAML","originFileName":"apphosting.yaml"},{"variable":"NEXT_PUBLIC_FIREBASE_PROJECT_ID","value":"hire-hub-fe6c4","availability":["BUILD","RUNTIME"],"origin":"APPHOSTING_YAML","originFileName":"apphosting.yaml"},{"variable":"NEXT_PUBLIC_FIREBASE_STORAGE_BUCKET","value":"hire-hub-fe6c4.firebasestorage.app","availability":["BUILD","RUNTIME"],"origin":"APPHOSTING_YAML","originFileName":"apphosting.yaml"},{"variable":"NEXT_PUBLIC_FIREBASE_MESSAGING_SENDER_ID","value":"29257648718","availability":["BUILD","RUNTIME"],"origin":"APPHOSTING_YAML","originFileName":"apphosting.yaml"},{"variable":"NEXT_PUBLIC_FIREBASE_APP_ID","value":"1:29257648718:web:e57961f6d9dc39fab8111f","availability":["BUILD","RUNTIME"],"origin":"APPHOSTING_YAML","originFileName":"apphosting.yaml"},{"variable":"NEXT_PUBLIC_FIREBASE_MEASUREMENT_ID","value":"G-PNFDV2Z6DG","availability":["BUILD","RUNTIME"],"origin":"APPHOSTING_YAML","originFileName":"apphosting.yaml"},{"variable":"FIREBASE_CONFIG","value":"{\"databaseURL\":\"https://hire-hub-fe6c4-default-rtdb.firebaseio.com\",\"projectId\":\"hire-hub-fe6c4\",\"storageBucket\":\"hire-hub-fe6c4.firebasestorage.app\"}","availability":["BUILD","RUNTIME"],"origin":"FIREBASE_SYSTEM"},{"variable":"FIREBASE_WEBAPP_CONFIG","value":"{\"apiKey\":\"AIzaSyBL55dWOh2eIBDooZ0EwzXegyAMEiWMuNE\",\"appId\":\"1:29257648718:web:d1219405f2aff549b8111f\",\"authDomain\":\"hire-hub-fe6c4.firebaseapp.com\",\"databaseURL\":\"https://hire-hub-fe6c4-default-rtdb.firebaseio.com\",\"messagingSenderId\":\"29257648718\",\"projectId\":\"hire-hub-fe6c4\",\"storageBucket\":\"hire-hub-fe6c4.firebasestorage.app\"}","availability":["BUILD"],"origin":"FIREBASE_SYSTEM"}]},"source":{"archive":{"rootDirectory":"/","userStorageUri":"gs://firebaseapphosting-sources-29257648718-us-central1/hirehub--75850-gxmw95kr1lPS-.zip"}},"buildLogsUri":"https://console.cloud.google.com/cloud-build/builds;region=us-central1/60e4adfc-6a94-46dc-a73e-b5638901b478?project=29257648718","createTime":"2026-04-24T14:25:09.507547202Z","updateTime":"2026-05-11T17:38:40.254847Z","labels":{"deployment-tool":"cli-firebase"},"uid":"f7dcc462-6946-42dd-8ffd-5db822750557","etag":"ZF5DlfVkoWJvKUJuN2NkI00DneHLf9PmzZUJQlIIefQ","reconciling":false},{"name":"projects/hire-hub-fe6c4/locations/us-central1/backends/hirehub/builds/build-2026-04-24-002","state":"EXPIRED","image":"us-central1-docker.pkg.dev/hire-hub-fe6c4/firebaseapphosting-images/hirehub:build-2026-04-24-002","config":{"runConfig":{},"env":[{"variable":"NEXT_PUBLIC_FIREBASE_API_KEY","value":"AIzaSyBL55dWOh2eIBDooZ0EwzXegyAMEiWMuNE","availability":["BUILD","RUNTIME"]},{"variable":"NEXT_PUBLIC_FIREBASE_AUTH_DOMAIN","value":"hire-hub-fe6c4.firebaseapp.com","availability":["BUILD","RUNTIME"]},{"variable":"NEXT_PUBLIC_FIREBASE_DATABASE_URL","value":"https://hire-hub-fe6c4-default-rtdb.firebaseio.com","availability":["BUILD","RUNTIME"]},{"variable":"NEXT_PUBLIC_FIREBASE_PROJECT_ID","value":"hire-hub-fe6c4","availability":["BUILD","RUNTIME"]},{"variable":"NEXT_PUBLIC_FIREBASE_STORAGE_BUCKET","value":"hire-hub-fe6c4.firebasestorage.app","availability":["BUILD","RUNTIME"]},{"variable":"NEXT_PUBLIC_FIREBASE_MESSAGING_SENDER_ID","value":"29257648718","availability":["BUILD","RUNTIME"]},{"variable":"NEXT_PUBLIC_FIREBASE_APP_ID","value":"1:29257648718:web:d94f398576623fbdb8111f","availability":["BUILD","RUNTIME"]},{"variable":"NEXT_PUBLIC_FIREBASE_MEASUREMENT_ID","value":"G-5YF7DTLCNM","availability":["BUILD","RUNTIME"]},{"variable":"FIREBASE_CONFIG","value":"{\"databaseURL\":\"https://hire-hub-fe6c4-default-rtdb.firebaseio.com\",\"projectId\":\"hire-hub-fe6c4\",\"storageBucket\":\"hire-hub-fe6c4.firebasestorage.app\"}","availability":["BUILD","RUNTIME"]},{"variable":"FIREBASE_WEBAPP_CONFIG","value":"{\"apiKey\":\"AIzaSyBL55dWOh2eIBDooZ0EwzXegyAMEiWMuNE\",\"appId\":\"1:29257648718:web:d1219405f2aff549b8111f\",\"authDomain\":\"hire-hub-fe6c4.firebaseapp.com\",\"databaseURL\":\"https://hire-hub-fe6c4-default-rtdb.firebaseio.com\",\"messagingSenderId\":\"29257648718\",\"projectId\":\"hire-hub-fe6c4\",\"storageBucket\":\"hire-hub-fe6c4.firebasestorage.app\"}","availability":["BUILD"]}],"effectiveEnv":[{"variable":"NEXT_PUBLIC_FIREBASE_API_KEY","value":"AIzaSyBL55dWOh2eIBDooZ0EwzXegyAMEiWMuNE","availability":["BUILD","RUNTIME"],"origin":"APPHOSTING_YAML","originFileName":"apphosting.yaml"},{"variable":"NEXT_PUBLIC_FIREBASE_AUTH_DOMAIN","value":"hire-hub-fe6c4.firebaseapp.com","availability":["BUILD","RUNTIME"],"origin":"APPHOSTING_YAML","originFileName":"apphosting.yaml"},{"variable":"NEXT_PUBLIC_FIREBASE_DATABASE_URL","value":"https://hire-hub-fe6c4-default-rtdb.firebaseio.com","availability":["BUILD","RUNTIME"],"origin":"APPHOSTING_YAML","originFileName":"apphosting.yaml"},{"variable":"NEXT_PUBLIC_FIREBASE_PROJECT_ID","value":"hire-hub-fe6c4","availability":["BUILD","RUNTIME"],"origin":"APPHOSTING_YAML","originFileName":"apphosting.yaml"},{"variable":"NEXT_PUBLIC_FIREBASE_STORAGE_BUCKET","value":"hire-hub-fe6c4.firebasestorage.app","availability":["BUILD","RUNTIME"],"origin":"APPHOSTING_YAML","originFileName":"apphosting.yaml"},{"variable":"NEXT_PUBLIC_FIREBASE_MESSAGING_SENDER_ID","value":"29257648718","availability":["BUILD","RUNTIME"],"origin":"APPHOSTING_YAML","originFileName":"apphosting.yaml"},{"variable":"NEXT_PUBLIC_FIREBASE_APP_ID","value":"1:29257648718:web:d94f398576623fbdb8111f","availability":["BUILD","RUNTIME"],"origin":"APPHOSTING_YAML","originFileName":"apphosting.yaml"},{"variable":"NEXT_PUBLIC_FIREBASE_MEASUREMENT_ID","value":"G-5YF7DTLCNM","availability":["BUILD","RUNTIME"],"origin":"APPHOSTING_YAML","originFileName":"apphosting.yaml"},{"variable":"FIREBASE_CONFIG","value":"{\"databaseURL\":\"https://hire-hub-fe6c4-default-rtdb.firebaseio.com\",\"projectId\":\"hire-hub-fe6c4\",\"storageBucket\":\"hire-hub-fe6c4.firebasestorage.app\"}","availability":["BUILD","RUNTIME"],"origin":"FIREBASE_SYSTEM"},{"variable":"FIREBASE_WEBAPP_CONFIG","value":"{\"apiKey\":\"AIzaSyBL55dWOh2eIBDooZ0EwzXegyAMEiWMuNE\",\"appId\":\"1:29257648718:web:d1219405f2aff549b8111f\",\"authDomain\":\"hire-hub-fe6c4.firebaseapp.com\",\"databaseURL\":\"https://hire-hub-fe6c4-default-rtdb.firebaseio.com\",\"messagingSenderId\":\"29257648718\",\"projectId\":\"hire-hub-fe6c4\",\"storageBucket\":\"hire-hub-fe6c4.firebasestorage.app\"}","availability":["BUILD"],"origin":"FIREBASE_SYSTEM"}]},"source":{"archive":{"rootDirectory":"/","userStorageUri":"gs://firebaseapphosting-sources-29257648718-us-central1/hirehub--66848-F8eDfQ4XmQ5i-.zip"}},"buildLogsUri":"https://console.cloud.google.com/cloud-build/builds;region=us-central1/b9d8c2bd-edc8-41b2-8d64-63a533fee475?project=29257648718","createTime":"2026-04-24T13:37:46.776868133Z","updateTime":"2026-05-11T17:38:40.254847Z","labels":{"deployment-tool":"cli-firebase"},"uid":"fc804267-5981-4975-897f-140967d8585e","etag":"lAwq3aKolSNVnDtyGTN0anL03Ab_u2w3IY8UijN8iSg","reconciling":false},{"name":"projects/hire-hub-fe6c4/locations/us-central1/backends/hirehub/builds/build-2026-03-30-001","state":"EXPIRED","image":"us-central1-docker.pkg.dev/hire-hub-fe6c4/firebaseapphosting-images/hirehub:build-2026-03-30-001","config":{"runConfig":{},"env":[{"variable":"NEXT_PUBLIC_FIREBASE_API_KEY","value":"AIzaSyBL55dWOh2eIBDooZ0EwzXegyAMEiWMuNE","availability":["BUILD","RUNTIME"]},{"variable":"NEXT_PUBLIC_FIREBASE_AUTH_DOMAIN","value":"hire-hub-fe6c4.firebaseapp.com","availability":["BUILD","RUNTIME"]},{"variable":"NEXT_PUBLIC_FIREBASE_DATABASE_URL","value":"https://hire-hub-fe6c4-default-rtdb.firebaseio.com","availability":["BUILD","RUNTIME"]},{"variable":"NEXT_PUBLIC_FIREBASE_PROJECT_ID","value":"hire-hub-fe6c4","availability":["BUILD","RUNTIME"]},{"variable":"NEXT_PUBLIC_FIREBASE_STORAGE_BUCKET","value":"hire-hub-fe6c4.firebasestorage.app","availability":["BUILD","RUNTIME"]},{"variable":"NEXT_PUBLIC_FIREBASE_MESSAGING_SENDER_ID","value":"29257648718","availability":["BUILD","RUNTIME"]},{"variable":"NEXT_PUBLIC_FIREBASE_APP_ID","value":"1:29257648718:web:d94f398576623fbdb8111f","availability":["BUILD","RUNTIME"]},{"variable":"NEXT_PUBLIC_FIREBASE_MEASUREMENT_ID","value":"G-5YF7DTLCNM","availability":["BUILD","RUNTIME"]},{"variable":"FIREBASE_CONFIG","value":"{\"databaseURL\":\"https://hire-hub-fe6c4-default-rtdb.firebaseio.com\",\"projectId\":\"hire-hub-fe6c4\",\"storageBucket\":\"hire-hub-fe6c4.firebasestorage.app\"}","availability":["BUILD","RUNTIME"]},{"variable":"FIREBASE_WEBAPP_CONFIG","value":"{\"apiKey\":\"AIzaSyBL55dWOh2eIBDooZ0EwzXegyAMEiWMuNE\",\"appId\":\"1:29257648718:web:d1219405f2aff549b8111f\",\"authDomain\":\"hire-hub-fe6c4.firebaseapp.com\",\"databaseURL\":\"https://hire-hub-fe6c4-default-rtdb.firebaseio.com\",\"messagingSenderId\":\"29257648718\",\"projectId\":\"hire-hub-fe6c4\",\"storageBucket\":\"hire-hub-fe6c4.firebasestorage.app\"}","availability":["BUILD"]}],"effectiveEnv":[{"variable":"NEXT_PUBLIC_FIREBASE_API_KEY","value":"AIzaSyBL55dWOh2eIBDooZ0EwzXegyAMEiWMuNE","availability":["BUILD","RUNTIME"],"origin":"APPHOSTING_YAML","originFileName":"apphosting.yaml"},{"variable":"NEXT_PUBLIC_FIREBASE_AUTH_DOMAIN","value":"hire-hub-fe6c4.firebaseapp.com","availability":["BUILD","RUNTIME"],"origin":"APPHOSTING_YAML","originFileName":"apphosting.yaml"},{"variable":"NEXT_PUBLIC_FIREBASE_DATABASE_URL","value":"https://hire-hub-fe6c4-default-rtdb.firebaseio.com","availability":["BUILD","RUNTIME"],"origin":"APPHOSTING_YAML","originFileName":"apphosting.yaml"},{"variable":"NEXT_PUBLIC_FIREBASE_PROJECT_ID","value":"hire-hub-fe6c4","availability":["BUILD","RUNTIME"],"origin":"APPHOSTING_YAML","originFileName":"apphosting.yaml"},{"variable":"NEXT_PUBLIC_FIREBASE_STORAGE_BUCKET","value":"hire-hub-fe6c4.firebasestorage.app","availability":["BUILD","RUNTIME"],"origin":"APPHOSTING_YAML","originFileName":"apphosting.yaml"},{"variable":"NEXT_PUBLIC_FIREBASE_MESSAGING_SENDER_ID","value":"29257648718","availability":["BUILD","RUNTIME"],"origin":"APPHOSTING_YAML","originFileName":"apphosting.yaml"},{"variable":"NEXT_PUBLIC_FIREBASE_APP_ID","value":"1:29257648718:web:d94f398576623fbdb8111f","availability":["BUILD","RUNTIME"],"origin":"APPHOSTING_YAML","originFileName":"apphosting.yaml"},{"variable":"NEXT_PUBLIC_FIREBASE_MEASUREMENT_ID","value":"G-5YF7DTLCNM","availability":["BUILD","RUNTIME"],"origin":"APPHOSTING_YAML","originFileName":"apphosting.yaml"},{"variable":"FIREBASE_CONFIG","value":"{\"databaseURL\":\"https://hire-hub-fe6c4-default-rtdb.firebaseio.com\",\"projectId\":\"hire-hub-fe6c4\",\"storageBucket\":\"hire-hub-fe6c4.firebasestorage.app\"}","availability":["BUILD","RUNTIME"],"origin":"FIREBASE_SYSTEM"},{"variable":"FIREBASE_WEBAPP_CONFIG","value":"{\"apiKey\":\"AIzaSyBL55dWOh2eIBDooZ0EwzXegyAMEiWMuNE\",\"appId\":\"1:29257648718:web:d1219405f2aff549b8111f\",\"authDomain\":\"hire-hub-fe6c4.firebaseapp.com\",\"databaseURL\":\"https://hire-hub-fe6c4-default-rtdb.firebaseio.com\",\"messagingSenderId\":\"29257648718\",\"projectId\":\"hire-hub-fe6c4\",\"storageBucket\":\"hire-hub-fe6c4.firebasestorage.app\"}","availability":["BUILD"],"origin":"FIREBASE_SYSTEM"}]},"source":{"archive":{"rootDirectory":"/","userStorageUri":"gs://firebaseapphosting-sources-29257648718-us-central1/hirehub--17936-wYxu9hVmot5p-.zip"}},"buildLogsUri":"https://console.cloud.google.com/cloud-build/builds;region=us-central1/f3a02527-03cb-4d88-950d-85b1d9d603fe?project=29257648718","createTime":"2026-03-30T21:48:18.301103913Z","updateTime":"2026-05-11T17:38:40.254847Z","labels":{"deployment-tool":"cli-firebase"},"uid":"dcdd5d4e-cb14-4866-b88a-886eaeabb044","etag":"IiHCOxQck33oYVH9FWMzMNbWN8ZBjz8Eb37f9HPHa8I","reconciling":false},{"name":"projects/hire-hub-fe6c4/locations/us-central1/backends/hirehub/builds/build-2026-05-05-001","state":"READY","image":"us-central1-docker.pkg.dev/hire-hub-fe6c4/firebaseapphosting-images/hirehub:build-2026-05-05-001","config":{"runConfig":{},"env":[{"variable":"NEXT_PUBLIC_FIREBASE_API_KEY","value":"AIzaSyBL55dWOh2eIBDooZ0EwzXegyAMEiWMuNE","availability":["BUILD","RUNTIME"]},{"variable":"NEXT_PUBLIC_FIREBASE_AUTH_DOMAIN","value":"hire-hub-fe6c4.firebaseapp.com","availability":["BUILD","RUNTIME"]},{"variable":"NEXT_PUBLIC_FIREBASE_DATABASE_URL","value":"https://hire-hub-fe6c4-default-rtdb.firebaseio.com","availability":["BUILD","RUNTIME"]},{"variable":"NEXT_PUBLIC_FIREBASE_PROJECT_ID","value":"hire-hub-fe6c4","availability":["BUILD","RUNTIME"]},{"variable":"NEXT_PUBLIC_FIREBASE_STORAGE_BUCKET","value":"hire-hub-fe6c4.firebasestorage.app","availability":["BUILD","RUNTIME"]},{"variable":"NEXT_PUBLIC_FIREBASE_MESSAGING_SENDER_ID","value":"29257648718","availability":["BUILD","RUNTIME"]},{"variable":"NEXT_PUBLIC_FIREBASE_APP_ID","value":"1:29257648718:web:e57961f6d9dc39fab8111f","availability":["BUILD","RUNTIME"]},{"variable":"NEXT_PUBLIC_FIREBASE_MEASUREMENT_ID","value":"G-PNFDV2Z6DG","availability":["BUILD","RUNTIME"]},{"variable":"FIREBASE_CONFIG","value":"{\"databaseURL\":\"https://hire-hub-fe6c4-default-rtdb.firebaseio.com\",\"projectId\":\"hire-hub-fe6c4\",\"storageBucket\":\"hire-hub-fe6c4.firebasestorage.app\"}","availability":["BUILD","RUNTIME"]},{"variable":"FIREBASE_WEBAPP_CONFIG","value":"{\"apiKey\":\"AIzaSyBL55dWOh2eIBDooZ0EwzXegyAMEiWMuNE\",\"appId\":\"1:29257648718:web:d1219405f2aff549b8111f\",\"authDomain\":\"hire-hub-fe6c4.firebaseapp.com\",\"databaseURL\":\"https://hire-hub-fe6c4-default-rtdb.firebaseio.com\",\"messagingSenderId\":\"29257648718\",\"projectId\":\"hire-hub-fe6c4\",\"storageBucket\":\"hire-hub-fe6c4.firebasestorage.app\"}","availability":["BUILD"]}],"effectiveEnv":[{"variable":"NEXT_PUBLIC_FIREBASE_API_KEY","value":"AIzaSyBL55dWOh2eIBDooZ0EwzXegyAMEiWMuNE","availability":["BUILD","RUNTIME"],"origin":"APPHOSTING_YAML","originFileName":"apphosting.yaml"},{"variable":"NEXT_PUBLIC_FIREBASE_AUTH_DOMAIN","value":"hire-hub-fe6c4.firebaseapp.com","availability":["BUILD","RUNTIME"],"origin":"APPHOSTING_YAML","originFileName":"apphosting.yaml"},{"variable":"NEXT_PUBLIC_FIREBASE_DATABASE_URL","value":"https://hire-hub-fe6c4-default-rtdb.firebaseio.com","availability":["BUILD","RUNTIME"],"origin":"APPHOSTING_YAML","originFileName":"apphosting.yaml"},{"variable":"NEXT_PUBLIC_FIREBASE_PROJECT_ID","value":"hire-hub-fe6c4","availability":["BUILD","RUNTIME"],"origin":"APPHOSTING_YAML","originFileName":"apphosting.yaml"},{"variable":"NEXT_PUBLIC_FIREBASE_STORAGE_BUCKET","value":"hire-hub-fe6c4.firebasestorage.app","availability":["BUILD","RUNTIME"],"origin":"APPHOSTING_YAML","originFileName":"apphosting.yaml"},{"variable":"NEXT_PUBLIC_FIREBASE_MESSAGING_SENDER_ID","value":"29257648718","availability":["BUILD","RUNTIME"],"origin":"APPHOSTING_YAML","originFileName":"apphosting.yaml"},{"variable":"NEXT_PUBLIC_FIREBASE_APP_ID","value":"1:29257648718:web:e57961f6d9dc39fab8111f","availability":["BUILD","RUNTIME"],"origin":"APPHOSTING_YAML","originFileName":"apphosting.yaml"},{"variable":"NEXT_PUBLIC_FIREBASE_MEASUREMENT_ID","value":"G-PNFDV2Z6DG","availability":["BUILD","RUNTIME"],"origin":"APPHOSTING_YAML","originFileName":"apphosting.yaml"},{"variable":"FIREBASE_CONFIG","value":"{\"databaseURL\":\"https://hire-hub-fe6c4-default-rtdb.firebaseio.com\",\"projectId\":\"hire-hub-fe6c4\",\"storageBucket\":\"hire-hub-fe6c4.firebasestorage.app\"}","availability":["BUILD","RUNTIME"],"origin":"FIREBASE_SYSTEM"},{"variable":"FIREBASE_WEBAPP_CONFIG","value":"{\"apiKey\":\"AIzaSyBL55dWOh2eIBDooZ0EwzXegyAMEiWMuNE\",\"appId\":\"1:29257648718:web:d1219405f2aff549b8111f\",\"authDomain\":\"hire-hub-fe6c4.firebaseapp.com\",\"databaseURL\":\"https://hire-hub-fe6c4-default-rtdb.firebaseio.com\",\"messagingSenderId\":\"29257648718\",\"projectId\":\"hire-hub-fe6c4\",\"storageBucket\":\"hire-hub-fe6c4.firebasestorage.app\"}","availability":["BUILD"],"origin":"FIREBASE_SYSTEM"}]},"source":{"archive":{"rootDirectory":"/","userStorageUri":"gs://firebaseapphosting-sources-29257648718-us-central1/hirehub--41504-d6R5IGEa5uuP-.zip"}},"buildLogsUri":"https://console.cloud.google.com/cloud-build/builds;region=us-central1/e81333ac-1720-46e9-90e7-f012c4e03262?project=29257648718","createTime":"2026-05-05T09:10:26.549986023Z","updateTime":"2026-05-05T09:13:28.742603Z","labels":{"deployment-tool":"cli-firebase"},"uid":"dce8fa8b-a313-4be0-8f12-c64719dcc5a2","etag":"pdYDs9YoS97BpSUyMW0O7mPPxjarEve-Z4SrA20pUD0","reconciling":false},{"name":"projects/hire-hub-fe6c4/locations/us-central1/backends/hirehub/builds/build-2026-05-05-002","state":"READY","image":"us-central1-docker.pkg.dev/hire-hub-fe6c4/firebaseapphosting-images/hirehub:build-2026-05-05-002","config":{"runConfig":{},"env":[{"variable":"NEXT_PUBLIC_FIREBASE_API_KEY","value":"AIzaSyBL55dWOh2eIBDooZ0EwzXegyAMEiWMuNE","availability":["BUILD","RUNTIME"]},{"variable":"NEXT_PUBLIC_FIREBASE_AUTH_DOMAIN","value":"hire-hub-fe6c4.firebaseapp.com","availability":["BUILD","RUNTIME"]},{"variable":"NEXT_PUBLIC_FIREBASE_DATABASE_URL","value":"https://hire-hub-fe6c4-default-rtdb.firebaseio.com","availability":["BUILD","RUNTIME"]},{"variable":"NEXT_PUBLIC_FIREBASE_PROJECT_ID","value":"hire-hub-fe6c4","availability":["BUILD","RUNTIME"]},{"variable":"NEXT_PUBLIC_FIREBASE_STORAGE_BUCKET","value":"hire-hub-fe6c4.firebasestorage.app","availability":["BUILD","RUNTIME"]},{"variable":"NEXT_PUBLIC_FIREBASE_MESSAGING_SENDER_ID","value":"29257648718","availability":["BUILD","RUNTIME"]},{"variable":"NEXT_PUBLIC_FIREBASE_APP_ID","value":"1:29257648718:web:e57961f6d9dc39fab8111f","availability":["BUILD","RUNTIME"]},{"variable":"NEXT_PUBLIC_FIREBASE_MEASUREMENT_ID","value":"G-PNFDV2Z6DG","availability":["BUILD","RUNTIME"]},{"variable":"FIREBASE_CONFIG","value":"{\"databaseURL\":\"https://hire-hub-fe6c4-default-rtdb.firebaseio.com\",\"projectId\":\"hire-hub-fe6c4\",\"storageBucket\":\"hire-hub-fe6c4.firebasestorage.app\"}","availability":["BUILD","RUNTIME"]},{"variable":"FIREBASE_WEBAPP_CONFIG","value":"{\"apiKey\":\"AIzaSyBL55dWOh2eIBDooZ0EwzXegyAMEiWMuNE\",\"appId\":\"1:29257648718:web:d1219405f2aff549b8111f\",\"authDomain\":\"hire-hub-fe6c4.firebaseapp.com\",\"databaseURL\":\"https://hire-hub-fe6c4-default-rtdb.firebaseio.com\",\"messagingSenderId\":\"29257648718\",\"projectId\":\"hire-hub-fe6c4\",\"storageBucket\":\"hire-hub-fe6c4.firebasestorage.app\"}","availability":["BUILD"]}],"effectiveEnv":[{"variable":"NEXT_PUBLIC_FIREBASE_API_KEY","value":"AIzaSyBL55dWOh2eIBDooZ0EwzXegyAMEiWMuNE","availability":["BUILD","RUNTIME"],"origin":"APPHOSTING_YAML","originFileName":"apphosting.yaml"},{"variable":"NEXT_PUBLIC_FIREBASE_AUTH_DOMAIN","value":"hire-hub-fe6c4.firebaseapp.com","availability":["BUILD","RUNTIME"],"origin":"APPHOSTING_YAML","originFileName":"apphosting.yaml"},{"variable":"NEXT_PUBLIC_FIREBASE_DATABASE_URL","value":"https://hire-hub-fe6c4-default-rtdb.firebaseio.com","availability":["BUILD","RUNTIME"],"origin":"APPHOSTING_YAML","originFileName":"apphosting.yaml"},{"variable":"NEXT_PUBLIC_FIREBASE_PROJECT_ID","value":"hire-hub-fe6c4","availability":["BUILD","RUNTIME"],"origin":"APPHOSTING_YAML","originFileName":"apphosting.yaml"},{"variable":"NEXT_PUBLIC_FIREBASE_STORAGE_BUCKET","value":"hire-hub-fe6c4.firebasestorage.app","availability":["BUILD","RUNTIME"],"origin":"APPHOSTING_YAML","originFileName":"apphosting.yaml"},{"variable":"NEXT_PUBLIC_FIREBASE_MESSAGING_SENDER_ID","value":"29257648718","availability":["BUILD","RUNTIME"],"origin":"APPHOSTING_YAML","originFileName":"apphosting.yaml"},{"variable":"NEXT_PUBLIC_FIREBASE_APP_ID","value":"1:29257648718:web:e57961f6d9dc39fab8111f","availability":["BUILD","RUNTIME"],"origin":"APPHOSTING_YAML","originFileName":"apphosting.yaml"},{"variable":"NEXT_PUBLIC_FIREBASE_MEASUREMENT_ID","value":"G-PNFDV2Z6DG","availability":["BUILD","RUNTIME"],"origin":"APPHOSTING_YAML","originFileName":"apphosting.yaml"},{"variable":"FIREBASE_CONFIG","value":"{\"databaseURL\":\"https://hire-hub-fe6c4-default-rtdb.firebaseio.com\",\"projectId\":\"hire-hub-fe6c4\",\"storageBucket\":\"hire-hub-fe6c4.firebasestorage.app\"}","availability":["BUILD","RUNTIME"],"origin":"FIREBASE_SYSTEM"},{"variable":"FIREBASE_WEBAPP_CONFIG","value":"{\"apiKey\":\"AIzaSyBL55dWOh2eIBDooZ0EwzXegyAMEiWMuNE\",\"appId\":\"1:29257648718:web:d1219405f2aff549b8111f\",\"authDomain\":\"hire-hub-fe6c4.firebaseapp.com\",\"databaseURL\":\"https://hire-hub-fe6c4-default-rtdb.firebaseio.com\",\"messagingSenderId\":\"29257648718\",\"projectId\":\"hire-hub-fe6c4\",\"storageBucket\":\"hire-hub-fe6c4.firebasestorage.app\"}","availability":["BUILD"],"origin":"FIREBASE_SYSTEM"}]},"source":{"archive":{"rootDirectory":"/","userStorageUri":"gs://firebaseapphosting-sources-29257648718-us-central1/hirehub--46723-BXKzEvKvnssJ-.zip"}},"buildLogsUri":"https://console.cloud.google.com/cloud-build/builds;region=us-central1/b9d73a0a-7a05-485d-866e-b581e207c41f?project=29257648718","createTime":"2026-05-05T09:36:23.275569567Z","updateTime":"2026-05-05T09:39:35.570431Z","labels":{"deployment-tool":"cli-firebase"},"uid":"078747a1-0220-4128-ba18-ea3f75b3d9f4","etag":"jSLhsMTsDPpeb3i-6VLApZpuptmMXfyRXGCylfvRobM","reconciling":false},{"name":"projects/hire-hub-fe6c4/locations/us-central1/backends/hirehub/builds/build-2026-05-19-002","state":"READY","image":"us-central1-docker.pkg.dev/hire-hub-fe6c4/firebaseapphosting-images/hirehub:build-2026-05-19-002","config":{"runConfig":{},"env":[{"variable":"MOBILE_SITE_URL","value":"https://hiro-service.web.app","availability":["BUILD","RUNTIME"]},{"variable":"NEXT_PUBLIC_FIREBASE_API_KEY","value":"AIzaSyBL55dWOh2eIBDooZ0EwzXegyAMEiWMuNE","availability":["BUILD","RUNTIME"]},{"variable":"NEXT_PUBLIC_FIREBASE_AUTH_DOMAIN","value":"hire-hub-fe6c4.firebaseapp.com","availability":["BUILD","RUNTIME"]},{"variable":"NEXT_PUBLIC_FIREBASE_DATABASE_URL","value":"https://hire-hub-fe6c4-default-rtdb.firebaseio.com","availability":["BUILD","RUNTIME"]},{"variable":"NEXT_PUBLIC_FIREBASE_PROJECT_ID","value":"hire-hub-fe6c4","availability":["BUILD","RUNTIME"]},{"variable":"NEXT_PUBLIC_FIREBASE_STORAGE_BUCKET","value":"hire-hub-fe6c4.firebasestorage.app","availability":["BUILD","RUNTIME"]},{"variable":"NEXT_PUBLIC_FIREBASE_MESSAGING_SENDER_ID","value":"29257648718","availability":["BUILD","RUNTIME"]},{"variable":"NEXT_PUBLIC_FIREBASE_APP_ID","value":"1:29257648718:web:e57961f6d9dc39fab8111f","availability":["BUILD","RUNTIME"]},{"variable":"NEXT_PUBLIC_FIREBASE_MEASUREMENT_ID","value":"G-PNFDV2Z6DG","availability":["BUILD","RUNTIME"]},{"variable":"FIREBASE_CONFIG","value":"{\"databaseURL\":\"https://hire-hub-fe6c4-default-rtdb.firebaseio.com\",\"projectId\":\"hire-hub-fe6c4\",\"storageBucket\":\"hire-hub-fe6c4.firebasestorage.app\"}","availability":["BUILD","RUNTIME"]},{"variable":"FIREBASE_WEBAPP_CONFIG","value":"{\"apiKey\":\"AIzaSyBL55dWOh2eIBDooZ0EwzXegyAMEiWMuNE\",\"appId\":\"1:29257648718:web:d1219405f2aff549b8111f\",\"authDomain\":\"hire-hub-fe6c4.firebaseapp.com\",\"databaseURL\":\"https://hire-hub-fe6c4-default-rtdb.firebaseio.com\",\"messagingSenderId\":\"29257648718\",\"projectId\":\"hire-hub-fe6c4\",\"storageBucket\":\"hire-hub-fe6c4.firebasestorage.app\"}","availability":["BUILD"]}],"effectiveEnv":[{"variable":"MOBILE_SITE_URL","value":"https://hiro-service.web.app","availability":["BUILD","RUNTIME"],"origin":"APPHOSTING_YAML","originFileName":"apphosting.yaml"},{"variable":"NEXT_PUBLIC_FIREBASE_API_KEY","value":"AIzaSyBL55dWOh2eIBDooZ0EwzXegyAMEiWMuNE","availability":["BUILD","RUNTIME"],"origin":"APPHOSTING_YAML","originFileName":"apphosting.yaml"},{"variable":"NEXT_PUBLIC_FIREBASE_AUTH_DOMAIN","value":"hire-hub-fe6c4.firebaseapp.com","availability":["BUILD","RUNTIME"],"origin":"APPHOSTING_YAML","originFileName":"apphosting.yaml"},{"variable":"NEXT_PUBLIC_FIREBASE_DATABASE_URL","value":"https://hire-hub-fe6c4-default-rtdb.firebaseio.com","availability":["BUILD","RUNTIME"],"origin":"APPHOSTING_YAML","originFileName":"apphosting.yaml"},{"variable":"NEXT_PUBLIC_FIREBASE_PROJECT_ID","value":"hire-hub-fe6c4","availability":["BUILD","RUNTIME"],"origin":"APPHOSTING_YAML","originFileName":"apphosting.yaml"},{"variable":"NEXT_PUBLIC_FIREBASE_STORAGE_BUCKET","value":"hire-hub-fe6c4.firebasestorage.app","availability":["BUILD","RUNTIME"],"origin":"APPHOSTING_YAML","originFileName":"apphosting.yaml"},{"variable":"NEXT_PUBLIC_FIREBASE_MESSAGING_SENDER_ID","value":"29257648718","availability":["BUILD","RUNTIME"],"origin":"APPHOSTING_YAML","originFileName":"apphosting.yaml"},{"variable":"NEXT_PUBLIC_FIREBASE_APP_ID","value":"1:29257648718:web:e57961f6d9dc39fab8111f","availability":["BUILD","RUNTIME"],"origin":"APPHOSTING_YAML","originFileName":"apphosting.yaml"},{"variable":"NEXT_PUBLIC_FIREBASE_MEASUREMENT_ID","value":"G-PNFDV2Z6DG","availability":["BUILD","RUNTIME"],"origin":"APPHOSTING_YAML","originFileName":"apphosting.yaml"},{"variable":"FIREBASE_CONFIG","value":"{\"databaseURL\":\"https://hire-hub-fe6c4-default-rtdb.firebaseio.com\",\"projectId\":\"hire-hub-fe6c4\",\"storageBucket\":\"hire-hub-fe6c4.firebasestorage.app\"}","availability":["BUILD","RUNTIME"],"origin":"FIREBASE_SYSTEM"},{"variable":"FIREBASE_WEBAPP_CONFIG","value":"{\"apiKey\":\"AIzaSyBL55dWOh2eIBDooZ0EwzXegyAMEiWMuNE\",\"appId\":\"1:29257648718:web:d1219405f2aff549b8111f\",\"authDomain\":\"hire-hub-fe6c4.firebaseapp.com\",\"databaseURL\":\"https://hire-hub-fe6c4-default-rtdb.firebaseio.com\",\"messagingSenderId\":\"29257648718\",\"projectId\":\"hire-hub-fe6c4\",\"storageBucket\":\"hire-hub-fe6c4.firebasestorage.app\"}","availability":["BUILD"],"origin":"FIREBASE_SYSTEM"}]},"source":{"archive":{"rootDirectory":"/","userStorageUri":"gs://firebaseapphosting-sources-29257648718-us-central1/hirehub--95217-l6jmUEr8JUsn-.zip"}},"buildLogsUri":"https://console.cloud.google.com/cloud-build/builds;region=us-central1/1ce58940-f415-4331-8edf-8421597a684e?project=29257648718","createTime":"2026-05-19T11:32:44.899231094Z","updateTime":"2026-05-19T11:35:57.227810Z","labels":{"deployment-tool":"cli-firebase"},"uid":"20ef608f-c5e6-4315-abde-ef9ca24cdc3c","etag":"DeGBz5bvHQyyAO4k4P0hnQaIVPg61kvN6x1d8OlL0kI","reconciling":false},{"name":"projects/hire-hub-fe6c4/locations/us-central1/backends/hirehub/builds/build-2026-05-19-003","state":"READY","image":"us-central1-docker.pkg.dev/hire-hub-fe6c4/firebaseapphosting-images/hirehub:build-2026-05-19-003","config":{"runConfig":{},"env":[{"variable":"MOBILE_SITE_URL","value":"https://hiro-service.web.app","availability":["BUILD","RUNTIME"]},{"variable":"NEXT_PUBLIC_FIREBASE_API_KEY","value":"AIzaSyBL55dWOh2eIBDooZ0EwzXegyAMEiWMuNE","availability":["BUILD","RUNTIME"]},{"variable":"NEXT_PUBLIC_FIREBASE_AUTH_DOMAIN","value":"hire-hub-fe6c4.firebaseapp.com","availability":["BUILD","RUNTIME"]},{"variable":"NEXT_PUBLIC_FIREBASE_DATABASE_URL","value":"https://hire-hub-fe6c4-default-rtdb.firebaseio.com","availability":["BUILD","RUNTIME"]},{"variable":"NEXT_PUBLIC_FIREBASE_PROJECT_ID","value":"hire-hub-fe6c4","availability":["BUILD","RUNTIME"]},{"variable":"NEXT_PUBLIC_FIREBASE_STORAGE_BUCKET","value":"hire-hub-fe6c4.firebasestorage.app","availability":["BUILD","RUNTIME"]},{"variable":"NEXT_PUBLIC_FIREBASE_MESSAGING_SENDER_ID","value":"29257648718","availability":["BUILD","RUNTIME"]},{"variable":"NEXT_PUBLIC_FIREBASE_APP_ID","value":"1:29257648718:web:e57961f6d9dc39fab8111f","availability":["BUILD","RUNTIME"]},{"variable":"NEXT_PUBLIC_FIREBASE_MEASUREMENT_ID","value":"G-PNFDV2Z6DG","availability":["BUILD","RUNTIME"]},{"variable":"FIREBASE_CONFIG","value":"{\"databaseURL\":\"https://hire-hub-fe6c4-default-rtdb.firebaseio.com\",\"projectId\":\"hire-hub-fe6c4\",\"storageBucket\":\"hire-hub-fe6c4.firebasestorage.app\"}","availability":["BUILD","RUNTIME"]},{"variable":"FIREBASE_WEBAPP_CONFIG","value":"{\"apiKey\":\"AIzaSyBL55dWOh2eIBDooZ0EwzXegyAMEiWMuNE\",\"appId\":\"1:29257648718:web:d1219405f2aff549b8111f\",\"authDomain\":\"hire-hub-fe6c4.firebaseapp.com\",\"databaseURL\":\"https://hire-hub-fe6c4-default-rtdb.firebaseio.com\",\"messagingSenderId\":\"29257648718\",\"projectId\":\"hire-hub-fe6c4\",\"storageBucket\":\"hire-hub-fe6c4.firebasestorage.app\"}","availability":["BUILD"]}],"effectiveEnv":[{"variable":"MOBILE_SITE_URL","value":"https://hiro-service.web.app","availability":["BUILD","RUNTIME"],"origin":"APPHOSTING_YAML","originFileName":"apphosting.yaml"},{"variable":"NEXT_PUBLIC_FIREBASE_API_KEY","value":"AIzaSyBL55dWOh2eIBDooZ0EwzXegyAMEiWMuNE","availability":["BUILD","RUNTIME"],"origin":"APPHOSTING_YAML","originFileName":"apphosting.yaml"},{"variable":"NEXT_PUBLIC_FIREBASE_AUTH_DOMAIN","value":"hire-hub-fe6c4.firebaseapp.com","availability":["BUILD","RUNTIME"],"origin":"APPHOSTING_YAML","originFileName":"apphosting.yaml"},{"variable":"NEXT_PUBLIC_FIREBASE_DATABASE_URL","value":"https://hire-hub-fe6c4-default-rtdb.firebaseio.com","availability":["BUILD","RUNTIME"],"origin":"APPHOSTING_YAML","originFileName":"apphosting.yaml"},{"variable":"NEXT_PUBLIC_FIREBASE_PROJECT_ID","value":"hire-hub-fe6c4","availability":["BUILD","RUNTIME"],"origin":"APPHOSTING_YAML","originFileName":"apphosting.yaml"},{"variable":"NEXT_PUBLIC_FIREBASE_STORAGE_BUCKET","value":"hire-hub-fe6c4.firebasestorage.app","availability":["BUILD","RUNTIME"],"origin":"APPHOSTING_YAML","originFileName":"apphosting.yaml"},{"variable":"NEXT_PUBLIC_FIREBASE_MESSAGING_SENDER_ID","value":"29257648718","availability":["BUILD","RUNTIME"],"origin":"APPHOSTING_YAML","originFileName":"apphosting.yaml"},{"variable":"NEXT_PUBLIC_FIREBASE_APP_ID","value":"1:29257648718:web:e57961f6d9dc39fab8111f","availability":["BUILD","RUNTIME"],"origin":"APPHOSTING_YAML","originFileName":"apphosting.yaml"},{"variable":"NEXT_PUBLIC_FIREBASE_MEASUREMENT_ID","value":"G-PNFDV2Z6DG","availability":["BUILD","RUNTIME"],"origin":"APPHOSTING_YAML","originFileName":"apphosting.yaml"},{"variable":"FIREBASE_CONFIG","value":"{\"databaseURL\":\"https://hire-hub-fe6c4-default-rtdb.firebaseio.com\",\"projectId\":\"hire-hub-fe6c4\",\"storageBucket\":\"hire-hub-fe6c4.firebasestorage.app\"}","availability":["BUILD","RUNTIME"],"origin":"FIREBASE_SYSTEM"},{"variable":"FIREBASE_WEBAPP_CONFIG","value":"{\"apiKey\":\"AIzaSyBL55dWOh2eIBDooZ0EwzXegyAMEiWMuNE\",\"appId\":\"1:29257648718:web:d1219405f2aff549b8111f\",\"authDomain\":\"hire-hub-fe6c4.firebaseapp.com\",\"databaseURL\":\"https://hire-hub-fe6c4-default-rtdb.firebaseio.com\",\"messagingSenderId\":\"29257648718\",\"projectId\":\"hire-hub-fe6c4\",\"storageBucket\":\"hire-hub-fe6c4.firebasestorage.app\"}","availability":["BUILD"],"origin":"FIREBASE_SYSTEM"}]},"source":{"archive":{"rootDirectory":"/","userStorageUri":"gs://firebaseapphosting-sources-29257648718-us-central1/hirehub--16568-qLmrzP1S1cAl-.zip"}},"buildLogsUri":"https://console.cloud.google.com/cloud-build/builds;region=us-central1/a5b14bfb-5ee4-460b-88ce-b8e284bdeef2?project=29257648718","createTime":"2026-05-19T18:11:54.481907464Z","updateTime":"2026-05-19T18:14:46.582565Z","labels":{"deployment-tool":"cli-firebase"},"uid":"33f263eb-735b-4cdc-ae9d-1e8f285ad157","etag":"uWch2CN5buy6BMDxciqpkPo6VM8JzysQaEyK_DhCM64","reconciling":false},{"name":"projects/hire-hub-fe6c4/locations/us-central1/backends/hirehub/builds/build-2026-05-19-001","state":"READY","image":"us-central1-docker.pkg.dev/hire-hub-fe6c4/firebaseapphosting-images/hirehub:build-2026-05-19-001","config":{"runConfig":{},"env":[{"variable":"MOBILE_SITE_URL","value":"https://m.hiro-services.com","availability":["BUILD","RUNTIME"]},{"variable":"NEXT_PUBLIC_FIREBASE_API_KEY","value":"AIzaSyBL55dWOh2eIBDooZ0EwzXegyAMEiWMuNE","availability":["BUILD","RUNTIME"]},{"variable":"NEXT_PUBLIC_FIREBASE_AUTH_DOMAIN","value":"hire-hub-fe6c4.firebaseapp.com","availability":["BUILD","RUNTIME"]},{"variable":"NEXT_PUBLIC_FIREBASE_DATABASE_URL","value":"https://hire-hub-fe6c4-default-rtdb.firebaseio.com","availability":["BUILD","RUNTIME"]},{"variable":"NEXT_PUBLIC_FIREBASE_PROJECT_ID","value":"hire-hub-fe6c4","availability":["BUILD","RUNTIME"]},{"variable":"NEXT_PUBLIC_FIREBASE_STORAGE_BUCKET","value":"hire-hub-fe6c4.firebasestorage.app","availability":["BUILD","RUNTIME"]},{"variable":"NEXT_PUBLIC_FIREBASE_MESSAGING_SENDER_ID","value":"29257648718","availability":["BUILD","RUNTIME"]},{"variable":"NEXT_PUBLIC_FIREBASE_APP_ID","value":"1:29257648718:web:e57961f6d9dc39fab8111f","availability":["BUILD","RUNTIME"]},{"variable":"NEXT_PUBLIC_FIREBASE_MEASUREMENT_ID","value":"G-PNFDV2Z6DG","availability":["BUILD","RUNTIME"]},{"variable":"FIREBASE_CONFIG","value":"{\"databaseURL\":\"https://hire-hub-fe6c4-default-rtdb.firebaseio.com\",\"projectId\":\"hire-hub-fe6c4\",\"storageBucket\":\"hire-hub-fe6c4.firebasestorage.app\"}","availability":["BUILD","RUNTIME"]},{"variable":"FIREBASE_WEBAPP_CONFIG","value":"{\"apiKey\":\"AIzaSyBL55dWOh2eIBDooZ0EwzXegyAMEiWMuNE\",\"appId\":\"1:29257648718:web:d1219405f2aff549b8111f\",\"authDomain\":\"hire-hub-fe6c4.firebaseapp.com\",\"databaseURL\":\"https://hire-hub-fe6c4-default-rtdb.firebaseio.com\",\"messagingSenderId\":\"29257648718\",\"projectId\":\"hire-hub-fe6c4\",\"storageBucket\":\"hire-hub-fe6c4.firebasestorage.app\"}","availability":["BUILD"]}],"effectiveEnv":[{"variable":"MOBILE_SITE_URL","value":"https://m.hiro-services.com","availability":["BUILD","RUNTIME"],"origin":"APPHOSTING_YAML","originFileName":"apphosting.yaml"},{"variable":"NEXT_PUBLIC_FIREBASE_API_KEY","value":"AIzaSyBL55dWOh2eIBDooZ0EwzXegyAMEiWMuNE","availability":["BUILD","RUNTIME"],"origin":"APPHOSTING_YAML","originFileName":"apphosting.yaml"},{"variable":"NEXT_PUBLIC_FIREBASE_AUTH_DOMAIN","value":"hire-hub-fe6c4.firebaseapp.com","availability":["BUILD","RUNTIME"],"origin":"APPHOSTING_YAML","originFileName":"apphosting.yaml"},{"variable":"NEXT_PUBLIC_FIREBASE_DATABASE_URL","value":"https://hire-hub-fe6c4-default-rtdb.firebaseio.com","availability":["BUILD","RUNTIME"],"origin":"APPHOSTING_YAML","originFileName":"apphosting.yaml"},{"variable":"NEXT_PUBLIC_FIREBASE_PROJECT_ID","value":"hire-hub-fe6c4","availability":["BUILD","RUNTIME"],"origin":"APPHOSTING_YAML","originFileName":"apphosting.yaml"},{"variable":"NEXT_PUBLIC_FIREBASE_STORAGE_BUCKET","value":"hire-hub-fe6c4.firebasestorage.app","availability":["BUILD","RUNTIME"],"origin":"APPHOSTING_YAML","originFileName":"apphosting.yaml"},{"variable":"NEXT_PUBLIC_FIREBASE_MESSAGING_SENDER_ID","value":"29257648718","availability":["BUILD","RUNTIME"],"origin":"APPHOSTING_YAML","originFileName":"apphosting.yaml"},{"variable":"NEXT_PUBLIC_FIREBASE_APP_ID","value":"1:29257648718:web:e57961f6d9dc39fab8111f","availability":["BUILD","RUNTIME"],"origin":"APPHOSTING_YAML","originFileName":"apphosting.yaml"},{"variable":"NEXT_PUBLIC_FIREBASE_MEASUREMENT_ID","value":"G-PNFDV2Z6DG","availability":["BUILD","RUNTIME"],"origin":"APPHOSTING_YAML","originFileName":"apphosting.yaml"},{"variable":"FIREBASE_CONFIG","value":"{\"databaseURL\":\"https://hire-hub-fe6c4-default-rtdb.firebaseio.com\",\"projectId\":\"hire-hub-fe6c4\",\"storageBucket\":\"hire-hub-fe6c4.firebasestorage.app\"}","availability":["BUILD","RUNTIME"],"origin":"FIREBASE_SYSTEM"},{"variable":"FIREBASE_WEBAPP_CONFIG","value":"{\"apiKey\":\"AIzaSyBL55dWOh2eIBDooZ0EwzXegyAMEiWMuNE\",\"appId\":\"1:29257648718:web:d1219405f2aff549b8111f\",\"authDomain\":\"hire-hub-fe6c4.firebaseapp.com\",\"databaseURL\":\"https://hire-hub-fe6c4-default-rtdb.firebaseio.com\",\"messagingSenderId\":\"29257648718\",\"projectId\":\"hire-hub-fe6c4\",\"storageBucket\":\"hire-hub-fe6c4.firebasestorage.app\"}","availability":["BUILD"],"origin":"FIREBASE_SYSTEM"}]},"source":{"archive":{"rootDirectory":"/","userStorageUri":"gs://firebaseapphosting-sources-29257648718-us-central1/hirehub--80664-eHmP2Rcu5DtG-.zip"}},"buildLogsUri":"https://console.cloud.google.com/cloud-build/builds;region=us-central1/76b61eea-7a7f-42af-aa2b-9006ded319cf?project=29257648718","createTime":"2026-05-19T08:05:39.676281840Z","updateTime":"2026-05-19T08:08:52.036115Z","labels":{"deployment-tool":"cli-firebase"},"uid":"aacb31a6-d410-4010-a8f7-02b5d53138aa","etag":"fqpP7BnUhGFW7CdGAi6t7tk3xRgGGax2O0rSLjW7ZCQ","reconciling":false}]}
[debug] [2026-05-20T06:16:47.831Z] Checked if tokens are valid: true, expires at: 1779261348416
[debug] [2026-05-20T06:16:47.831Z] Checked if tokens are valid: true, expires at: 1779261348416
[debug] [2026-05-20T06:16:47.831Z] >>> [apiv2][query] POST https://firebaseapphosting.googleapis.com/v1beta/projects/hire-hub-fe6c4/locations/us-central1/backends/hirehub/builds buildId=build-2026-05-20-001
[debug] [2026-05-20T06:16:47.831Z] >>> [apiv2][body] POST https://firebaseapphosting.googleapis.com/v1beta/projects/hire-hub-fe6c4/locations/us-central1/backends/hirehub/builds {"source":{"archive":{"userStorageUri":"gs://firebaseapphosting-sources-29257648718-us-central1/hirehub--59502-ht4F49o965i7-.zip","rootDirectory":"/"}},"labels":{"deployment-tool":"cli-firebase"}}
[debug] [2026-05-20T06:16:48.615Z] <<< [apiv2][status] POST https://firebaseapphosting.googleapis.com/v1beta/projects/hire-hub-fe6c4/locations/us-central1/backends/hirehub/builds 200
[debug] [2026-05-20T06:16:48.615Z] <<< [apiv2][body] POST https://firebaseapphosting.googleapis.com/v1beta/projects/hire-hub-fe6c4/locations/us-central1/backends/hirehub/builds {"name":"projects/hire-hub-fe6c4/locations/us-central1/operations/operation-1779257808613-65239bda56fc2-2e17141f-cc9428c8","metadata":{"@type":"type.googleapis.com/google.firebase.apphosting.v1beta.OperationMetadata","createTime":"2026-05-20T06:16:48.649057358Z","target":"projects/hire-hub-fe6c4/locations/us-central1/backends/hirehub/builds/build-2026-05-20-001","verb":"create","requestedCancellation":false,"apiVersion":"v1beta"},"done":false}
[debug] [2026-05-20T06:16:48.615Z] Checked if tokens are valid: true, expires at: 1779261348416
[debug] [2026-05-20T06:16:48.615Z] Checked if tokens are valid: true, expires at: 1779261348416
[debug] [2026-05-20T06:16:48.616Z] >>> [apiv2][query] POST https://firebaseapphosting.googleapis.com/v1beta/projects/hire-hub-fe6c4/locations/us-central1/backends/hirehub/rollouts rolloutId=build-2026-05-20-001&validateOnly=true
[debug] [2026-05-20T06:16:48.616Z] >>> [apiv2][body] POST https://firebaseapphosting.googleapis.com/v1beta/projects/hire-hub-fe6c4/locations/us-central1/backends/hirehub/rollouts {"build":"projects/hire-hub-fe6c4/locations/us-central1/backends/hirehub/builds/build-2026-05-20-001","labels":{"deployment-tool":"cli-firebase"}}
[debug] [2026-05-20T06:16:49.466Z] <<< [apiv2][status] POST https://firebaseapphosting.googleapis.com/v1beta/projects/hire-hub-fe6c4/locations/us-central1/backends/hirehub/rollouts 200
[debug] [2026-05-20T06:16:49.466Z] <<< [apiv2][body] POST https://firebaseapphosting.googleapis.com/v1beta/projects/hire-hub-fe6c4/locations/us-central1/backends/hirehub/rollouts {"name":"","metadata":{},"done":true}
[debug] [2026-05-20T06:16:49.466Z] Checked if tokens are valid: true, expires at: 1779261348416
[debug] [2026-05-20T06:16:49.466Z] Checked if tokens are valid: true, expires at: 1779261348416
[debug] [2026-05-20T06:16:49.467Z] >>> [apiv2][query] POST https://firebaseapphosting.googleapis.com/v1beta/projects/hire-hub-fe6c4/locations/us-central1/backends/hirehub/rollouts rolloutId=build-2026-05-20-001&validateOnly=false
[debug] [2026-05-20T06:16:49.467Z] >>> [apiv2][body] POST https://firebaseapphosting.googleapis.com/v1beta/projects/hire-hub-fe6c4/locations/us-central1/backends/hirehub/rollouts {"build":"projects/hire-hub-fe6c4/locations/us-central1/backends/hirehub/builds/build-2026-05-20-001","labels":{"deployment-tool":"cli-firebase"}}
[debug] [2026-05-20T06:16:50.388Z] <<< [apiv2][status] POST https://firebaseapphosting.googleapis.com/v1beta/projects/hire-hub-fe6c4/locations/us-central1/backends/hirehub/rollouts 200
[debug] [2026-05-20T06:16:50.388Z] <<< [apiv2][body] POST https://firebaseapphosting.googleapis.com/v1beta/projects/hire-hub-fe6c4/locations/us-central1/backends/hirehub/rollouts {"name":"projects/hire-hub-fe6c4/locations/us-central1/operations/operation-1779257810258-65239bdbe8c2d-5698de63-1a7fce33","metadata":{"@type":"type.googleapis.com/google.firebase.apphosting.v1beta.OperationMetadata","createTime":"2026-05-20T06:16:50.316827017Z","target":"projects/hire-hub-fe6c4/locations/us-central1/backends/hirehub/rollouts/build-2026-05-20-001","verb":"create","requestedCancellation":false,"apiVersion":"v1beta"},"done":false}
[debug] [2026-05-20T06:16:50.389Z] Checked if tokens are valid: true, expires at: 1779261348416
[debug] [2026-05-20T06:16:50.389Z] Checked if tokens are valid: true, expires at: 1779261348416
[debug] [2026-05-20T06:16:50.389Z] Checked if tokens are valid: true, expires at: 1779261348416
[debug] [2026-05-20T06:16:50.389Z] Checked if tokens are valid: true, expires at: 1779261348416
[debug] [2026-05-20T06:16:50.389Z] >>> [apiv2][query] GET https://firebaseapphosting.googleapis.com/v1beta/projects/hire-hub-fe6c4/locations/us-central1/operations/operation-1779257810258-65239bdbe8c2d-5698de63-1a7fce33 [none]
[debug] [2026-05-20T06:16:50.389Z] >>> [apiv2][query] GET https://firebaseapphosting.googleapis.com/v1beta/projects/hire-hub-fe6c4/locations/us-central1/operations/operation-1779257808613-65239bda56fc2-2e17141f-cc9428c8 [none]
[debug] [2026-05-20T06:16:51.108Z] <<< [apiv2][status] GET https://firebaseapphosting.googleapis.com/v1beta/projects/hire-hub-fe6c4/locations/us-central1/operations/operation-1779257810258-65239bdbe8c2d-5698de63-1a7fce33 200
[debug] [2026-05-20T06:16:51.108Z] <<< [apiv2][body] GET https://firebaseapphosting.googleapis.com/v1beta/projects/hire-hub-fe6c4/locations/us-central1/operations/operation-1779257810258-65239bdbe8c2d-5698de63-1a7fce33 {"name":"projects/hire-hub-fe6c4/locations/us-central1/operations/operation-1779257810258-65239bdbe8c2d-5698de63-1a7fce33","metadata":{"@type":"type.googleapis.com/google.firebase.apphosting.v1beta.OperationMetadata","createTime":"2026-05-20T06:16:50.316827017Z","endTime":"2026-05-20T06:16:50.385369807Z","target":"projects/hire-hub-fe6c4/locations/us-central1/backends/hirehub/rollouts/build-2026-05-20-001","verb":"create","requestedCancellation":false,"apiVersion":"v1beta"},"done":true,"response":{"@type":"type.googleapis.com/google.firebase.apphosting.v1beta.Rollout","name":"projects/hire-hub-fe6c4/locations/us-central1/backends/hirehub/rollouts/build-2026-05-20-001","createTime":"2026-05-20T06:16:50.281546957Z","updateTime":"2026-05-20T06:16:50.382282Z","state":"QUEUED","build":"projects/hire-hub-fe6c4/locations/us-central1/backends/hirehub/builds/build-2026-05-20-001","labels":{"deployment-tool":"cli-firebase"},"uid":"6af949e1-19d1-4a21-b964-3878945e13ba","etag":"yjLTjZVVD7mlTilE2RiiOLRCXqLR1uF8wBaHWXbjubs","reconciling":false}}
[debug] [2026-05-20T06:16:51.132Z] <<< [apiv2][status] GET https://firebaseapphosting.googleapis.com/v1beta/projects/hire-hub-fe6c4/locations/us-central1/operations/operation-1779257808613-65239bda56fc2-2e17141f-cc9428c8 200
[debug] [2026-05-20T06:16:51.132Z] <<< [apiv2][body] GET https://firebaseapphosting.googleapis.com/v1beta/projects/hire-hub-fe6c4/locations/us-central1/operations/operation-1779257808613-65239bda56fc2-2e17141f-cc9428c8 {"name":"projects/hire-hub-fe6c4/locations/us-central1/operations/operation-1779257808613-65239bda56fc2-2e17141f-cc9428c8","metadata":{"@type":"type.googleapis.com/google.firebase.apphosting.v1beta.OperationMetadata","createTime":"2026-05-20T06:16:48.649057358Z","target":"projects/hire-hub-fe6c4/locations/us-central1/backends/hirehub/builds/build-2026-05-20-001","verb":"create","requestedCancellation":false,"apiVersion":"v1beta"},"done":false}
[debug] [2026-05-20T06:16:51.633Z] [create-hire-hub-fe6c4-us-central1-backend-hirehub-build-build-2026-05-20-001] Retrying task index 0
[debug] [2026-05-20T06:16:51.633Z] Checked if tokens are valid: true, expires at: 1779261348416
[debug] [2026-05-20T06:16:51.633Z] Checked if tokens are valid: true, expires at: 1779261348416
[debug] [2026-05-20T06:16:51.633Z] >>> [apiv2][query] GET https://firebaseapphosting.googleapis.com/v1beta/projects/hire-hub-fe6c4/locations/us-central1/operations/operation-1779257808613-65239bda56fc2-2e17141f-cc9428c8 [none]
[debug] [2026-05-20T06:16:52.434Z] <<< [apiv2][status] GET https://firebaseapphosting.googleapis.com/v1beta/projects/hire-hub-fe6c4/locations/us-central1/operations/operation-1779257808613-65239bda56fc2-2e17141f-cc9428c8 200
[debug] [2026-05-20T06:16:52.435Z] <<< [apiv2][body] GET https://firebaseapphosting.googleapis.com/v1beta/projects/hire-hub-fe6c4/locations/us-central1/operations/operation-1779257808613-65239bda56fc2-2e17141f-cc9428c8 {"name":"projects/hire-hub-fe6c4/locations/us-central1/operations/operation-1779257808613-65239bda56fc2-2e17141f-cc9428c8","metadata":{"@type":"type.googleapis.com/google.firebase.apphosting.v1beta.OperationMetadata","createTime":"2026-05-20T06:16:48.649057358Z","target":"projects/hire-hub-fe6c4/locations/us-central1/backends/hirehub/builds/build-2026-05-20-001","verb":"create","requestedCancellation":false,"apiVersion":"v1beta"},"done":false}
[debug] [2026-05-20T06:16:53.434Z] [create-hire-hub-fe6c4-us-central1-backend-hirehub-build-build-2026-05-20-001] Retrying task index 0
[debug] [2026-05-20T06:16:53.435Z] Checked if tokens are valid: true, expires at: 1779261348416
[debug] [2026-05-20T06:16:53.435Z] Checked if tokens are valid: true, expires at: 1779261348416
[debug] [2026-05-20T06:16:53.435Z] >>> [apiv2][query] GET https://firebaseapphosting.googleapis.com/v1beta/projects/hire-hub-fe6c4/locations/us-central1/operations/operation-1779257808613-65239bda56fc2-2e17141f-cc9428c8 [none]
[debug] [2026-05-20T06:16:53.643Z] <<< [apiv2][status] GET https://firebaseapphosting.googleapis.com/v1beta/projects/hire-hub-fe6c4/locations/us-central1/operations/operation-1779257808613-65239bda56fc2-2e17141f-cc9428c8 200
[debug] [2026-05-20T06:16:53.643Z] <<< [apiv2][body] GET https://firebaseapphosting.googleapis.com/v1beta/projects/hire-hub-fe6c4/locations/us-central1/operations/operation-1779257808613-65239bda56fc2-2e17141f-cc9428c8 {"name":"projects/hire-hub-fe6c4/locations/us-central1/operations/operation-1779257808613-65239bda56fc2-2e17141f-cc9428c8","metadata":{"@type":"type.googleapis.com/google.firebase.apphosting.v1beta.OperationMetadata","createTime":"2026-05-20T06:16:48.649057358Z","target":"projects/hire-hub-fe6c4/locations/us-central1/backends/hirehub/builds/build-2026-05-20-001","verb":"create","requestedCancellation":false,"apiVersion":"v1beta"},"done":false}
[debug] [2026-05-20T06:16:55.644Z] [create-hire-hub-fe6c4-us-central1-backend-hirehub-build-build-2026-05-20-001] Retrying task index 0
[debug] [2026-05-20T06:16:55.645Z] Checked if tokens are valid: true, expires at: 1779261348416
[debug] [2026-05-20T06:16:55.645Z] Checked if tokens are valid: true, expires at: 1779261348416
[debug] [2026-05-20T06:16:55.645Z] >>> [apiv2][query] GET https://firebaseapphosting.googleapis.com/v1beta/projects/hire-hub-fe6c4/locations/us-central1/operations/operation-1779257808613-65239bda56fc2-2e17141f-cc9428c8 [none]
[debug] [2026-05-20T06:16:56.429Z] <<< [apiv2][status] GET https://firebaseapphosting.googleapis.com/v1beta/projects/hire-hub-fe6c4/locations/us-central1/operations/operation-1779257808613-65239bda56fc2-2e17141f-cc9428c8 200
[debug] [2026-05-20T06:16:56.429Z] <<< [apiv2][body] GET https://firebaseapphosting.googleapis.com/v1beta/projects/hire-hub-fe6c4/locations/us-central1/operations/operation-1779257808613-65239bda56fc2-2e17141f-cc9428c8 {"name":"projects/hire-hub-fe6c4/locations/us-central1/operations/operation-1779257808613-65239bda56fc2-2e17141f-cc9428c8","metadata":{"@type":"type.googleapis.com/google.firebase.apphosting.v1beta.OperationMetadata","createTime":"2026-05-20T06:16:48.649057358Z","target":"projects/hire-hub-fe6c4/locations/us-central1/backends/hirehub/builds/build-2026-05-20-001","verb":"create","requestedCancellation":false,"apiVersion":"v1beta"},"done":false}
[debug] [2026-05-20T06:17:00.431Z] [create-hire-hub-fe6c4-us-central1-backend-hirehub-build-build-2026-05-20-001] Retrying task index 0
[debug] [2026-05-20T06:17:00.431Z] Checked if tokens are valid: true, expires at: 1779261348416
[debug] [2026-05-20T06:17:00.431Z] Checked if tokens are valid: true, expires at: 1779261348416
[debug] [2026-05-20T06:17:00.431Z] >>> [apiv2][query] GET https://firebaseapphosting.googleapis.com/v1beta/projects/hire-hub-fe6c4/locations/us-central1/operations/operation-1779257808613-65239bda56fc2-2e17141f-cc9428c8 [none]
[debug] [2026-05-20T06:17:01.242Z] <<< [apiv2][status] GET https://firebaseapphosting.googleapis.com/v1beta/projects/hire-hub-fe6c4/locations/us-central1/operations/operation-1779257808613-65239bda56fc2-2e17141f-cc9428c8 200
[debug] [2026-05-20T06:17:01.242Z] <<< [apiv2][body] GET https://firebaseapphosting.googleapis.com/v1beta/projects/hire-hub-fe6c4/locations/us-central1/operations/operation-1779257808613-65239bda56fc2-2e17141f-cc9428c8 {"name":"projects/hire-hub-fe6c4/locations/us-central1/operations/operation-1779257808613-65239bda56fc2-2e17141f-cc9428c8","metadata":{"@type":"type.googleapis.com/google.firebase.apphosting.v1beta.OperationMetadata","createTime":"2026-05-20T06:16:48.649057358Z","target":"projects/hire-hub-fe6c4/locations/us-central1/backends/hirehub/builds/build-2026-05-20-001","verb":"create","requestedCancellation":false,"apiVersion":"v1beta"},"done":false}
[debug] [2026-05-20T06:17:09.243Z] [create-hire-hub-fe6c4-us-central1-backend-hirehub-build-build-2026-05-20-001] Retrying task index 0
[debug] [2026-05-20T06:17:09.244Z] Checked if tokens are valid: true, expires at: 1779261348416
[debug] [2026-05-20T06:17:09.244Z] Checked if tokens are valid: true, expires at: 1779261348416
[debug] [2026-05-20T06:17:09.244Z] >>> [apiv2][query] GET https://firebaseapphosting.googleapis.com/v1beta/projects/hire-hub-fe6c4/locations/us-central1/operations/operation-1779257808613-65239bda56fc2-2e17141f-cc9428c8 [none]
[debug] [2026-05-20T06:17:09.610Z] <<< [apiv2][status] GET https://firebaseapphosting.googleapis.com/v1beta/projects/hire-hub-fe6c4/locations/us-central1/operations/operation-1779257808613-65239bda56fc2-2e17141f-cc9428c8 200
[debug] [2026-05-20T06:17:09.611Z] <<< [apiv2][body] GET https://firebaseapphosting.googleapis.com/v1beta/projects/hire-hub-fe6c4/locations/us-central1/operations/operation-1779257808613-65239bda56fc2-2e17141f-cc9428c8 {"name":"projects/hire-hub-fe6c4/locations/us-central1/operations/operation-1779257808613-65239bda56fc2-2e17141f-cc9428c8","metadata":{"@type":"type.googleapis.com/google.firebase.apphosting.v1beta.OperationMetadata","createTime":"2026-05-20T06:16:48.649057358Z","target":"projects/hire-hub-fe6c4/locations/us-central1/backends/hirehub/builds/build-2026-05-20-001","verb":"create","requestedCancellation":false,"apiVersion":"v1beta"},"done":false}
[debug] [2026-05-20T06:17:19.612Z] [create-hire-hub-fe6c4-us-central1-backend-hirehub-build-build-2026-05-20-001] Retrying task index 0
[debug] [2026-05-20T06:17:19.612Z] Checked if tokens are valid: true, expires at: 1779261348416
[debug] [2026-05-20T06:17:19.612Z] Checked if tokens are valid: true, expires at: 1779261348416
[debug] [2026-05-20T06:17:19.612Z] >>> [apiv2][query] GET https://firebaseapphosting.googleapis.com/v1beta/projects/hire-hub-fe6c4/locations/us-central1/operations/operation-1779257808613-65239bda56fc2-2e17141f-cc9428c8 [none]
[debug] [2026-05-20T06:17:20.596Z] <<< [apiv2][status] GET https://firebaseapphosting.googleapis.com/v1beta/projects/hire-hub-fe6c4/locations/us-central1/operations/operation-1779257808613-65239bda56fc2-2e17141f-cc9428c8 200
[debug] [2026-05-20T06:17:20.596Z] <<< [apiv2][body] GET https://firebaseapphosting.googleapis.com/v1beta/projects/hire-hub-fe6c4/locations/us-central1/operations/operation-1779257808613-65239bda56fc2-2e17141f-cc9428c8 {"name":"projects/hire-hub-fe6c4/locations/us-central1/operations/operation-1779257808613-65239bda56fc2-2e17141f-cc9428c8","metadata":{"@type":"type.googleapis.com/google.firebase.apphosting.v1beta.OperationMetadata","createTime":"2026-05-20T06:16:48.649057358Z","target":"projects/hire-hub-fe6c4/locations/us-central1/backends/hirehub/builds/build-2026-05-20-001","verb":"create","requestedCancellation":false,"apiVersion":"v1beta"},"done":false}
[debug] [2026-05-20T06:17:30.597Z] [create-hire-hub-fe6c4-us-central1-backend-hirehub-build-build-2026-05-20-001] Retrying task index 0
[debug] [2026-05-20T06:17:30.598Z] Checked if tokens are valid: true, expires at: 1779261348416
[debug] [2026-05-20T06:17:30.598Z] Checked if tokens are valid: true, expires at: 1779261348416
[debug] [2026-05-20T06:17:30.598Z] >>> [apiv2][query] GET https://firebaseapphosting.googleapis.com/v1beta/projects/hire-hub-fe6c4/locations/us-central1/operations/operation-1779257808613-65239bda56fc2-2e17141f-cc9428c8 [none]
[debug] [2026-05-20T06:17:31.451Z] <<< [apiv2][status] GET https://firebaseapphosting.googleapis.com/v1beta/projects/hire-hub-fe6c4/locations/us-central1/operations/operation-1779257808613-65239bda56fc2-2e17141f-cc9428c8 200
[debug] [2026-05-20T06:17:31.451Z] <<< [apiv2][body] GET https://firebaseapphosting.googleapis.com/v1beta/projects/hire-hub-fe6c4/locations/us-central1/operations/operation-1779257808613-65239bda56fc2-2e17141f-cc9428c8 {"name":"projects/hire-hub-fe6c4/locations/us-central1/operations/operation-1779257808613-65239bda56fc2-2e17141f-cc9428c8","metadata":{"@type":"type.googleapis.com/google.firebase.apphosting.v1beta.OperationMetadata","createTime":"2026-05-20T06:16:48.649057358Z","target":"projects/hire-hub-fe6c4/locations/us-central1/backends/hirehub/builds/build-2026-05-20-001","verb":"create","requestedCancellation":false,"apiVersion":"v1beta"},"done":false}
[debug] [2026-05-20T06:17:41.452Z] [create-hire-hub-fe6c4-us-central1-backend-hirehub-build-build-2026-05-20-001] Retrying task index 0
[debug] [2026-05-20T06:17:41.452Z] Checked if tokens are valid: true, expires at: 1779261348416
[debug] [2026-05-20T06:17:41.452Z] Checked if tokens are valid: true, expires at: 1779261348416
[debug] [2026-05-20T06:17:41.452Z] >>> [apiv2][query] GET https://firebaseapphosting.googleapis.com/v1beta/projects/hire-hub-fe6c4/locations/us-central1/operations/operation-1779257808613-65239bda56fc2-2e17141f-cc9428c8 [none]
[debug] [2026-05-20T06:17:42.310Z] <<< [apiv2][status] GET https://firebaseapphosting.googleapis.com/v1beta/projects/hire-hub-fe6c4/locations/us-central1/operations/operation-1779257808613-65239bda56fc2-2e17141f-cc9428c8 200
[debug] [2026-05-20T06:17:42.310Z] <<< [apiv2][body] GET https://firebaseapphosting.googleapis.com/v1beta/projects/hire-hub-fe6c4/locations/us-central1/operations/operation-1779257808613-65239bda56fc2-2e17141f-cc9428c8 {"name":"projects/hire-hub-fe6c4/locations/us-central1/operations/operation-1779257808613-65239bda56fc2-2e17141f-cc9428c8","metadata":{"@type":"type.googleapis.com/google.firebase.apphosting.v1beta.OperationMetadata","createTime":"2026-05-20T06:16:48.649057358Z","target":"projects/hire-hub-fe6c4/locations/us-central1/backends/hirehub/builds/build-2026-05-20-001","verb":"create","requestedCancellation":false,"apiVersion":"v1beta"},"done":false}
[debug] [2026-05-20T06:17:52.311Z] [create-hire-hub-fe6c4-us-central1-backend-hirehub-build-build-2026-05-20-001] Retrying task index 0
[debug] [2026-05-20T06:17:52.312Z] Checked if tokens are valid: true, expires at: 1779261348416
[debug] [2026-05-20T06:17:52.312Z] Checked if tokens are valid: true, expires at: 1779261348416
[debug] [2026-05-20T06:17:52.312Z] >>> [apiv2][query] GET https://firebaseapphosting.googleapis.com/v1beta/projects/hire-hub-fe6c4/locations/us-central1/operations/operation-1779257808613-65239bda56fc2-2e17141f-cc9428c8 [none]
[debug] [2026-05-20T06:17:53.159Z] <<< [apiv2][status] GET https://firebaseapphosting.googleapis.com/v1beta/projects/hire-hub-fe6c4/locations/us-central1/operations/operation-1779257808613-65239bda56fc2-2e17141f-cc9428c8 200
[debug] [2026-05-20T06:17:53.159Z] <<< [apiv2][body] GET https://firebaseapphosting.googleapis.com/v1beta/projects/hire-hub-fe6c4/locations/us-central1/operations/operation-1779257808613-65239bda56fc2-2e17141f-cc9428c8 {"name":"projects/hire-hub-fe6c4/locations/us-central1/operations/operation-1779257808613-65239bda56fc2-2e17141f-cc9428c8","metadata":{"@type":"type.googleapis.com/google.firebase.apphosting.v1beta.OperationMetadata","createTime":"2026-05-20T06:16:48.649057358Z","target":"projects/hire-hub-fe6c4/locations/us-central1/backends/hirehub/builds/build-2026-05-20-001","verb":"create","requestedCancellation":false,"apiVersion":"v1beta"},"done":false}
[debug] [2026-05-20T06:18:03.160Z] [create-hire-hub-fe6c4-us-central1-backend-hirehub-build-build-2026-05-20-001] Retrying task index 0
[debug] [2026-05-20T06:18:03.161Z] Checked if tokens are valid: true, expires at: 1779261348416
[debug] [2026-05-20T06:18:03.161Z] Checked if tokens are valid: true, expires at: 1779261348416
[debug] [2026-05-20T06:18:03.161Z] >>> [apiv2][query] GET https://firebaseapphosting.googleapis.com/v1beta/projects/hire-hub-fe6c4/locations/us-central1/operations/operation-1779257808613-65239bda56fc2-2e17141f-cc9428c8 [none]
[debug] [2026-05-20T06:18:03.966Z] <<< [apiv2][status] GET https://firebaseapphosting.googleapis.com/v1beta/projects/hire-hub-fe6c4/locations/us-central1/operations/operation-1779257808613-65239bda56fc2-2e17141f-cc9428c8 200
[debug] [2026-05-20T06:18:03.966Z] <<< [apiv2][body] GET https://firebaseapphosting.googleapis.com/v1beta/projects/hire-hub-fe6c4/locations/us-central1/operations/operation-1779257808613-65239bda56fc2-2e17141f-cc9428c8 {"name":"projects/hire-hub-fe6c4/locations/us-central1/operations/operation-1779257808613-65239bda56fc2-2e17141f-cc9428c8","metadata":{"@type":"type.googleapis.com/google.firebase.apphosting.v1beta.OperationMetadata","createTime":"2026-05-20T06:16:48.649057358Z","target":"projects/hire-hub-fe6c4/locations/us-central1/backends/hirehub/builds/build-2026-05-20-001","verb":"create","requestedCancellation":false,"apiVersion":"v1beta"},"done":false}
[debug] [2026-05-20T06:18:13.967Z] [create-hire-hub-fe6c4-us-central1-backend-hirehub-build-build-2026-05-20-001] Retrying task index 0
[debug] [2026-05-20T06:18:13.967Z] Checked if tokens are valid: true, expires at: 1779261348416
[debug] [2026-05-20T06:18:13.967Z] Checked if tokens are valid: true, expires at: 1779261348416
[debug] [2026-05-20T06:18:13.968Z] >>> [apiv2][query] GET https://firebaseapphosting.googleapis.com/v1beta/projects/hire-hub-fe6c4/locations/us-central1/operations/operation-1779257808613-65239bda56fc2-2e17141f-cc9428c8 [none]
[debug] [2026-05-20T06:18:14.867Z] <<< [apiv2][status] GET https://firebaseapphosting.googleapis.com/v1beta/projects/hire-hub-fe6c4/locations/us-central1/operations/operation-1779257808613-65239bda56fc2-2e17141f-cc9428c8 200
[debug] [2026-05-20T06:18:14.867Z] <<< [apiv2][body] GET https://firebaseapphosting.googleapis.com/v1beta/projects/hire-hub-fe6c4/locations/us-central1/operations/operation-1779257808613-65239bda56fc2-2e17141f-cc9428c8 {"name":"projects/hire-hub-fe6c4/locations/us-central1/operations/operation-1779257808613-65239bda56fc2-2e17141f-cc9428c8","metadata":{"@type":"type.googleapis.com/google.firebase.apphosting.v1beta.OperationMetadata","createTime":"2026-05-20T06:16:48.649057358Z","target":"projects/hire-hub-fe6c4/locations/us-central1/backends/hirehub/builds/build-2026-05-20-001","verb":"create","requestedCancellation":false,"apiVersion":"v1beta"},"done":false}
[debug] [2026-05-20T06:18:24.868Z] [create-hire-hub-fe6c4-us-central1-backend-hirehub-build-build-2026-05-20-001] Retrying task index 0
[debug] [2026-05-20T06:18:24.868Z] Checked if tokens are valid: true, expires at: 1779261348416
[debug] [2026-05-20T06:18:24.868Z] Checked if tokens are valid: true, expires at: 1779261348416
[debug] [2026-05-20T06:18:24.868Z] >>> [apiv2][query] GET https://firebaseapphosting.googleapis.com/v1beta/projects/hire-hub-fe6c4/locations/us-central1/operations/operation-1779257808613-65239bda56fc2-2e17141f-cc9428c8 [none]
[debug] [2026-05-20T06:18:25.690Z] <<< [apiv2][status] GET https://firebaseapphosting.googleapis.com/v1beta/projects/hire-hub-fe6c4/locations/us-central1/operations/operation-1779257808613-65239bda56fc2-2e17141f-cc9428c8 200
[debug] [2026-05-20T06:18:25.690Z] <<< [apiv2][body] GET https://firebaseapphosting.googleapis.com/v1beta/projects/hire-hub-fe6c4/locations/us-central1/operations/operation-1779257808613-65239bda56fc2-2e17141f-cc9428c8 {"name":"projects/hire-hub-fe6c4/locations/us-central1/operations/operation-1779257808613-65239bda56fc2-2e17141f-cc9428c8","metadata":{"@type":"type.googleapis.com/google.firebase.apphosting.v1beta.OperationMetadata","createTime":"2026-05-20T06:16:48.649057358Z","target":"projects/hire-hub-fe6c4/locations/us-central1/backends/hirehub/builds/build-2026-05-20-001","verb":"create","requestedCancellation":false,"apiVersion":"v1beta"},"done":false}
[debug] [2026-05-20T06:18:35.691Z] [create-hire-hub-fe6c4-us-central1-backend-hirehub-build-build-2026-05-20-001] Retrying task index 0
[debug] [2026-05-20T06:18:35.691Z] Checked if tokens are valid: true, expires at: 1779261348416
[debug] [2026-05-20T06:18:35.691Z] Checked if tokens are valid: true, expires at: 1779261348416
[debug] [2026-05-20T06:18:35.691Z] >>> [apiv2][query] GET https://firebaseapphosting.googleapis.com/v1beta/projects/hire-hub-fe6c4/locations/us-central1/operations/operation-1779257808613-65239bda56fc2-2e17141f-cc9428c8 [none]
[debug] [2026-05-20T06:18:36.494Z] <<< [apiv2][status] GET https://firebaseapphosting.googleapis.com/v1beta/projects/hire-hub-fe6c4/locations/us-central1/operations/operation-1779257808613-65239bda56fc2-2e17141f-cc9428c8 200
[debug] [2026-05-20T06:18:36.494Z] <<< [apiv2][body] GET https://firebaseapphosting.googleapis.com/v1beta/projects/hire-hub-fe6c4/locations/us-central1/operations/operation-1779257808613-65239bda56fc2-2e17141f-cc9428c8 {"name":"projects/hire-hub-fe6c4/locations/us-central1/operations/operation-1779257808613-65239bda56fc2-2e17141f-cc9428c8","metadata":{"@type":"type.googleapis.com/google.firebase.apphosting.v1beta.OperationMetadata","createTime":"2026-05-20T06:16:48.649057358Z","target":"projects/hire-hub-fe6c4/locations/us-central1/backends/hirehub/builds/build-2026-05-20-001","verb":"create","requestedCancellation":false,"apiVersion":"v1beta"},"done":false}
[debug] [2026-05-20T06:18:46.496Z] [create-hire-hub-fe6c4-us-central1-backend-hirehub-build-build-2026-05-20-001] Retrying task index 0
[debug] [2026-05-20T06:18:46.496Z] Checked if tokens are valid: true, expires at: 1779261348416
[debug] [2026-05-20T06:18:46.496Z] Checked if tokens are valid: true, expires at: 1779261348416
[debug] [2026-05-20T06:18:46.496Z] >>> [apiv2][query] GET https://firebaseapphosting.googleapis.com/v1beta/projects/hire-hub-fe6c4/locations/us-central1/operations/operation-1779257808613-65239bda56fc2-2e17141f-cc9428c8 [none]
[debug] [2026-05-20T06:18:47.328Z] <<< [apiv2][status] GET https://firebaseapphosting.googleapis.com/v1beta/projects/hire-hub-fe6c4/locations/us-central1/operations/operation-1779257808613-65239bda56fc2-2e17141f-cc9428c8 200
[debug] [2026-05-20T06:18:47.328Z] <<< [apiv2][body] GET https://firebaseapphosting.googleapis.com/v1beta/projects/hire-hub-fe6c4/locations/us-central1/operations/operation-1779257808613-65239bda56fc2-2e17141f-cc9428c8 {"name":"projects/hire-hub-fe6c4/locations/us-central1/operations/operation-1779257808613-65239bda56fc2-2e17141f-cc9428c8","metadata":{"@type":"type.googleapis.com/google.firebase.apphosting.v1beta.OperationMetadata","createTime":"2026-05-20T06:16:48.649057358Z","target":"projects/hire-hub-fe6c4/locations/us-central1/backends/hirehub/builds/build-2026-05-20-001","verb":"create","requestedCancellation":false,"apiVersion":"v1beta"},"done":false}
[debug] [2026-05-20T06:18:57.329Z] [create-hire-hub-fe6c4-us-central1-backend-hirehub-build-build-2026-05-20-001] Retrying task index 0
[debug] [2026-05-20T06:18:57.330Z] Checked if tokens are valid: true, expires at: 1779261348416
[debug] [2026-05-20T06:18:57.330Z] Checked if tokens are valid: true, expires at: 1779261348416
[debug] [2026-05-20T06:18:57.330Z] >>> [apiv2][query] GET https://firebaseapphosting.googleapis.com/v1beta/projects/hire-hub-fe6c4/locations/us-central1/operations/operation-1779257808613-65239bda56fc2-2e17141f-cc9428c8 [none]
[debug] [2026-05-20T06:18:58.126Z] <<< [apiv2][status] GET https://firebaseapphosting.googleapis.com/v1beta/projects/hire-hub-fe6c4/locations/us-central1/operations/operation-1779257808613-65239bda56fc2-2e17141f-cc9428c8 200
[debug] [2026-05-20T06:18:58.126Z] <<< [apiv2][body] GET https://firebaseapphosting.googleapis.com/v1beta/projects/hire-hub-fe6c4/locations/us-central1/operations/operation-1779257808613-65239bda56fc2-2e17141f-cc9428c8 {"name":"projects/hire-hub-fe6c4/locations/us-central1/operations/operation-1779257808613-65239bda56fc2-2e17141f-cc9428c8","metadata":{"@type":"type.googleapis.com/google.firebase.apphosting.v1beta.OperationMetadata","createTime":"2026-05-20T06:16:48.649057358Z","target":"projects/hire-hub-fe6c4/locations/us-central1/backends/hirehub/builds/build-2026-05-20-001","verb":"create","requestedCancellation":false,"apiVersion":"v1beta"},"done":false}
[debug] [2026-05-20T06:19:08.127Z] [create-hire-hub-fe6c4-us-central1-backend-hirehub-build-build-2026-05-20-001] Retrying task index 0
[debug] [2026-05-20T06:19:08.128Z] Checked if tokens are valid: true, expires at: 1779261348416
[debug] [2026-05-20T06:19:08.128Z] Checked if tokens are valid: true, expires at: 1779261348416
[debug] [2026-05-20T06:19:08.128Z] >>> [apiv2][query] GET https://firebaseapphosting.googleapis.com/v1beta/projects/hire-hub-fe6c4/locations/us-central1/operations/operation-1779257808613-65239bda56fc2-2e17141f-cc9428c8 [none]
[debug] [2026-05-20T06:19:08.942Z] <<< [apiv2][status] GET https://firebaseapphosting.googleapis.com/v1beta/projects/hire-hub-fe6c4/locations/us-central1/operations/operation-1779257808613-65239bda56fc2-2e17141f-cc9428c8 200
[debug] [2026-05-20T06:19:08.942Z] <<< [apiv2][body] GET https://firebaseapphosting.googleapis.com/v1beta/projects/hire-hub-fe6c4/locations/us-central1/operations/operation-1779257808613-65239bda56fc2-2e17141f-cc9428c8 {"name":"projects/hire-hub-fe6c4/locations/us-central1/operations/operation-1779257808613-65239bda56fc2-2e17141f-cc9428c8","metadata":{"@type":"type.googleapis.com/google.firebase.apphosting.v1beta.OperationMetadata","createTime":"2026-05-20T06:16:48.649057358Z","target":"projects/hire-hub-fe6c4/locations/us-central1/backends/hirehub/builds/build-2026-05-20-001","verb":"create","requestedCancellation":false,"apiVersion":"v1beta"},"done":false}
